timestamp,equity,cash,realized_pl
2015-01-05T00:00:00,100258.37834467966,124806.89056676671,0.0
2015-01-06T00:00:00,100494.62475826318,125323.13696441619,0.0
2015-01-07T00:00:00,100183.46727468583,125620.19481121167,0.0
2015-01-08T00:00:00,99735.14537154272,125225.4536398137,0.0
2015-01-09T00:00:00,99932.76039567134,124666.73539158903,0.0
2015-01-12T00:00:00,100128.290189564,124915.7691235274,0.0
2015-01-13T00:00:00,100200.10077017682,125161.7650958627,0.0
2015-01-14T00:00:00,100350.13018258821,125248.93201664875,0.0
2015-01-15T00:00:00,100580.38921786081,125438.1004583147,0.0
2015-01-16T00:00:00,100249.8389604153,125724.69206322636,0.0
2015-01-20T00:00:00,100194.19208910638,125310.09789644442,0.0
2015-01-21T00:00:00,100067.8317534114,125242.82569967708,0.0
2015-01-22T00:00:00,99694.84652337793,125083.84214909715,0.0
2015-01-23T00:00:00,99831.49667963755,124618.55509419442,0.0
2015-01-26T00:00:00,99772.58116037969,124788.89687690814,0.0
2015-01-27T00:00:00,100102.37038066797,124716.5008862274,0.0
2015-01-28T00:00:00,100425.58105697687,125130.2384468418,0.0
2015-01-29T00:00:00,100193.38813955706,125531.84969359536,0.0
2015-01-30T00:00:00,100509.96096992693,125243.33943347493,0.0
2015-02-02T00:00:00,100199.37446740177,125638.03900984356,0.0
2015-02-03T00:00:00,99834.45849484253,125246.54741577065,0.0
2015-02-04T00:00:00,99930.84029502183,124794.42651866066,0.0
2015-02-05T00:00:00,99678.93351107658,124913.83714863578,0.0
2015-02-06T00:00:00,99746.69571630977,124597.51684502221,0.0
2015-02-09T00:00:00,99857.85136917468,124682.91507341467,0.0
2015-02-10T00:00:00,99592.53874720965,124822.95430186085,0.0
2015-02-11T00:00:00,99577.90799442543,124490.49284776248,0.0
2015-02-12T00:00:00,99338.38605327411,124472.27364286385,0.0
2015-02-13T00:00:00,99235.49196781499,124172.31497477704,0.0
2015-02-17T00:00:00,99196.50059358146,124044.40414332098,0.0
2015-02-18T00:00:00,99194.1786769482,123995.65698064768,0.0
2015-02-19T00:00:00,99211.884046313,123992.72900885578,0.0
2015-02-20T00:00:00,99062.96575189728,124014.7691882367,0.0
2015-02-23T00:00:00,99066.46748743394,123828.69095118532,0.0
2015-02-24T00:00:00,98996.10644501093,123833.07589262341,0.0
2015-02-25T00:00:00,99017.06885684124,123745.0629238305,0.0
2015-02-26T00:00:00,99046.25312935442,123771.28293207908,0.0
2015-02-27T00:00:00,99130.52575713479,123807.74072819871,0.0
2015-03-02T00:00:00,98973.96028920915,123913.05820786698,0.0
2015-03-03T00:00:00,99075.69068856559,123717.63536382558,0.0
2015-03-04T00:00:00,99179.48304491398,123843.9893950428,0.0
2015-03-05T00:00:00,99152.40098817613,123974.39856161283,0.0
2015-03-06T00:00:00,99501.15486179598,123940.61800500308,0.0
2015-03-09T00:00:00,99397.89395029281,124376.28624490042,0.0
2015-03-10T00:00:00,99801.83283195268,124248.19541192379,0.0
2015-03-11T00:00:00,99860.24200495725,124752.28780114614,0.0
2015-03-12T00:00:00,99542.99728849568,124825.46345400103,0.0
2015-03-13T00:00:00,99695.64975856197,124428.77895393946,0.0
2015-03-16T00:00:00,99363.17355048093,124620.08856437996,0.0
2015-03-17T00:00:00,99438.15975432713,124205.1147793149,0.0
2015-03-18T00:00:00,99138.919427412,124297.30678528159,0.0
2015-03-19T00:00:00,99252.291558353,123923.97266528835,0.0
2015-03-20T00:00:00,99033.83410826788,124065.9234950044,0.0
2015-03-23T00:00:00,99081.65270061934,123791.86601005412,0.0
2015-03-24T00:00:00,99220.70797127477,123851.93230670312,0.0
2015-03-25T00:00:00,99584.13539968172,124025.8304619301,0.0
2015-03-26T00:00:00,99640.9703283762,124477.71739869285,0.0
2015-03-27T00:00:00,99583.78047002408,124551.05216957573,0.0
2015-03-30T00:00:00,99279.50898569013,124479.18763975277,0.0
2015-03-31T00:00:00,99497.66497286395,124100.61995181577,0.0
2015-04-01T00:00:00,99585.16399376858,124371.61852639525,0.0
2015-04-02T00:00:00,99495.39099282929,124481.2468149595,0.0
2015-04-06T00:00:00,99328.31929230485,124369.65133441419,0.0
2015-04-07T00:00:00,99393.68567738224,124160.05290054955,0.0
2015-04-08T00:00:00,99309.75808314903,124242.09021351335,0.0
2015-04-09T00:00:00,99199.87691052363,124137.14053908797,0.0
2015-04-10T00:00:00,99064.13546275848,123999.44161257482,0.0
2015-04-13T00:00:00,99176.02838330022,123830.05104254992,0.0
2015-04-14T00:00:00,99128.22818814851,123969.66385767693,0.0
2015-04-15T00:00:00,99016.78130150621,123910.03687075054,0.0
2015-04-16T00:00:00,99023.89255531668,123771.03153841203,0.0
2015-04-17T00:00:00,99308.59992147164,123779.79246383724,0.0
2015-04-20T00:00:00,99083.11492080573,124137.1081319517,0.0
2015-04-21T00:00:00,99111.09474696295,123852.35700769334,0.0
2015-04-22T00:00:00,98989.35036753298,123888.88481263566,0.0
2015-04-23T00:00:00,98927.19947316108,123736.80562709023,0.0
2015-04-24T00:00:00,98869.49956761682,123658.69756099272,0.0
2015-04-27T00:00:00,98971.93571038183,123586.53516169687,0.0
2015-04-28T00:00:00,98893.06171436208,123714.70772356809,0.0
2015-04-29T00:00:00,98995.14184032744,123616.67743377769,0.0
2015-04-30T00:00:00,99242.52575068199,123743.3189691718,0.0
2015-05-01T00:00:00,98974.47842412141,124054.08312058417,0.0
2015-05-04T00:00:00,98902.6996826584,123716.77483723573,0.0
2015-05-05T00:00:00,99185.83921264281,123628.36284351996,0.0
2015-05-06T00:00:00,99288.4950126974,123982.87965550073,0.0
2015-05-07T00:00:00,99189.20510606113,124110.35244737889,0.0
2015-05-08T00:00:00,98861.3381420143,123985.12596498206,0.0
2015-05-11T00:00:00,98978.77528432569,123576.15046189495,0.0
2015-05-12T00:00:00,99051.87695036692,123722.54835669321,0.0
2015-05-13T00:00:00,99047.23476773483,123814.92214331255,0.0
2015-05-14T00:00:00,98788.98945780084,123809.00043160106,0.0
2015-05-15T00:00:00,98761.36945063106,123485.39776236279,0.0
2015-05-18T00:00:00,98684.65290741628,123451.6929096051,0.0
2015-05-19T00:00:00,98692.55471085076,123355.60854028363,0.0
2015-05-20T00:00:00,98709.91478695415,123365.68391010615,0.0
2015-05-21T00:00:00,98637.99487713116,123387.34353031873,0.0
2015-05-22T00:00:00,98696.95524632104,123297.55203855601,0.0
2015-05-26T00:00:00,98961.93219430945,123370.87942045667,0.0
2015-05-27T00:00:00,98727.45439638197,123702.77747056633,0.0
2015-05-28T00:00:00,98755.36836782494,123409.38517463721,0.0
2015-05-29T00:00:00,98908.69995359235,123444.14496028732,0.0
2015-06-01T00:00:00,98858.77208381263,123636.31067939897,0.0
2015-06-02T00:00:00,98883.37559810735,123573.53407893011,0.0
2015-06-03T00:00:00,98817.9218833575,123604.2661163927,0.0
2015-06-04T00:00:00,99026.79175685885,123522.60781716545,0.0
2015-06-05T00:00:00,99068.59188182696,123782.87195316465,0.0
2015-06-08T00:00:00,99220.78569826714,123835.62754063852,0.0
2015-06-09T00:00:00,99224.04469617199,124025.6671706585,0.0
2015-06-10T00:00:00,98926.55073616272,124030.06862080161,0.0
2015-06-11T00:00:00,98845.32375227872,123656.68923190265,0.0
2015-06-12T00:00:00,99034.80360599696,123556.97253231553,0.0
2015-06-15T00:00:00,99139.01163912157,123791.60623794865,0.0
2015-06-16T00:00:00,99003.57843791375,123923.45157666718,0.0
2015-06-17T00:00:00,98963.02188446053,123753.94424944461,0.0
2015-06-18T00:00:00,98705.4944693716,123703.53008422551,0.0
2015-06-19T00:00:00,98814.99384281022,123381.82263990666,0.0
2015-06-22T00:00:00,98688.93989864488,123519.24914725598,0.0
2015-06-23T00:00:00,98671.04554438281,123360.74950522094,0.0
2015-06-24T00:00:00,98850.20578521735,123338.80710927887,0.0
2015-06-25T00:00:00,98925.63559295457,123563.05630333463,0.0
2015-06-26T00:00:00,98930.4082326453,123657.09509906067,0.0
2015-06-29T00:00:00,99448.99170955486,123662.95158573102,0.0
2015-06-30T00:00:00,99401.76008042085,124316.05379744073,0.0
2015-07-01T00:00:00,99201.90035360702,124251.5199505403,0.0
2015-07-02T00:00:00,99223.54794838422,124001.31354714892,0.0
2015-07-06T00:00:00,99293.88162225201,124029.18407854866,0.0
2015-07-07T00:00:00,99137.75048941743,124117.32139314023,0.0
2015-07-08T00:00:00,99554.77116740713,123923.39669392252,0.0
2015-07-09T00:00:00,99515.33599711825,124449.04834195711,0.0
2015-07-10T00:00:00,99201.34279161622,124393.44631395068,0.0
2015-07-13T00:00:00,98924.17438483471,123998.23018623995,0.0
2015-07-14T00:00:00,98816.44853187764,123654.78096871471,0.0
2015-07-15T00:00:00,98824.41999955878,123520.32636924041,0.0
2015-07-16T00:00:00,98626.21799711845,123530.57060110812,0.0
2015-07-17T00:00:00,98604.95523172442,123282.40984832228,0.0
2015-07-20T00:00:00,98592.11914777172,123256.12125729483,0.0
2015-07-21T00:00:00,98689.49334905224,123240.13696825865,0.0
2015-07-22T00:00:00,98733.12504210917,123361.21242198022,0.0
2015-07-23T00:00:00,98872.04099013624,123416.36496320635,0.0
2015-07-24T00:00:00,99128.25759656659,123589.88811793966,0.0
2015-07-27T00:00:00,99270.30224136135,123908.20696251371,0.0
2015-07-28T00:00:00,98966.06113052591,124088.47417098495,0.0
2015-07-29T00:00:00,98795.021542643,123706.72658199703,0.0
2015-07-30T00:00:00,98789.45473763789,123494.07248663186,0.0
2015-07-31T00:00:00,98826.91592089657,123486.78685218038,0.0
2015-08-03T00:00:00,98910.16321559531,123533.56550938345,0.0
2015-08-04T00:00:00,98958.28465876056,123637.50243173649,0.0
2015-08-05T00:00:00,98876.97552746968,123698.07289703493,0.0
2015-08-06T00:00:00,99079.11916196314,123595.9590712268,0.0
2015-08-07T00:00:00,99126.04980686585,123848.28631457624,0.0
2015-08-10T00:00:00,98814.11201114369,123907.85154088089,0.0
2015-08-11T00:00:00,99039.39955332107,123520.01848303794,0.0
2015-08-12T00:00:00,99007.22587939173,123796.74284201906,0.0
2015-08-13T00:00:00,99038.00305923552,123759.00995435465,0.0
2015-08-14T00:00:00,98947.72773187743,123797.4035280626,0.0
2015-08-17T00:00:00,98809.73275564189,123684.87244108433,0.0
2015-08-18T00:00:00,98881.30667615976,123512.17631116093,0.0
2015-08-19T00:00:00,99076.21177345632,123601.11997630596,0.0
2015-08-20T00:00:00,99590.9422380428,123842.77764577112,0.0
2015-08-21T00:00:00,100332.35264553032,124480.61549630573,0.0
2015-08-24T00:00:00,101338.32511049646,125365.2335807218,0.0
2015-08-25T00:00:00,101675.3297739853,126711.7738878455,0.0
2015-08-26T00:00:00,100708.62718251931,127103.39099578458,0.0
2015-08-27T00:00:00,100067.96551012417,125867.8792840201,0.0
2015-08-28T00:00:00,100068.5536212566,125086.79974309198,0.0
2015-08-31T00:00:00,100270.67306039509,125085.69687758223,0.0
2015-09-01T00:00:00,101012.69235955342,125332.15351252462,0.0
2015-09-02T00:00:00,100545.80253475595,126278.30416113131,0.0
2015-09-03T00:00:00,100524.29545221805,125678.75440566636,0.0
2015-09-04T00:00:00,100904.9874068037,125655.65754219251,0.0
2015-09-08T00:00:00,100278.55688277601,126138.77528139339,0.0
2015-09-09T00:00:00,100605.01679323301,125339.4186667486,0.0
2015-09-10T00:00:00,100467.01651952568,125755.14976603775,0.0
2015-09-11T00:00:00,100353.04112825866,125583.92430934698,0.0
2015-09-14T00:00:00,100445.76338442134,125440.93407863662,0.0
2015-09-15T00:00:00,100132.06370243603,125557.38452743109,0.0
2015-09-16T00:00:00,99913.81259038646,125163.77435369063,0.0
2015-09-17T00:00:00,99969.76771225211,124892.07336323574,0.0
2015-09-18T00:00:00,100377.02197117437,124961.05135832589,0.0
2015-09-21T00:00:00,100249.14967923454,125473.08636803179,0.0
2015-09-22T00:00:00,100576.34113837377,125313.31953511457,0.0
2015-09-23T00:00:00,100616.34018250371,125720.23013044678,0.0
2015-09-24T00:00:00,100706.83906729403,125769.9743377429,0.0
2015-09-25T00:00:00,100714.22192789393,125884.40060942534,0.0
2015-09-28T00:00:00,101346.06598436598,125892.71842503831,0.0
2015-09-29T00:00:00,101331.12644747281,126682.47470902368,0.0
2015-09-30T00:00:00,100858.22177907024,126663.65776924085,0.0
2015-10-01T00:00:00,100790.13677596494,126070.49184442897,0.0
2015-10-02T00:00:00,100414.63752621644,125988.5651169783,0.0
2015-10-05T00:00:00,99963.69568254502,125514.0588766535,0.0
2015-10-06T00:00:00,100048.92004618465,124954.22354472509,0.0
2015-10-07T00:00:00,99844.49158478249,125061.58813563606,0.0
2015-10-08T00:00:00,99619.37975444744,124805.81925077933,0.0
2015-10-09T00:00:00,99603.86498535261,124523.56099637916,0.0
2015-10-12T00:00:00,99580.32427220546,124504.79469643507,0.0
2015-10-13T00:00:00,99737.3054711826,124475.48823192148,0.0
2015-10-14T00:00:00,99856.4785168904,124671.26735891,0.0
2015-10-15T00:00:00,99473.53011189008,124820.9640100422,0.0
2015-10-16T00:00:00,99358.60121175692,124340.0488651107,0.0
2015-10-19T00:00:00,99346.7020865321,124198.57559104699,0.0
2015-10-20T00:00:00,99378.4662243244,124183.39368528017,0.0
2015-10-21T00:00:00,99532.63128255912,124223.12062491084,0.0
2015-10-22T00:00:00,99113.05116937883,124416.57521015868,0.0
2015-10-23T00:00:00,98835.53886564384,123885.41756095471,0.0
2015-10-26T00:00:00,98896.09811026785,123544.25330970515,0.0
2015-10-27T00:00:00,98943.46422092442,123619.71559567362,0.0
2015-10-28T00:00:00,98662.1300191032,123679.3557690089,0.0
2015-10-29T00:00:00,98676.7769948875,123328.14168868848,0.0
2015-10-30T00:00:00,98783.08064061537,123345.96405708473,0.0
2015-11-02T00:00:00,98490.96767305715,123478.89915632294,0.0
2015-11-03T00:00:00,98419.74682908555,123113.88668500565,0.0
2015-11-04T00:00:00,98494.09735648893,123024.40092265053,0.0
2015-11-05T00:00:00,98518.56648246666,123117.51217014223,0.0
2015-11-06T00:00:00,98531.35737319311,123148.10212984495,0.0
2015-11-09T00:00:00,98761.1322118949,123164.11667867177,0.0
2015-11-10T00:00:00,98702.96153700195,123450.19483447206,0.0
2015-11-11T00:00:00,98799.76033163055,123378.48436799546,0.0
2015-11-12T00:00:00,99143.66143977329,123498.79514359575,0.0
2015-11-13T00:00:00,99420.28709755311,123927.89505192701,0.0
2015-11-16T00:00:00,99041.40594654786,124274.45625511606,0.0
2015-11-17T00:00:00,99057.9061459756,123800.18915578802,0.0
2015-11-18T00:00:00,98665.01966487679,123822.41079149148,0.0
2015-11-19T00:00:00,98685.87642575803,123330.85981255959,0.0
2015-11-20T00:00:00,98596.04250629822,123357.41982988208,0.0
2015-11-23T00:00:00,98624.1033970959,123244.84608323021,0.0
2015-11-24T00:00:00,98590.81945478667,123279.87396522998,0.0
2015-11-25T00:00:00,98594.2671313117,123238.43243529643,0.0
2015-11-27T00:00:00,98565.99887831829,123242.82961476594,0.0
2015-11-30T00:00:00,98668.2149950492,123207.41335974698,0.0
2015-12-01T00:00:00,98433.26424791396,123335.53465452518,0.0
2015-12-02T00:00:00,98684.03098360077,123041.21935188587,0.0
2015-12-03T00:00:00,99029.47015581632,123355.01460205099,0.0
2015-12-04T00:00:00,98545.97606412828,123786.1833743292,0.0
2015-12-07T00:00:00,98695.44267789625,123182.67848065901,0.0
2015-12-08T00:00:00,98859.29680940525,123367.35796409468,0.0
2015-12-09T00:00:00,99050.4944736447,123573.05059429148,0.0
2015-12-10T00:00:00,98986.31131916288,123812.8487121618,0.0
2015-12-11T00:00:00,99466.78965303178,123733.74894818329,0.0
2015-12-14T00:00:00,99340.80203576968,124333.140882129,0.0
2015-12-15T00:00:00,99078.45736603803,124174.36935736747,0.0
2015-12-16T00:00:00,98713.39452550253,123845.44240201043,0.0
2015-12-17T00:00:00,99087.96204447464,123390.24810058909,0.0
2015-12-18T00:00:00,99526.53330055188,123857.21951811177,0.0
2015-12-21T00:00:00,99324.27071335749,124411.1545891135,0.0
2015-12-22T00:00:00,99097.22093391372,124153.61801327567,0.0
2015-12-23T00:00:00,98788.36321942147,123869.4479773735,0.0
2015-12-24T00:00:00,98829.10044629607,123485.43313667383,0.0
2015-12-28T00:00:00,98885.27361057838,123536.09612996159,0.0
2015-12-29T00:00:00,98621.80059691357,123606.93176626365,0.0
2015-12-30T00:00:00,98796.50892864919,123277.21389491264,0.0
2015-12-31T00:00:00,99042.40886998433,123494.45916848401,0.0
2016-01-04T00:00:00,99382.96862616042,123797.43703677601,0.0
2016-01-05T00:00:00,99341.11746971746,124228.87181252392,0.0
2016-01-06T00:00:00,99655.10129317781,124177.10607803159,0.0
2016-01-07T00:00:00,100245.36403350139,124561.41740249618,0.0
2016-01-08T00:00:00,100523.68464849406,125309.94617966328,0.0
2016-01-11T00:00:00,100500.2419219868,125656.03925788222,0.0
2016-01-12T00:00:00,100297.20444864448,125624.9821828212,0.0
2016-01-13T00:00:00,100921.15499229013,125370.08723656193,0.0
2016-01-14T00:00:00,100508.74671848971,126153.2327224791,0.0
2016-01-15T00:00:00,101061.26815809845,125649.07859816217,0.0
2016-01-19T00:00:00,101034.35868683952,126333.30219574794,0.0
2016-01-20T00:00:00,101358.63777886757,126293.53882134777,0.0
2016-01-21T00:00:00,101217.29370322193,126698.90425998901,0.0
2016-01-22T00:00:00,100694.9584774738,126518.41097232205,0.0
2016-01-25T00:00:00,101076.56866071551,125869.76300461963,0.0
2016-01-26T00:00:00,100733.06950948678,126346.96632208534,0.0
2016-01-27T00:00:00,101007.89192915421,125917.0914594261,0.0
2016-01-28T00:00:00,100879.16980969015,126262.67620929901,0.0
2016-01-29T00:00:00,100263.33794286146,126097.9264906646,0.0
2016-02-01T00:00:00,100275.96185971786,125332.73680380374,0.0
2016-02-02T00:00:00,100727.64356926468,125344.82752751737,0.0
2016-02-03T00:00:00,100579.52523978584,125912.40651216837,0.0
2016-02-04T00:00:00,100540.3905159262,125724.70379481524,0.0
2016-02-05T00:00:00,101019.30054882698,125675.57104934561,0.0
2016-02-08T00:00:00,101351.41583914135,126266.2875705891,0.0
2016-02-09T00:00:00,101344.72847070586,126683.93801152476,0.0
2016-02-10T00:00:00,101366.56434202725,126680.89001963848,0.0
2016-02-11T00:00:00,101695.73538662193,126707.73303653042,0.0
2016-02-12T00:00:00,101175.66187382335,127123.77027215734,0.0
2016-02-16T00:00:00,100740.25555810635,126461.07372714109,0.0
2016-02-17T00:00:00,100324.15033367657,125920.60661529718,0.0
2016-02-18T00:00:00,100425.23600971953,125403.55102847582,0.0
2016-02-19T00:00:00,100436.19880054542,125530.73999384147,0.0
2016-02-22T00:00:00,100072.75309381723,125545.36780107967,0.0
2016-02-23T00:00:00,100389.8561535626,125092.07606111886,0.0
2016-02-24T00:00:00,100270.97019211981,125483.25413737117,0.0
2016-02-25T00:00:00,99966.7338633566,125338.09766437845,0.0
2016-02-26T00:00:00,100021.66128235763,124955.83991683771,0.0
2016-02-29T00:00:00,100217.67002596603,125026.97664066411,0.0
2016-03-01T00:00:00,99630.17743091518,125273.5508005079,0.0
2016-03-02T00:00:00,99518.53949831513,124537.98117581832,0.0
2016-03-03T00:00:00,99420.96629156465,124398.1113571967,0.0
2016-03-04T00:00:00,99339.77072616675,124275.88353415401,0.0
2016-03-07T00:00:00,99320.34191892731,124175.11197363868,0.0
2016-03-08T00:00:00,99591.55111098992,124150.54680662419,0.0
2016-03-09T00:00:00,99469.68638946993,124490.56357410585,0.0
2016-03-10T00:00:00,99449.05670584108,124336.42941766346,0.0
2016-03-11T00:00:00,99047.60502804193,124311.06638210388,0.0
2016-03-14T00:00:00,99080.07104994144,123810.23212875813,0.0
2016-03-15T00:00:00,99120.1648367556,123849.80478791094,0.0
2016-03-16T00:00:00,98976.5327510843,123899.9883165892,0.0
2016-03-17T00:00:00,98819.37032113665,123720.48355714267,0.0
2016-03-18T00:00:00,98721.42841848767,123523.3469321055,0.0
2016-03-21T00:00:00,98686.40566633364,123401.78686306736,0.0
2016-03-22T00:00:00,98699.79150957344,123358.13614861264,0.0
2016-03-23T00:00:00,98862.57416060251,123374.6779625921,0.0
2016-03-24T00:00:00,98872.00563232924,123576.70014001704,0.0
2016-03-28T00:00:00,98857.41837906862,123590.01909502302,0.0
2016-03-29T00:00:00,98628.81791577296,123571.78870105789,0.0
2016-03-30T00:00:00,98518.55509630736,123283.9437568035,0.0
2016-03-31T00:00:00,98578.19694031912,123148.06164872792,0.0
2016-04-01T00:00:00,98409.7837731471,123222.20913538894,0.0
2016-04-04T00:00:00,98489.21857031643,123012.00390571615,0.0
2016-04-05T00:00:00,98734.23541258165,123110.61193943846,0.0
2016-04-06T00:00:00,98464.19123983497,123417.32947268743,0.0
2016-04-07T00:00:00,98760.32313696905,123081.8221199641,0.0
2016-04-08T00:00:00,98695.69444974684,123452.35377993817,0.0
2016-04-11T00:00:00,98753.18073004343,123369.18948813167,0.0
2016-04-12T00:00:00,98523.22822880946,123441.43775800128,0.0
2016-04-13T00:00:00,98272.48763225033,123152.09080689636,0.0
2016-04-14T00:00:00,98270.73062029974,122840.03303752004,0.0
2016-04-15T00:00:00,98297.89291794307,122838.41084412283,0.0
2016-04-18T00:00:00,98125.15871554354,122872.31506342026,0.0
2016-04-19T00:00:00,98046.94649558884,122655.6055113364,0.0
2016-04-20T00:00:00,98023.41980713909,122558.5138445759,0.0
2016-04-21T00:00:00,98155.17355376986,122529.22798507914,0.0
2016-04-22T00:00:00,98154.59415927534,122693.3875477178,0.0
2016-04-25T00:00:00,98196.86578027904,122693.24297464678,0.0
2016-04-26T00:00:00,98160.41740421607,122746.11140277782,0.0
2016-04-27T00:00:00,98109.93482793984,122700.55146323588,0.0
2016-04-28T00:00:00,98332.71825389544,122637.59224338566,0.0
2016-04-29T00:00:00,98464.04025716531,122914.49882783511,0.0
2016-05-02T00:00:00,98268.60300834595,123080.27298680383,0.0
2016-05-03T00:00:00,98483.7536307897,122837.09136240199,0.0
2016-05-04T00:00:00,98619.16981912806,123102.77082214071,0.0
2016-05-05T00:00:00,98624.17763356653,123274.16228165376,0.0
2016-05-06T00:00:00,98533.92573147369,123280.18607670112,0.0
2016-05-09T00:00:00,98513.47355370656,123167.3193455591,0.0
2016-05-10T00:00:00,98207.1178294844,123141.70077025899,0.0
2016-05-11T00:00:00,98437.20034880364,122759.3100220393,0.0
2016-05-12T00:00:00,98430.71823527264,123047.1626497129,0.0
2016-05-13T00:00:00,98645.15054622556,123038.39949719935,0.0
2016-05-16T00:00:00,98401.72432727256,123306.29392135472,0.0
2016-05-17T00:00:00,98631.34054687251,123002.16625285639,0.0
2016-05-18T00:00:00,98623.10792041548,123288.16775802086,0.0
2016-05-19T00:00:00,98708.56356197209,123278.90951865439,0.0
2016-05-20T00:00:00,98552.89048010272,123385.91934688624,0.0
2016-05-23T00:00:00,98586.14129041822,123190.79970233837,0.0
2016-05-24T00:00:00,98266.8098687612,123232.80917484315,0.0
2016-05-25T00:00:00,98098.02614154034,122831.36804284398,0.0
2016-05-26T00:00:00,98090.5106735442,122622.05703935066,0.0
2016-05-27T00:00:00,97985.06228733523,122613.11683611851,0.0
2016-05-31T00:00:00,98031.27653847866,122480.9281078941,0.0
2016-06-01T00:00:00,97980.75872379831,122538.80880014038,0.0
2016-06-02T00:00:00,98082.69893619965,73512.96289189486,0.0
2016-06-03T00:00:00,97920.1673491189,122367.60863077964,0.0
2016-06-06T00:00:00,97795.62384280266,122400.22514095141,0.0
2016-06-07T00:00:00,97757.0798308331,122244.16185782675,0.0
2016-06-08T00:00:00,97677.31310202225,122196.24161490986,0.0
2016-06-09T00:00:00,97710.91053720421,122096.89510066019,0.0
2016-06-10T00:00:00,97942.0427973665,122138.25696034159,0.0
2016-06-13T00:00:00,98129.45629433877,122426.13925779668,0.0
2016-06-14T00:00:00,98176.84119221938,122660.95598403548,0.0
2016-06-15T00:00:00,98210.9624494411,122720.96097787384,0.0
2016-06-16T00:00:00,98137.62414685934,122763.63872825642,0.0
2016-06-17T00:00:00,98228.9209874314,122671.94611261222,0.0
2016-06-20T00:00:00,98071.86254937155,122787.24896248216,0.0
2016-06-21T00:00:00,98001.53864125861,122589.10178272576,0.0
2016-06-22T00:00:00,98041.27886808454,122501.70391528853,0.0
2016-06-23T00:00:00,97722.4321170229,122551.93283008988,0.0
2016-06-24T00:00:00,98612.71655380593,122166.04248696499,0.0
2016-06-27T00:00:00,99043.65879315531,123255.30462315473,0.0
2016-06-28T00:00:00,98601.39959458975,123808.90625792573,0.0
2016-06-29T00:00:00,98176.31378414913,123246.40110237776,0.0
2016-06-30T00:00:00,97839.20346616709,122718.19317152908,0.0
2016-07-01T00:00:00,97787.18893304258,122298.36970286292,0.0
2016-07-05T00:00:00,97963.23720318373,122234.1871892386,0.0
2016-07-06T00:00:00,98165.76274322542,73528.06344710963,0.0
2016-07-07T00:00:00,98150.49022254942,73624.2732858532,0.0
2016-07-08T00:00:00,98515.77360788356,73612.76766529336,0.0
2016-07-11T00:00:00,98602.91707262378,73887.11101456084,0.0
2016-07-12T00:00:00,98782.20666871988,73952.4339112059,0.0
2016-07-13T00:00:00,98778.8685419406,74086.75817744604,0.0
2016-07-14T00:00:00,98916.72417245575,74084.12951610389,0.0
2016-07-15T00:00:00,98883.69704443103,74187.702619932,0.0
2016-07-18T00:00:00,98950.08156249166,74162.71910336391,0.0
2016-07-19T00:00:00,98924.74729609548,74212.37348655643,0.0
2016-07-20T00:00:00,99027.66897535129,74193.53220079785,0.0
2016-07-21T00:00:00,98933.99848021228,74270.5892790306,0.0
2016-07-22T00:00:00,99044.78368343713,74200.34786864107,0.0
2016-07-25T00:00:00,98977.31256131514,74283.37050548567,0.0
2016-07-26T00:00:00,98988.68171264825,74232.93652748941,0.0
2016-07-27T00:00:00,98962.44017746294,74241.51578805574,0.0
2016-07-28T00:00:00,98990.98901295687,74221.82148585652,0.0
2016-07-29T00:00:00,99030.8814723932,74243.17896059623,0.0
2016-08-01T00:00:00,99010.32059383855,74273.12564760147,0.0
2016-08-02T00:00:00,98851.72958307754,74257.7379104661,0.0
2016-08-03T00:00:00,98923.82006315232,74138.65636931808,0.0
2016-08-04T00:00:00,98950.07708741623,74192.81593230485,0.0
2016-08-05T00:00:00,99152.37491758376,74212.52812920649,0.0
2016-08-08T00:00:00,99137.5261849856,74364.20469540337,0.0
2016-08-09T00:00:00,99152.28433150417,74353.12395037325,0.0
2016-08-10T00:00:00,99090.92204934458,74364.20317844398,0.0
2016-08-11T00:00:00,99205.6793897481,74317.99097388402,0.0
2016-08-12T00:00:00,99183.86389174637,74403.98760274428,0.0
2016-08-15T00:00:00,99255.3125382609,74387.8420090042,0.0
2016-08-16T00:00:00,99127.12937994223,74441.2837856614,0.0
2016-08-17T00:00:00,99173.59023139796,74345.18460890283,0.0
2016-08-18T00:00:00,99229.16182623293,74380.13516132851,0.0
2016-08-19T00:00:00,99192.71842235466,74421.70378573374,0.0
2016-08-22T00:00:00,99191.57406935465,74394.5328014803,0.0
2016-08-23T00:00:00,99241.5089318455,74393.67646043812,0.0
2016-08-24T00:00:00,99114.5212708672,74431.0462677548,0.0
2016-08-25T00:00:00,99097.50554087723,74335.94424939217,0.0
2016-08-26T00:00:00,99050.81842390809,74323.09691946827,0.0
2016-08-29T00:00:00,99172.68535239494,74288.03696241877,0.0
2016-08-30T00:00:00,99131.62933491918,74379.33416000278,0.0
2016-08-31T00:00:00,99061.15478573821,74348.73077691146,0.0
2016-09-01T00:00:00,99062.21844380241,74295.78888329017,0.0
2016-09-02T00:00:00,99173.86760418626,74296.6665385637,0.0
2016-09-06T00:00:00,99248.79325944705,74380.40073953665,0.0
2016-09-07T00:00:00,99246.3951371739,74436.46161459625,0.0
2016-09-08T00:00:00,99189.74979451702,74434.79682302765,0.0
2016-09-09T00:00:00,98596.46588030884,74392.5482547266,0.0
2016-09-12T00:00:00,98951.29918170266,73948.53469439648,0.0
2016-09-13T00:00:00,98593.44847404995,74211.23949396945,0.0
2016-09-14T00:00:00,98583.71863253016,73944.60889060263,0.0
2016-09-15T00:00:00,98829.99842112992,73937.78481987481,0.0
2016-09-16T00:00:00,98733.59858374178,74121.60173448158,0.0
2016-09-19T00:00:00,98737.85920597581,74049.83669664987,0.0
2016-09-20T00:00:00,98739.02708500045,74053.40570887306,0.0
2016-09-21T00:00:00,99016.62600296563,74054.27233346534,0.0
2016-09-22T00:00:00,99173.42484992257,74263.29156565985,0.0
2016-09-23T00:00:00,99037.1579216182,74379.64563481341,0.0
2016-09-26T00:00:00,98836.86706341416,74278.17276097443,0.0
2016-09-27T00:00:00,98990.16392372453,74127.5569114371,0.0
2016-09-28T00:00:00,99112.96161650197,74242.58802005915,0.0
2016-09-29T00:00:00,98888.53939345639,74334.48045239675,0.0
2016-09-30T00:00:00,99074.08448386272,74165.39031359309,0.0
2016-10-03T00:00:00,99014.02007360438,74305.04136561135,0.0
2016-10-04T00:00:00,98887.73217380657,74260.42120280294,0.0
2016-10-05T00:00:00,98996.6801740702,74165.33426952512,0.0
2016-10-06T00:00:00,99013.66633526793,74247.28738726237,0.0
2016-10-07T00:00:00,98928.77091920965,74260.24946670103,0.0
2016-10-10T00:00:00,99057.15820114152,74196.15018336455,0.0
2016-10-11T00:00:00,98744.02863408855,74292.49949057013,0.0
2016-10-12T00:00:00,98775.88126914566,74057.49103201216,0.0
2016-10-13T00:00:00,98694.78589008855,74081.69738633328,0.0
2016-10-14T00:00:00,98707.11450887739,74020.67327780797,0.0
2016-10-17T00:00:00,98621.4223476123,74030.32000849754,0.0
2016-10-18T00:00:00,98775.15013416266,73965.40644209365,0.0
2016-10-19T00:00:00,98841.00845355433,74081.35564419758,0.0
2016-10-20T00:00:00,98794.71436805777,74130.58758538708,0.0
2016-10-21T00:00:00,98806.20935520112,74095.9837881748,0.0
2016-10-24T00:00:00,98911.28638354858,74104.68526760438,0.0
2016-10-25T00:00:00,98828.23546687649,74183.26917696952,0.0
2016-10-26T00:00:00,98778.81703583928,74121.36180863035,0.0
2016-10-27T00:00:00,98712.76203632308,74083.91010356341,0.0
2016-10-28T00:00:00,98639.76495209405,74034.50418427397,0.0
2016-10-31T00:00:00,98640.74227329128,73979.64088040106,0.0
2016-11-01T00:00:00,98462.06474957726,73980.55696515368,0.0
2016-11-02T00:00:00,98313.94043382176,73846.5752709168,0.0
2016-11-03T00:00:00,98201.13878803555,73735.15506953857,0.0
2016-11-04T00:00:00,98173.92411861641,73650.67441572876,0.0
2016-11-07T00:00:00,98715.24621526721,73630.41267341207,0.0
2016-11-08T00:00:00,98824.90513677162,74034.94425142984,0.0
2016-11-09T00:00:00,99086.0306060547,74117.87319825061,0.0
2016-11-10T00:00:00,99148.38954414603,74315.0608116091,0.0
2016-11-11T00:00:00,99091.00761046508,74361.0438254752,0.0
2016-11-14T00:00:00,99110.28009761215,74318.07054048372,0.0
2016-11-15T00:00:00,99303.62042165807,74332.7184423033,0.0
2016-11-16T00:00:00,99256.29688616632,74477.01902647165,0.0
2016-11-17T00:00:00,99383.77871554761,74442.1415278781,0.0
2016-11-18T00:00:00,99328.07396759826,74537.72472148071,0.0
2016-11-21T00:00:00,99515.39882720391,74495.8648166636,0.0
2016-11-22T00:00:00,99564.010070976,74636.5665912103,0.0
2016-11-23T00:00:00,99577.40239640845,74672.85376518854,0.0
2016-11-25T00:00:00,99669.89773874183,74683.05493118051,0.0
2016-11-28T00:00:00,99552.6927883873,74752.20624899301,0.0
2016-11-29T00:00:00,99601.09391484802,74664.37148479039,0.0
2016-11-30T00:00:00,99541.41265084976,74700.88420928706,0.0
2016-12-01T00:00:00,99449.81396328041,74655.92072353601,0.0
2016-12-02T00:00:00,99462.12597587127,74587.22595911637,0.0
2016-12-05T00:00:00,99611.56965181,74596.62171413812,0.0
2016-12-06T00:00:00,99690.38955286035,74708.61962952086,0.0
2016-12-07T00:00:00,100016.25385929886,74767.6550772789,0.0
2016-12-08T00:00:00,100077.08027338538,75011.78793735249,0.0
2016-12-09T00:00:00,100228.19241401512,75057.79398735796,0.0
2016-12-12T00:00:00,100199.20896915304,75170.91835526485,0.0
2016-12-13T00:00:00,100366.28467724836,75149.30105840547,0.0
2016-12-14T00:00:00,100158.78492328688,75274.3318167804,0.0
2016-12-15T00:00:00,100261.45737023682,75118.66155069873,0.0
2016-12-16T00:00:00,100212.5008150629,75196.15775665833,0.0
2016-12-19T00:00:00,100266.95340146028,75159.28590490411,0.0
2016-12-20T00:00:00,100363.7046079094,75200.2658135124,0.0
2016-12-21T00:00:00,100293.7318143745,75272.62126234967,0.0
2016-12-22T00:00:00,100250.37707821176,75220.25955469544,0.0
2016-12-23T00:00:00,100287.01902577732,75187.72673823079,0.0
2016-12-27T00:00:00,100349.22039733702,75215.26061795939,0.0
2016-12-28T00:00:00,100141.87154187751,75261.90682622851,0.0
2016-12-29T00:00:00,100136.00852763646,75106.1133480914,0.0
2016-12-30T00:00:00,100044.49086715047,75101.9932630829,0.0
2017-01-03T00:00:00,100235.26307901749,75032.8004895059,0.0
2017-01-04T00:00:00,100384.3652001999,75176.47248436144,0.0
2017-01-05T00:00:00,100364.10830913206,75287.95258085092,0.0
2017-01-06T00:00:00,100453.84458979065,75273.05033056444,0.0
2017-01-09T00:00:00,100370.76055303539,75340.19325135184,0.0
2017-01-10T00:00:00,100370.66149389988,75277.97135564104,0.0
2017-01-11T00:00:00,100441.57460434032,75277.99607235352,0.0
2017-01-12T00:00:00,100378.32771179662,75330.96055963068,0.0
2017-01-13T00:00:00,100435.82487871127,75283.63293956083,0.0
2017-01-17T00:00:00,100347.15010009824,75326.66286795208,0.0
2017-01-18T00:00:00,100402.40836595022,75260.1775414938,0.0
2017-01-19T00:00:00,100309.36501161283,75301.76007426846,0.0
2017-01-20T00:00:00,100401.15498846002,75231.67440961505,0.0
2017-01-23T00:00:00,100335.73697668764,75300.76196180013,0.0
2017-01-24T00:00:00,100496.43962415353,75251.6748009888,0.0
2017-01-25T00:00:00,100714.30444211088,75372.72988619251,0.0
2017-01-26T00:00:00,100687.61497406372,75535.36158393542,0.0
2017-01-27T00:00:00,100648.06567536519,75515.67395774831,0.0
2017-01-30T00:00:00,100492.06935332548,75486.10835965065,0.0
2017-01-31T00:00:00,100489.98937040145,75369.16899287008,0.0
2017-02-01T00:00:00,100499.91956952476,75367.48951082407,0.0
2017-02-02T00:00:00,100516.46448112439,75374.92848431255,0.0
2017-02-03T00:00:00,100689.72340749657,75387.38686734451,0.0
2017-02-06T00:00:00,100644.25235917322,75516.83059971374,0.0
2017-02-07T00:00:00,100645.2338627544,75483.07241817158,0.0
2017-02-08T00:00:00,100678.21116557253,75483.92411718133,0.0
2017-02-09T00:00:00,100827.48557703786,75508.62115930764,0.0
2017-02-10T00:00:00,100926.98705615927,75620.63918984633,0.0
2017-02-13T00:00:00,101064.3850872891,75695.3112526717,0.0
2017-02-14T00:00:00,101165.0755774125,75798.04067433834,0.0
2017-02-15T00:00:00,101296.90984495041,75873.61155769075,0.0
2017-02-16T00:00:00,101275.21395871133,75972.54559976349,0.0
2017-02-17T00:00:00,101315.15828143376,75956.43922023493,0.0
2017-02-21T00:00:00,101466.00152971104,75986.3783376464,0.0
2017-02-22T00:00:00,101443.08651149369,76099.10599679594,0.0
2017-02-23T00:00:00,101460.19206978774,76082.24693590899,0.0
2017-02-24T00:00:00,101492.29901282897,76095.07129020712,0.0
2017-02-27T00:00:00,101531.91231649481,76119.17774797563,0.0
2017-02-28T00:00:00,101463.2970218387,76148.83432929813,0.0
2017-03-01T00:00:00,101817.86398455134,76096.97776700709,0.0
2017-03-02T00:00:00,101656.91490515792,76362.75071810411,0.0
2017-03-03T00:00:00,101672.7842673354,76242.55548507253,0.0
2017-03-06T00:00:00,101597.0322087681,76254.5237588564,0.0
2017-03-07T00:00:00,101521.16202879627,76197.77238064405,0.0
2017-03-08T00:00:00,101473.86808308093,76140.70408893269,0.0
2017-03-09T00:00:00,101505.96554646322,76105.32701811392,0.0
2017-03-10T00:00:00,101594.96651582274,76129.55083691668,0.0
2017-03-13T00:00:00,101607.67408637286,76196.1048519824,0.0
2017-03-14T00:00:00,101510.43845437851,76205.71553968597,0.0
2017-03-15T00:00:00,101729.71767919089,76132.51568933183,0.0
2017-03-16T00:00:00,101679.55954054197,76297.14964143021,0.0
2017-03-17T00:00:00,101634.81569408604,76259.56535311141,0.0
2017-03-20T00:00:00,101606.89024376858,76226.06144401642,0.0
2017-03-21T00:00:00,101280.65800548498,76205.0743984459,0.0
2017-03-22T00:00:00,101339.82420551406,75960.08180425418,0.0
2017-03-23T00:00:00,101312.72182404084,76004.80074573931,0.0
2017-03-24T00:00:00,101294.26305465374,75984.48056504613,0.0
2017-03-27T00:00:00,101268.36997065146,75970.79049823956,0.0
2017-03-28T00:00:00,101452.58796165342,75951.2774282272,0.0
2017-03-29T00:00:00,101475.90469910316,76089.03905678928,0.0
2017-03-30T00:00:00,101556.65187849411,76106.896323703,0.0
2017-03-31T00:00:00,101497.36207630284,76167.29778863429,0.0
2017-04-03T00:00:00,101453.15183110758,76122.9436319904,0.0
2017-04-04T00:00:00,101469.31027889039,76089.86056977148,0.0
2017-04-05T00:00:00,101393.92903190284,76102.00458876403,0.0
2017-04-06T00:00:00,101465.06468443148,76045.32300566105,0.0
2017-04-07T00:00:00,101439.05729451035,76098.65222178193,0.0
2017-04-10T00:00:00,101454.11058892583,76079.25067642807,0.0
2017-04-11T00:00:00,101423.8966030725,76090.54475906954,0.0
2017-04-12T00:00:00,101312.78971143048,76067.91927671633,0.0
2017-04-13T00:00:00,101148.29259576331,75984.60580274333,0.0
2017-04-17T00:00:00,101371.83874330744,75860.71437706803,0.0
2017-04-18T00:00:00,101295.34398243249,76028.01667588667,0.0
2017-04-19T00:00:00,101248.54249419706,75971.26559690965,0.0
2017-04-20T00:00:00,101454.39639677311,75936.24825063611,0.0
2017-04-21T00:00:00,101373.2750685675,76090.50498445367,0.0
2017-04-24T00:00:00,101651.24292535844,76029.19560709527,0.0
2017-04-25T00:00:00,101799.44063459343,76238.76781036597,0.0
2017-04-26T00:00:00,101783.25320075887,76349.39480315617,0.0
2017-04-27T00:00:00,101804.5754704307,76337.40334863128,0.0
2017-04-28T00:00:00,101749.09559822179,76353.42762755184,0.0
2017-05-01T00:00:00,101813.03152187208,76311.65407383561,0.0
2017-05-02T00:00:00,101822.58989424715,76359.73340900424,0.0
2017-05-03T00:00:00,101791.66231105555,76366.93159250972,0.0
2017-05-04T00:00:00,101821.47092568807,76343.6777899009,0.0
2017-05-05T00:00:00,101921.6939435887,76366.10979793165,0.0
2017-05-08T00:00:00,101917.3412047293,76441.17284040415,0.0
2017-05-09T00:00:00,101893.94412561326,76437.99717821635,0.0
2017-05-10T00:00:00,101939.67178121857,76420.43539118713,0.0
2017-05-11T00:00:00,101887.48612816226,76454.62790950423,0.0
2017-05-12T00:00:00,101844.90709598064,76415.60321583821,0.0
2017-05-15T00:00:00,101985.43599058606,76383.5667257925,0.0
2017-05-16T00:00:00,101962.08237086973,76489.06687553256,0.0
2017-05-17T00:00:00,101509.75438861828,76471.53545873096,0.0
2017-05-18T00:00:00,101611.59438317211,76131.93172851586,0.0
2017-05-19T00:00:00,101776.88906495814,76208.76139963976,0.0
2017-05-22T00:00:00,101906.19846081559,76332.78610067742,0.0
2017-05-23T00:00:00,101962.60049530954,76429.6763967744,0.0
2017-05-24T00:00:00,102022.05391707695,76471.93421460618,0.0
2017-05-25T00:00:00,102143.99918641741,76516.5824929875,0.0
2017-05-26T00:00:00,102138.48990811096,76607.77843688829,0.0
2017-05-30T00:00:00,102116.31199696008,76603.86755283832,0.0
2017-05-31T00:00:00,102109.91540819834,76587.18554147753,0.0
2017-06-01T00:00:00,102312.90331771565,76582.41898284391,0.0
2017-06-02T00:00:00,102397.84744735612,76734.48503420824,0.0
2017-06-05T00:00:00,102378.81816514139,76798.23702216703,0.0
2017-06-06T00:00:00,102297.016562941,76784.13007451154,0.0
2017-06-07T00:00:00,102344.14486865781,76722.57141376402,0.0
2017-06-08T00:00:00,102356.71183356197,76758.07119471254,0.0
2017-06-09T00:00:00,102317.86404480197,76767.53166964,0.0
2017-06-12T00:00:00,102312.6052643451,76738.38776362955,0.0
2017-06-13T00:00:00,102437.66363163399,76734.43800426152,0.0
2017-06-14T00:00:00,102405.17386910279,76828.2250108359,0.0
2017-06-15T00:00:00,102356.03007865197,76803.99951184339,0.0
2017-06-16T00:00:00,102361.53736677427,76766.93897049705,0.0
2017-06-19T00:00:00,102574.58654076696,76771.16317043622,0.0
2017-06-20T00:00:00,102401.13368657614,76930.43118365375,0.0
2017-06-21T00:00:00,102394.37824880582,76800.41432760608,0.0
2017-06-22T00:00:00,102382.78049636759,76795.77654126313,0.0
2017-06-23T00:00:00,102413.33520696772,76787.0698037376,0.0
2017-06-26T00:00:00,102430.21707749895,76810.03942728625,0.0
2017-06-27T00:00:00,102223.89223595447,76822.6308874247,0.0
2017-06-28T00:00:00,102451.63912411293,76666.9343527699,0.0
2017-06-29T00:00:00,102226.39686755044,76838.58961360995,0.0
2017-06-30T00:00:00,102273.13778861843,76668.89130425094,0.0
2017-07-03T00:00:00,102316.5974531442,76704.95960360432,0.0
2017-07-05T00:00:00,102375.74199214074,76737.45545353983,0.0
2017-07-06T00:00:00,102141.47405770433,76781.57920701739,0.0
2017-07-07T00:00:00,102306.32653142231,76605.358258819,0.0
2017-07-10T00:00:00,102333.6107251097,76729.55717526787,0.0
2017-07-11T00:00:00,102314.57626885183,76750.17698369952,0.0
2017-07-12T00:00:00,102506.70612294457,76735.84540378863,0.0
2017-07-13T00:00:00,102549.55310468077,76879.81770958062,0.0
2017-07-14T00:00:00,102669.07909528057,76912.11614652962,0.0
2017-07-17T00:00:00,102665.77494282575,77001.64120141248,0.0
2017-07-18T00:00:00,102679.37085931536,76999.33216703196,0.0
2017-07-19T00:00:00,102818.34454226188,77009.52773944585,0.0
2017-07-20T00:00:00,102829.75765336421,77113.72329338628,0.0
2017-07-21T00:00:00,102806.82938456062,77122.28240119341,0.0
2017-07-24T00:00:00,102800.57021406063,77105.10249583663,0.0
2017-07-25T00:00:00,102863.01815564802,77100.40432692734,0.0
2017-07-26T00:00:00,102864.04821466969,77147.25544044744,0.0
2017-07-27T00:00:00,102840.140984842,77148.03665903526,0.0
2017-07-28T00:00:00,102809.99961726792,77130.11872209597,0.0
2017-07-31T00:00:00,102795.34558348982,77107.42348466843,0.0
2017-08-01T00:00:00,102852.58522952108,77096.4622150421,0.0
2017-08-02T00:00:00,102865.01273511816,77139.40020301875,0.0
2017-08-03T00:00:00,102815.11251855569,77148.74057680575,0.0
2017-08-04T00:00:00,102861.80250130856,77111.19312188018,0.0
2017-08-07T00:00:00,102909.58102496986,77146.31030489493,0.0
2017-08-08T00:00:00,102846.15467935707,77182.07971889603,0.0
2017-08-09T00:00:00,102845.19812611392,77134.6963771344,0.0
2017-08-10T00:00:00,102482.27373307175,77133.90049961604,0.0
2017-08-11T00:00:00,102519.40643888638,76861.00221182242,0.0
2017-08-14T00:00:00,102773.61076657362,76889.68354339238,0.0
2017-08-15T00:00:00,102770.53543375728,77080.25948887493,0.0
2017-08-16T00:00:00,102815.3439292839,77077.89228748663,0.0
2017-08-17T00:00:00,102414.45360353333,77111.3622117304,0.0
2017-08-18T00:00:00,102374.21447841228,76810.62028595954,0.0
2017-08-21T00:00:00,102394.20467593241,76780.62444706853,0.0
2017-08-22T00:00:00,102661.91093838488,76795.67231077373,0.0
2017-08-23T00:00:00,102568.68242401813,76995.22317238357,0.0
2017-08-24T00:00:00,102508.68717256987,76926.28447974223,0.0
2017-08-25T00:00:00,102568.32504794907,76881.28074802556,0.0
2017-08-28T00:00:00,102569.41486274774,76926.28806418026,0.0
2017-08-29T00:00:00,102598.75998038737,76927.05522073213,0.0
2017-08-30T00:00:00,102720.25458267798,76949.03509232395,0.0
2017-08-31T00:00:00,102874.8707212544,77040.3161763524,0.0
2017-09-01T00:00:00,102911.26168700268,77156.17920081498,0.0
2017-09-05T00:00:00,102726.38372713685,77183.34154173205,0.0
2017-09-06T00:00:00,102714.74060691359,128484.00315494023,0.0
2017-09-07T00:00:00,102717.59038934867,128393.16059041738,0.0
2017-09-08T00:00:00,102747.74728647825,128396.97713053759,0.0
2017-09-11T00:00:00,102473.93606529284,128434.85028821618,0.0
2017-09-12T00:00:00,102386.4935208738,128091.32333431297,0.0
2017-09-13T00:00:00,102374.18294320116,127983.09666243738,0.0
2017-09-14T00:00:00,102382.36707926053,127967.72834145775,0.0
2017-09-15T00:00:00,102347.89598525029,127977.93670088942,0.0
2017-09-18T00:00:00,102293.33120549619,127934.732436352,0.0
2017-09-19T00:00:00,102267.55818797639,127866.48501341295,0.0
2017-09-20T00:00:00,102258.28863464465,127834.38668430306,0.0
2017-09-21T00:00:00,102326.77485809366,127822.8517795573,0.0
2017-09-22T00:00:00,102321.39911229722,127908.22293342922,0.0
2017-09-25T00:00:00,102373.69544627133,127901.74670270568,0.0
2017-09-26T00:00:00,102358.30852001044,127967.14927590206,0.0
2017-09-27T00:00:00,102258.56072095549,127947.7947176719,0.0
2017-09-28T00:00:00,102227.86231913674,127823.17254460983,0.0
2017-09-29T00:00:00,102137.9685843664,127784.77171117437,0.0
2017-10-02T00:00:00,102026.89574654718,127672.17484527345,0.0
2017-10-03T00:00:00,101972.10000464451,127533.41046481524,0.0
2017-10-04T00:00:00,101941.80409889024,127465.06809293896,0.0
2017-10-05T00:00:00,101790.68438178048,127427.14136157626,0.0
2017-10-06T00:00:00,101819.7544822392,127238.44874272065,0.0
2017-10-09T00:00:00,101861.76603053631,127274.67554242794,0.0
2017-10-10T00:00:00,101794.63667100754,127327.2626687802,0.0
2017-10-11T00:00:00,101754.56451466757,127243.20554839789,0.0
2017-10-12T00:00:00,101792.46468699956,127193.20101890972,0.0
2017-10-13T00:00:00,101761.5025091506,127240.60239616332,0.0
2017-10-16T00:00:00,101727.48552912503,127201.78029315447,0.0
2017-10-17T00:00:00,101709.4971107161,127159.30300821329,0.0
2017-10-18T00:00:00,101684.54172640906,127136.7998309743,0.0
2017-10-19T00:00:00,101677.65022506547,127105.73880410047,0.0
2017-10-20T00:00:00,101546.42399382505,127097.01882944125,0.0
2017-10-23T00:00:00,101644.68682920364,126932.54584151681,0.0
2017-10-24T00:00:00,101600.0799016277,127055.90797388802,0.0
2017-10-25T00:00:00,101725.81434023514,127000.09859224713,0.0
2017-10-26T00:00:00,101693.13184389552,127157.46079412312,0.0
2017-10-27T00:00:00,101485.06580908672,127116.21631173135,0.0
2017-10-30T00:00:00,101580.43549561889,126857.19117620327,0.0
2017-10-31T00:00:00,101540.89488683856,126975.56362474538,0.0
2017-11-01T00:00:00,101507.0826749068,126925.87274482627,0.0
2017-11-02T00:00:00,101497.17120052295,126883.80314246893,0.0
2017-11-03T00:00:00,101460.22901399045,76001.22149579696,0.0
2017-11-06T00:00:00,101499.2825493372,76094.97556545133,0.0
2017-11-07T00:00:00,101481.60876110493,76124.43119446783,0.0
2017-11-08T00:00:00,101524.75234146015,76111.19693319964,0.0
2017-11-09T00:00:00,101432.45726756068,76143.34342758956,0.0
2017-11-10T00:00:00,101424.61440077667,76074.35673515381,0.0
2017-11-13T00:00:00,101448.2005334278,76068.46979030674,0.0
2017-11-14T00:00:00,101389.20587186582,76086.06094582606,0.0
2017-11-15T00:00:00,101262.45761750275,76042.02839732928,0.0
2017-11-16T00:00:00,101477.11906078989,75946.29821133016,0.0
2017-11-17T00:00:00,101402.07853557858,76107.34587304348,0.0
2017-11-20T00:00:00,101445.19039171864,76051.41420539682,0.0
2017-11-21T00:00:00,101611.18088567205,76083.95440294368,0.0
2017-11-22T00:00:00,101588.52965306203,76208.2026467231,0.0
2017-11-24T00:00:00,101647.12666607143,76191.33569012335,0.0
2017-11-27T00:00:00,101634.38556186382,76235.28717913327,0.0
2017-11-28T00:00:00,101892.11499993401,76225.75552715165,0.0
2017-11-29T00:00:00,101876.4289175698,76418.90414331232,0.0
2017-11-30T00:00:00,102099.34525474563,76407.25791963119,0.0
2017-12-01T00:00:00,102045.95815041453,76574.09881906971,0.0
2017-12-04T00:00:00,102014.76284663324,76534.13131323762,0.0
2017-12-05T00:00:00,101923.07459376789,76511.12052968657,0.0
2017-12-06T00:00:00,101927.78239102018,76442.17348583673,0.0
2017-12-07T00:00:00,102008.14162281889,76445.84282731058,0.0
2017-12-08T00:00:00,102147.35906348888,76506.2638270149,0.0
2017-12-11T00:00:00,102224.46357913232,76610.67578327958,0.0
2017-12-12T00:00:00,102269.66999916517,76668.45544909079,0.0
2017-12-13T00:00:00,102266.78509814522,76702.23708519118,0.0
2017-12-14T00:00:00,102162.30304574371,76700.0828571045,0.0
2017-12-15T00:00:00,102374.53050839927,76621.27049796125,0.0
2017-12-18T00:00:00,102537.54601408532,76781.60797226464,0.0
2017-12-19T00:00:00,102439.03656106704,76903.10292101584,0.0
2017-12-20T00:00:00,102425.19722720468,76828.86183875502,0.0
2017-12-21T00:00:00,102477.89513439164,76818.856420574,0.0
2017-12-22T00:00:00,102471.14935157658,76858.3648051501,0.0
2017-12-26T00:00:00,102440.49581327924,76853.36311961806,0.0
2017-12-27T00:00:00,102452.90997754713,76830.32091891502,0.0
2017-12-28T00:00:00,102505.61062508335,76839.68835167609,0.0
2017-12-29T00:00:00,102409.02520820813,76879.24574245878,0.0
2018-01-02T00:00:00,102591.89353144355,76806.39318124228,0.0
2018-01-03T00:00:00,102754.00586648472,76943.80974437628,0.0
2018-01-04T00:00:00,102862.42988174087,77065.64888726154,0.0
2018-01-05T00:00:00,103033.94648565898,77146.96870132867,0.0
2018-01-08T00:00:00,103080.79706177782,77275.21441194572,0.0
2018-01-09T00:00:00,103139.14329762399,77310.6064883941,0.0
2018-01-10T00:00:00,103099.48583771691,77354.15477711313,0.0
2018-01-11T00:00:00,103287.43018750474,77324.5019541601,0.0
2018-01-12T00:00:00,103455.70527390906,77465.51286830174,0.0
2018-01-16T00:00:00,103367.74623024304,77592.2371858941,0.0
2018-01-17T00:00:00,103613.7164194817,77525.45500150224,0.0
2018-01-18T00:00:00,103569.808246173,77709.92240273175,0.0
2018-01-19T00:00:00,103687.48489365654,77677.23008787251,0.0
2018-01-22T00:00:00,103898.04825504747,77765.40498095393,0.0
2018-01-23T00:00:00,103952.96591526562,77923.32549568314,0.0
2018-01-24T00:00:00,103942.9212930388,77964.76867526027,0.0
2018-01-25T00:00:00,103953.89087097856,77957.15332628555,0.0
2018-01-26T00:00:00,104254.79718521345,77965.43341374243,0.0
2018-01-29T00:00:00,104081.1440072155,78190.24606189081,0.0
2018-01-30T00:00:00,103814.99759340083,78061.60977237567,0.0
2018-01-31T00:00:00,103826.90396339053,77860.25494235929,0.0
2018-02-01T00:00:00,103797.4058644863,77870.1338998982,0.0
2018-02-02T00:00:00,103232.5645128187,77848.13901827473,0.0
2018-02-05T00:00:00,102155.64566870485,77426.86364194173,0.0
2018-02-06T00:00:00,102669.86634242277,76627.77135184716,0.0
2018-02-07T00:00:00,102529.16910822813,77000.95791779654,0.0
2018-02-08T00:00:00,101567.44390993041,76896.58771526185,0.0
2018-02-09T00:00:00,101938.89031563903,76165.60633997124,0.0
2018-02-12T00:00:00,102315.25132880516,76456.29955499263,0.0
2018-02-13T00:00:00,102377.0077729066,76734.57160032731,0.0
2018-02-14T00:00:00,102722.05438168831,76782.37770337079,0.0
2018-02-15T00:00:00,103051.26227581988,77043.05053729698,0.0
2018-02-16T00:00:00,103057.79845198436,77287.43940274662,0.0
2018-02-20T00:00:00,102896.44389711105,77293.31663266163,0.0
2018-02-21T00:00:00,102768.08158891104,77171.927525356,0.0
2018-02-22T00:00:00,102800.86224921257,77075.54359008846,0.0
2018-02-23T00:00:00,103210.5985502676,77100.73781775156,0.0
2018-02-26T00:00:00,103511.12743432958,77408.84758206925,0.0
2018-02-27T00:00:00,103187.83536775151,77633.17644562267,0.0
2018-02-28T00:00:00,102925.02858294817,77389.40587555007,0.0
2018-03-01T00:00:00,102550.76466382793,77193.64958696996,0.0
2018-03-02T00:00:00,102684.49488795582,76914.64463202195,0.0
2018-03-05T00:00:00,102980.5566327394,77012.72799212314,0.0
2018-03-06T00:00:00,103046.39848802266,77235.98844743754,0.0
2018-03-07T00:00:00,103036.44346506719,77284.28609353001,0.0
2018-03-08T00:00:00,103161.06676735292,77277.30249972371,0.0
2018-03-09T00:00:00,103610.2636752988,77371.20417470176,0.0
2018-03-12T00:00:00,103577.65796518681,77707.58697092079,0.0
2018-03-13T00:00:00,103410.1542079675,77683.09134075299,0.0
2018-03-14T00:00:00,103276.80982511066,77556.93154913964,0.0
2018-03-15T00:00:00,103248.311742233,77457.24819742517,0.0
2018-03-16T00:00:00,103276.22248982984,77436.15635356732,0.0
2018-03-19T00:00:00,102926.79376498719,77457.07026338667,0.0
2018-03-20T00:00:00,102969.71973260536,77194.26315902614,0.0
2018-03-21T00:00:00,102920.25702376793,77227.23404756386,0.0
2018-03-22T00:00:00,102277.36662973385,77190.48275054213,0.0
2018-03-23T00:00:00,101730.71860681711,76706.37834439041,0.0
2018-03-26T00:00:00,102419.44797757329,76290.95531204446,0.0
2018-03-27T00:00:00,101985.16146782428,76815.88363161057,0.0
2018-03-28T00:00:00,101909.14974978709,76488.18833763454,0.0
2018-03-29T00:00:00,102234.32621914161,76431.49748425795,0.0
2018-04-02T00:00:00,101681.72593153657,76674.81982963394,0.0
2018-04-03T00:00:00,102004.65825653796,76258.41707531248,0.0
2018-04-04T00:00:00,102273.3598993712,76499.35140747199,0.0
2018-04-05T00:00:00,102374.45499667517,128144.58344772263,0.0
2018-04-06T00:00:00,102946.05077951479,127969.2800223158,0.0
2018-04-09T00:00:00,102822.6559286409,128686.00666788532,0.0
2018-04-10T00:00:00,102411.70913020667,128526.1036034212,0.0
2018-04-11T00:00:00,102548.38617979283,128017.10763607665,0.0
2018-04-12T00:00:00,102338.17366771915,128186.18491817979,0.0
2018-04-13T00:00:00,102411.35622554828,127920.85085235252,0.0
2018-04-16T00:00:00,102201.35785007183,128014.70504976803,0.0
2018-04-17T00:00:00,101925.6479543094,127749.3296148725,0.0
2018-04-18T00:00:00,101905.63011296673,127405.90825818796,0.0
2018-04-19T00:00:00,102046.99174746698,127382.06719298082,0.0
2018-04-20T00:00:00,102262.99374619855,127558.42074608359,0.0
2018-04-23T00:00:00,102267.07773962256,127828.99193486557,0.0
2018-04-24T00:00:00,102611.4113664455,127833.86098055962,0.0
2018-04-25T00:00:00,102547.24287862655,128263.49838988771,0.0
2018-04-26T00:00:00,102286.15582849599,128183.58387047997,0.0
2018-04-27T00:00:00,102260.81020508896,127856.35635144812,0.0
2018-04-30T00:00:00,102457.29746607936,127825.8873245108,0.0
2018-05-01T00:00:00,102410.81704133863,128070.65688754652,0.0
2018-05-02T00:00:00,102582.76158234214,128013.48279757584,0.0
2018-05-03T00:00:00,102638.19173386545,128227.36070660234,0.0
2018-05-04T00:00:00,102305.58577953019,128297.33935187687,0.0
2018-05-07T00:00:00,102217.0720256997,127879.99274185904,0.0
2018-05-08T00:00:00,102217.07945215289,127771.34745857782,0.0
2018-05-09T00:00:00,101970.07003790134,127771.34931768496,0.0
2018-05-10T00:00:00,101730.27043256239,127461.15662604276,0.0
2018-05-11T00:00:00,101652.06198074388,127162.23296722116,0.0
2018-05-14T00:00:00,101639.63645989676,127064.75631311942,0.0
2018-05-15T00:00:00,101814.68981824067,127049.60028552967,0.0
2018-05-16T00:00:00,101707.35778297903,127268.0639888506,0.0
2018-05-17T00:00:00,101728.77314126669,127134.1429618417,0.0
2018-05-18T00:00:00,101792.28092612397,127160.88767853886,0.0
2018-05-21T00:00:00,101601.31636229437,127240.72272333622,0.0
2018-05-22T00:00:00,101671.06282405669,127000.76731991612,0.0
2018-05-23T00:00:00,101600.52677944588,127088.23137940223,0.0
2018-05-24T00:00:00,101652.57951694097,127000.67087670109,0.0
2018-05-25T00:00:00,101712.87761109439,127065.47164420928,0.0
2018-05-29T00:00:00,102004.70252224195,127140.47254841695,0.0
2018-05-30T00:00:00,101665.855623234,127507.33187027914,0.0
2018-05-31T00:00:00,101821.62397576595,127082.39351034415,0.0
2018-06-01T00:00:00,101572.46960359762,127277.7903344747,0.0
2018-06-04T00:00:00,101450.28334275709,126964.05156107602,0.0
2018-06-05T00:00:00,101431.52079988882,126812.54330134299,0.0
2018-06-06T00:00:00,101219.41924830228,126789.30806337293,0.0
2018-06-07T00:00:00,101221.22682989106,126523.34680544797,0.0
2018-06-08T00:00:00,101146.40628826711,126526.52278731442,0.0
2018-06-11T00:00:00,101112.54229113313,126432.7826847237,0.0
2018-06-12T00:00:00,101079.75312737587,126390.54337061744,0.0
2018-06-13T00:00:00,101160.28093496748,126349.5903144577,0.0
2018-06-14T00:00:00,101096.80300256744,126450.55389976299,0.0
2018-06-15T00:00:00,101129.19348050236,126371.13774180693,0.0
2018-06-18T00:00:00,101180.88467677627,126411.19269173474,0.0
2018-06-19T00:00:00,101277.13940173163,126475.40811355333,0.0
2018-06-20T00:00:00,101234.10060372407,126596.57944446745,0.0
2018-06-21T00:00:00,101392.67499580582,126542.54648525511,0.0
2018-06-22T00:00:00,101347.19049019013,126741.56939061747,0.0
2018-06-25T00:00:00,101692.27923448329,126684.17428170057,0.0
2018-06-26T00:00:00,101636.35611442188,127115.71236013678,0.0
2018-06-27T00:00:00,101846.57089683216,127045.16828960256,0.0
2018-06-28T00:00:00,101700.53542190783,127307.75742269334,0.0
2018-06-29T00:00:00,101662.83388662354,127124.56635581095,0.0
2018-07-02T00:00:00,101608.72762651247,127078.77383454404,0.0
2018-07-03T00:00:00,101698.07192610948,127010.55481745981,0.0
2018-07-05T00:00:00,101491.01576169791,127122.94543037047,0.0
2018-07-06T00:00:00,101275.98142505596,126863.34928578154,0.0
2018-07-09T00:00:00,101046.49873777208,126593.46832531464,0.0
2018-07-10T00:00:00,100954.6416139964,126307.16738113179,0.0
2018-07-11T00:00:00,101139.78725036683,126193.8458376733,0.0
2018-07-12T00:00:00,100911.3910315126,126425.56752578492,0.0
2018-07-13T00:00:00,100891.29369694025,126139.01089956966,0.0
2018-07-16T00:00:00,100913.80500776635,126114.07522446863,0.0
2018-07-17T00:00:00,100811.6253733571,126142.12622914407,0.0
2018-07-18T00:00:00,100758.38116971008,126014.29821999212,0.0
2018-07-19T00:00:00,100853.44803414473,125948.05377133093,0.0
2018-07-20T00:00:00,100881.97999613002,126066.53352783114,0.0
2018-07-23T00:00:00,100835.01387374703,126102.39138904844,0.0
2018-07-24T00:00:00,100707.74330192772,126043.34588755375,0.0
2018-07-25T00:00:00,100493.09005401509,125884.59752621935,0.0
2018-07-26T00:00:00,100552.72591107267,125616.72289100359,0.0
2018-07-27T00:00:00,100723.04382426551,125690.89235024393,0.0
2018-07-30T00:00:00,100854.32369078511,125903.55083442775,0.0
2018-07-31T00:00:00,100730.2963463591,126068.16045659666,0.0
2018-08-01T00:00:00,100772.00672571862,125912.50877642224,0.0
2018-08-02T00:00:00,100634.40800010452,125964.65499466634,0.0
2018-08-03T00:00:00,100526.26764066322,125792.66551679884,0.0
2018-08-06T00:00:00,100433.88078673715,125657.61196107473,0.0
2018-08-07T00:00:00,100350.47881294451,125541.87288179422,0.0
2018-08-08T00:00:00,100360.93936506553,125438.0111392684,0.0
2018-08-09T00:00:00,100395.19746008911,125451.15764629943,0.0
2018-08-10T00:00:00,100563.04693548848,125493.68926752037,0.0
2018-08-13T00:00:00,100657.08239780518,125703.7205849607,0.0
2018-08-14T00:00:00,100496.67642568139,125821.51693564902,0.0
2018-08-15T00:00:00,100685.06043770186,125621.61823709165,0.0
2018-08-16T00:00:00,100482.38021789203,125857.31793998122,0.0
2018-08-17T00:00:00,100393.77294156425,125602.79679519784,0.0
2018-08-20T00:00:00,100339.690459057,125491.85118759448,0.0
2018-08-21T00:00:00,100280.62790511837,125424.37507249304,0.0
2018-08-22T00:00:00,100295.5127393785,125350.79235937503,0.0
2018-08-23T00:00:00,100328.76491524694,125369.34998258301,0.0
2018-08-24T00:00:00,100177.85389033565,125410.98797766026,0.0
2018-08-27T00:00:00,99978.94111335647,125221.14493280654,0.0
2018-08-28T00:00:00,99966.04416834345,124972.85717535428,0.0
2018-08-29T00:00:00,99831.5442090614,124957.51952764725,0.0
2018-08-30T00:00:00,99932.63286157144,124789.48812886707,0.0
2018-08-31T00:00:00,99931.38080459274,124915.40061381334,0.0
2018-09-04T00:00:00,99974.4143545395,124914.22614754159,0.0
2018-09-05T00:00:00,100041.53138642338,124967.86279449078,0.0
2018-09-06T00:00:00,100116.71176003745,125051.8224126313,0.0
2018-09-07T00:00:00,100164.82584171518,125145.36325852988,0.0
2018-09-10T00:00:00,100121.44016932421,125206.18103574365,0.0
2018-09-11T00:00:00,100038.96529597693,125151.85632832629,0.0
2018-09-12T00:00:00,100032.74542349504,125048.54746551819,0.0
2018-09-13T00:00:00,99884.7952441808,125040.88868269917,0.0
2018-09-14T00:00:00,99880.08019796808,124855.5682379075,0.0
2018-09-17T00:00:00,100012.25957284692,124850.0931617562,0.0
2018-09-18T00:00:00,99876.47965173137,125015.21171231817,0.0
2018-09-19T00:00:00,99849.59123710009,124845.30837439242,0.0
2018-09-20T00:00:00,99647.08220209212,124811.77619319072,0.0
2018-09-21T00:00:00,99668.74057358441,124557.74828327014,0.0
2018-09-24T00:00:00,99751.40447895811,124585.8207107862,0.0
2018-09-25T00:00:00,99774.56746819195,124689.28060621844,0.0
2018-09-26T00:00:00,99849.17920634005,124718.18171530688,0.0
2018-09-27T00:00:00,99779.4507290373,124811.50371041175,0.0
2018-09-28T00:00:00,99776.96682140874,124724.39231657874,0.0
2018-10-01T00:00:00,99690.27913118852,124721.18850063645,0.0
2018-10-02T00:00:00,99704.70004616532,124612.74874763846,0.0
2018-10-03T00:00:00,99691.06353880989,124630.92106057711,0.0
2018-10-04T00:00:00,99505.4258923939,74777.45768972661,0.0
2018-10-05T00:00:00,99365.84668150185,74628.71707237406,0.0
2018-10-08T00:00:00,99365.96893454675,74524.50726417129,0.0
2018-10-09T00:00:00,99329.71992439583,74524.47670078768,0.0
2018-10-10T00:00:00,98543.45295067709,74497.30307105824,0.0
2018-10-11T00:00:00,98002.508231232,73909.28470708894,0.0
2018-10-12T00:00:00,98335.26530344643,73494.36889229351,0.0
2018-10-15T00:00:00,98196.41507518597,73750.68861256992,0.0
2018-10-16T00:00:00,98732.22140324906,73646.32548476706,0.0
2018-10-17T00:00:00,98736.0742333186,74048.61421844804,0.0
2018-10-18T00:00:00,98379.58349779926,74052.0376422252,0.0
2018-10-19T00:00:00,98365.13342580952,73783.57667490099,0.0
2018-10-22T00:00:00,98254.7078581219,73773.80901545275,0.0
2018-10-23T00:00:00,98130.76051071116,73692.13017240577,0.0
2018-10-24T00:00:00,97387.40677989867,73598.0251805954,0.0
2018-10-25T00:00:00,97819.03048272744,73035.37631048248,0.0
2018-10-26T00:00:00,97383.3783192006,73358.7178921039,0.0
2018-10-29T00:00:00,97243.79927400601,73032.842050286,0.0
2018-10-30T00:00:00,97603.97413803561,72932.7710186787,0.0
2018-10-31T00:00:00,97867.0919722236,73205.47477202794,0.0
2018-11-01T00:00:00,98127.87147460741,73400.72260046036,0.0
2018-11-02T00:00:00,97983.15704534175,73596.492906378,0.0
2018-11-05T00:00:00,98117.90750739025,73486.98243520784,0.0
2018-11-06T00:00:00,98272.95487434971,73588.25199383764,0.0
2018-11-07T00:00:00,98799.78564036622,73705.57209815813,0.0
2018-11-08T00:00:00,98753.09721777003,74097.98243193842,0.0
2018-11-09T00:00:00,98512.06945626606,74064.94708914032,0.0
2018-11-12T00:00:00,98051.99094103398,73884.15109965089,0.0
2018-11-13T00:00:00,98004.93249178685,73537.81240238866,0.0
2018-11-14T00:00:00,97837.11319915293,73503.3843677212,0.0
2018-11-15T00:00:00,98092.86043211048,73378.30654416833,0.0
2018-11-16T00:00:00,98155.48858479834,73568.49607666397,0.0
2018-11-19T00:00:00,97740.23785733775,73616.42470519178,0.0
2018-11-20T00:00:00,97291.89389845918,73309.040704224,0.0
2018-11-21T00:00:00,97372.01605520226,72966.16243935436,0.0
2018-11-23T00:00:00,97208.91284335489,73028.48177987013,0.0
2018-11-26T00:00:00,97599.89058886297,72905.32882971526,0.0
2018-11-27T00:00:00,97680.26503328061,73198.19729414857,0.0
2018-11-28T00:00:00,98242.72455234821,73260.38223889697,0.0
2018-11-29T00:00:00,98187.0880007895,73680.07130675633,0.0
2018-11-30T00:00:00,98336.67640378216,73640.28090346364,0.0
2018-12-03T00:00:00,98663.91835098519,73754.2203721774,0.0
2018-12-04T00:00:00,97863.49894594624,73996.7604222976,0.0
2018-12-06T00:00:00,97048.44297940904,121477.20882810127,0.0
2018-12-07T00:00:00,97612.18483109071,121310.53751061748,0.0
2018-12-10T00:00:00,97564.28822696471,122013.6288658423,0.0
2018-12-11T00:00:00,97557.86651062546,121954.47927227846,0.0
2018-12-12T00:00:00,97434.95997293666,121947.23190837326,0.0
2018-12-13T00:00:00,97442.36560730592,121792.85449933588,0.0
2018-12-14T00:00:00,97892.07792039956,121802.85022345917,0.0
2018-12-17T00:00:00,98369.03459618753,122361.94002364205,0.0
2018-12-18T00:00:00,98399.4072706843,122964.69749988969,0.0
2018-12-19T00:00:00,98767.76922452646,122999.21930089839,0.0
2018-12-20T00:00:00,99166.44381554707,123456.4532099669,0.0
2018-12-21T00:00:00,99675.69990333136,123959.34451522488,0.0
2018-12-24T00:00:00,100328.79737691383,124589.28849007832,0.0
2018-12-26T00:00:00,99065.98344453346,125415.45846882135,0.0
2018-12-27T00:00:00,98896.67886658775,123853.31952415073,0.0
2018-12-28T00:00:00,98926.80528511145,123619.08083540504,0.0
2018-12-31T00:00:00,98710.41977213135,123658.73492925667,0.0
2019-01-02T00:00:00,98688.60938921284,123391.89048940752,0.0
2019-01-03T00:00:00,99277.5522352707,123360.95794832359,0.0
2019-01-04T00:00:00,98455.25930085607,124105.99701084747,0.0
2019-01-07T00:00:00,98258.38822758623,123066.2668870674,0.0
2019-01-08T00:00:00,98024.89111153015,122820.2812508846,0.0
2019-01-09T00:00:00,97909.03275108116,122529.78642617754,0.0
2019-01-10T00:00:00,97823.42342355789,122387.027367265,0.0
2019-01-11T00:00:00,97814.31601433191,122279.61726102913,0.0
2019-01-14T00:00:00,97963.58517415501,122267.97351616248,0.0
2019-01-15T00:00:00,97682.9175638792,122454.50420931343,0.0
2019-01-16T00:00:00,97622.64991200843,122102.46922225248,0.0
2019-01-17T00:00:00,97437.6548727775,122028.47682982331,0.0
2019-01-18T00:00:00,97111.295964279,121794.93908335929,0.0
2019-01-22T00:00:00,97441.19266400844,121391.00795596022,0.0
2019-01-23T00:00:00,97391.39169780078,121802.66324851109,0.0
2019-01-24T00:00:00,97378.4107777362,121739.19242137985,0.0
2019-01-25T00:00:00,97172.26487934872,121722.86250933145,0.0
2019-01-28T00:00:00,97358.83184789286,121467.26148502021,0.0
2019-01-29T00:00:00,97390.91665903988,121698.33071144274,0.0
2019-01-30T00:00:00,97005.67344891305,121738.8434441423,0.0
2019-01-31T00:00:00,96792.08699200854,121256.48837972063,0.0
2019-02-01T00:00:00,96779.80549966378,120989.48872059284,0.0
2019-02-04T00:00:00,96609.56319479876,120974.73200989803,0.0
2019-02-05T00:00:00,96507.62418534883,120761.25656899328,0.0
2019-02-06T00:00:00,96539.37224813359,120634.48315347482,0.0
2019-02-07T00:00:00,96769.13626269635,120673.89369155162,0.0
2019-02-08T00:00:00,96737.66495880911,120959.50845957732,0.0
2019-02-11T00:00:00,96724.0932410906,120921.92372301633,0.0
2019-02-12T00:00:00,96413.00785223179,120904.97933562277,0.0
2019-02-13T00:00:00,96332.83919385078,120514.35048363179,0.0
2019-02-14T00:00:00,96386.54769313682,120416.33405287951,0.0
2019-02-15T00:00:00,96124.3357749196,120483.56565278138,0.0
2019-02-19T00:00:00,96083.30495304716,120155.97772503288,0.0
2019-02-20T00:00:00,96034.81907507114,120104.06062339986,0.0
2019-02-21T00:00:00,96120.2635269966,120043.58732985609,0.0
2019-02-22T00:00:00,95971.37374985435,120150.43361116311,0.0
2019-02-25T00:00:00,95937.36928558975,119962.87370229884,0.0
2019-02-26T00:00:00,95954.5292414861,119921.70719368047,0.0
2019-02-27T00:00:00,95964.74346868058,119943.06793865956,0.0
2019-02-28T00:00:00,96009.38979414875,119955.89897374112,0.0
2019-03-01T00:00:00,95859.80033543466,120012.00527168118,0.0
2019-03-04T00:00:00,95945.89779027438,119823.67847316976,0.0
2019-03-05T00:00:00,95978.40443698724,119932.26277871586,0.0
2019-03-06T00:00:00,96123.70188141409,119972.96318339361,0.0
2019-03-07T00:00:00,96324.1267238117,120154.02605145084,0.0
2019-03-08T00:00:00,96370.01955675242,120402.89138503757,0.0
2019-03-11T00:00:00,96020.73483015022,120462.60821226091,0.0
2019-03-12T00:00:00,95928.57945578852,120024.28303193864,0.0
2019-03-13T00:00:00,95769.26081210694,119910.15023278388,0.0
2019-03-14T00:00:00,95784.25356259021,119711.25487764881,0.0
2019-03-15T00:00:00,95665.9655421633,119730.32997571562,0.0
2019-03-18T00:00:00,95578.89496898546,119582.10742847892,0.0
2019-03-19T00:00:00,95572.35274521667,119473.00103461646,0.0
2019-03-20T00:00:00,95644.26456897969,119465.43601068362,0.0
2019-03-21T00:00:00,95373.76509419153,119554.90517091403,0.0
2019-03-22T00:00:00,95833.95011061162,119218.48907699352,0.0
2019-03-25T00:00:00,95850.32285686553,119790.78696018751,0.0
2019-03-26T00:00:00,95671.81296782313,119813.02465630654,0.0
2019-03-27T00:00:00,95796.55616629802,119589.43697259536,0.0
2019-03-28T00:00:00,95705.93325268214,119745.84999373382,0.0
2019-03-29T00:00:00,95554.21692077428,119631.56566863557,0.0
2019-04-01T00:00:00,95269.14056643502,119441.00009150781,0.0
2019-04-02T00:00:00,95256.6883840549,119085.62833272993,0.0
2019-04-03T00:00:00,95219.11590484754,119070.76846339952,0.0
2019-04-04T00:00:00,95155.82834016332,119023.76534630562,0.0
2019-04-05T00:00:00,95040.35688443514,118944.46260021829,0.0
2019-04-08T00:00:00,95022.26818167209,118800.46377938463,0.0
2019-04-09T00:00:00,95144.04814295657,118777.88515955674,0.0
2019-04-10T00:00:00,95062.94330277006,118930.07369262169,0.0
2019-04-11T00:00:00,95069.18699027802,118828.33603250426,0.0
2019-04-12T00:00:00,94908.41085878562,118836.5220286231,0.0
2019-04-15T00:00:00,94923.59727212509,118635.15449895736,0.0
2019-04-16T00:00:00,94908.07530467461,118654.53279140076,0.0
2019-04-17T00:00:00,94966.0255097209,118634.98171578917,0.0
2019-04-18T00:00:00,94919.3328719958,118707.58524446643,0.0
2019-04-22T00:00:00,94898.94935573054,118649.2495473127,0.0
2019-04-23T00:00:00,94685.55865387851,118623.61209460524,0.0
2019-04-24T00:00:00,94737.7652359105,118356.62678681957,0.0
2019-04-25T00:00:00,94752.2361575873,118422.08308003543,0.0
2019-04-26T00:00:00,94641.90797333926,118440.27092494055,0.0
2019-04-29T00:00:00,94604.56019628703,118302.1297421573,0.0
2019-04-30T00:00:00,94592.4723841269,118255.69045758869,0.0
2019-05-01T00:00:00,94770.15874535576,118240.53177475421,0.0
2019-05-02T00:00:00,94820.88428968866,118462.26358276172,0.0
2019-05-03T00:00:00,94589.12237610282,118526.36823100905,0.0
2019-05-06T00:00:00,94690.72399740912,118240.68524527078,0.0
2019-05-07T00:00:00,95084.73165619579,118362.10266580737,0.0
2019-05-08T00:00:00,95116.33304035169,118854.4803323827,0.0
2019-05-09T00:00:00,95187.89097822852,118895.02774845406,0.0
2019-05-10T00:00:00,95067.89417679896,118984.40289412485,0.0
2019-05-13T00:00:00,95667.8876809459,118837.59467920713,0.0
2019-05-14T00:00:00,95453.45859975845,119586.7261391878,0.0
2019-05-15T00:00:00,95315.00047117729,119318.14170065857,0.0
2019-05-16T00:00:00,95093.57012396924,119143.00945566881,0.0
2019-05-17T00:00:00,95249.31097718899,118869.00542832162,0.0
2019-05-20T00:00:00,95405.27045427918,119060.15016532506,0.0
2019-05-21T00:00:00,95191.23373815176,119257.59015176336,0.0
2019-05-22T00:00:00,95264.92149112502,118989.63140992056,0.0
2019-05-23T00:00:00,95554.99695324413,119080.22373760681,0.0
2019-05-24T00:00:00,95502.31654647485,119445.25457180892,0.0
2019-05-28T00:00:00,95724.19261774218,119377.72030390117,0.0
2019-05-29T00:00:00,95883.14358114974,119653.59484250481,0.0
2019-05-30T00:00:00,95817.97076771662,119854.23092136772,0.0
2019-05-31T00:00:00,96141.47564650189,119773.17087604436,0.0
2019-06-03T00:00:00,96202.0415317525,120176.29223226676,0.0
2019-06-04T00:00:00,95680.57473751788,120253.1442594931,0.0
2019-06-05T00:00:00,95496.01757149145,71368.68495762406,0.0
2019-06-06T00:00:00,95651.17648337666,71621.92541497994,0.0
2019-06-07T00:00:00,95890.75636257954,71738.6681559912,0.0
2019-06-10T00:00:00,96001.56828253785,71918.86757504703,0.0
2019-06-11T00:00:00,95996.20757783842,72001.62671161535,0.0
2019-06-12T00:00:00,95953.84339470886,71997.15299886155,0.0
2019-06-13T00:00:00,96052.66344185008,71965.22333019604,0.0
2019-06-14T00:00:00,96025.93594536846,72039.30374385172,0.0
2019-06-17T00:00:00,96035.01488582621,72019.404245608,0.0
2019-06-18T00:00:00,96286.45564627377,72026.29866193286,0.0
2019-06-19T00:00:00,96340.59458205641,72214.65349544815,0.0
2019-06-20T00:00:00,96571.06917859943,72255.79874336482,0.0
2019-06-21T00:00:00,96535.5363054674,72427.86711857468,0.0
2019-06-24T00:00:00,96505.92334897004,72401.59227073878,0.0
2019-06-25T00:00:00,96269.25808633398,72379.40467483718,0.0
2019-06-26T00:00:00,96244.37922950953,72201.07048017456,0.0
2019-06-27T00:00:00,96329.6198861282,72183.20617566026,0.0
2019-06-28T00:00:00,96453.68708404369,72247.35531467845,0.0
2019-07-01T00:00:00,96673.62379554176,72341.29042237783,0.0
2019-07-02T00:00:00,96736.29084519082,72504.94266755116,0.0
2019-07-03T00:00:00,96929.69084545353,72552.26639661567,0.0
2019-07-05T00:00:00,96655.17257298615,120860.02338739907,0.0
2019-07-08T00:00:00,96788.08280870732,120819.10368498391,0.0
2019-07-09T00:00:00,96756.95997357914,120984.13801858076,0.0
2019-07-10T00:00:00,96641.16615143575,120945.99200209342,0.0
2019-07-11T00:00:00,96583.97065307028,120800.89536132192,0.0
2019-07-12T00:00:00,96475.63978629574,120729.72829404083,0.0
2019-07-15T00:00:00,96467.19821894077,120594.12957642472,0.0
2019-07-16T00:00:00,96544.9673115187,120583.98592348785,0.0
2019-07-17T00:00:00,96709.05251919107,120681.0528377586,0.0
2019-07-18T00:00:00,96619.85825916058,120885.626709715,0.0
2019-07-19T00:00:00,96753.42087949357,120774.20629482642,0.0
2019-07-22T00:00:00,96693.9951521415,120941.77062337904,0.0
2019-07-23T00:00:00,96520.7342125175,120867.07233828849,0.0
2019-07-24T00:00:00,96407.60681543942,120651.19679511496,0.0
2019-07-25T00:00:00,96522.76433375219,120509.52988982953,0.0
2019-07-26T00:00:00,96361.2453550887,120653.60203188911,0.0
2019-07-29T00:00:00,96404.8911368195,120451.33814000865,0.0
2019-07-30T00:00:00,96463.69205451876,120505.75017661825,0.0
2019-07-31T00:00:00,96727.49062313852,120579.56991876454,0.0
2019-08-01T00:00:00,96937.7486969793,120909.05190525,0.0
2019-08-02T00:00:00,97118.94788067654,121170.90546745625,0.0
2019-08-05T00:00:00,97057.60117211688,73508.02220231658,0.0
2019-08-06T00:00:00,97391.49439517263,72786.84280140526,0.0
2019-08-07T00:00:00,97402.46410909246,73040.20376861504,0.0
2019-08-08T00:00:00,97880.26989908435,73051.89720360712,0.0
2019-08-09T00:00:00,97711.78840590593,73408.3930933582,0.0
2019-08-12T00:00:00,97414.94044715223,73284.36357523664,0.0
2019-08-13T00:00:00,97793.60258713756,73061.12435188047,0.0
2019-08-14T00:00:00,97065.95237300295,73340.42901327097,0.0
2019-08-15T00:00:00,97127.35964906971,72796.7745857852,0.0
2019-08-16T00:00:00,97485.88796584203,72845.759328907,0.0
2019-08-19T00:00:00,97782.20560700328,73117.1119496461,0.0
2019-08-20T00:00:00,97594.13454496389,73335.9028124242,0.0
2019-08-21T00:00:00,97791.25508860534,73194.23172676866,0.0
2019-08-22T00:00:00,97783.90626755833,73343.61370707807,0.0
2019-08-23T00:00:00,97155.97219547647,73337.94920355904,0.0
2019-08-26T00:00:00,97419.84543260686,72862.25913206131,0.0
2019-08-27T00:00:00,97325.07000730658,73065.66025833394,0.0
2019-08-28T00:00:00,97496.46221573571,72993.87750093862,0.0
2019-08-29T00:00:00,97808.85888935183,73123.40963800033,0.0
2019-08-30T00:00:00,97798.94910981167,73357.59736158172,0.0
2019-09-03T00:00:00,97656.03126228682,73349.2532233232,0.0
2019-09-04T00:00:00,97932.0952752935,73240.97531655915,0.0
2019-09-05T00:00:00,98248.46300530732,73450.70047112991,0.0
2019-09-06T00:00:00,98267.34690534795,73686.26768875246,0.0
2019-09-09T00:00:00,98279.74276326582,73700.54078537523,0.0
2019-09-10T00:00:00,98273.938014472,73709.76709002964,0.0
2019-09-11T00:00:00,98448.63164485959,73705.44210736826,0.0
2019-09-12T00:00:00,98534.12398067444,73836.71183071626,0.0
2019-09-13T00:00:00,98517.77017716752,73900.60049079437,0.0
2019-09-16T00:00:00,98441.72820200212,73888.3602193462,0.0
2019-09-17T00:00:00,98503.99796787012,73831.25211413593,0.0
2019-09-18T00:00:00,98518.59198411996,73877.86141530733,0.0
2019-09-19T00:00:00,98516.95478038912,73888.94314007905,0.0
2019-09-20T00:00:00,98400.58440090394,73887.71152093889,0.0
2019-09-23T00:00:00,98394.89538918827,73800.5206719757,0.0
2019-09-24T00:00:00,98201.84778707434,73796.147484285,0.0
2019-09-25T00:00:00,98346.79847722179,73651.1232614146,0.0
2019-09-26T00:00:00,98295.42147437099,73759.93820180169,0.0
2019-09-27T00:00:00,98162.86306720451,73721.4009879385,0.0
2019-09-30T00:00:00,98276.34086375617,73621.80584500838,0.0
2019-10-01T00:00:00,97984.2430564604,73707.4057389828,0.0
2019-10-02T00:00:00,97552.50960378343,73489.15376925441,0.0
2019-10-03T00:00:00,97230.29144781452,121818.22445363461,0.0
2019-10-04T00:00:00,96900.24492723003,121536.7443312725,0.0
2019-10-07T00:00:00,97005.37146692575,121125.9148199605,0.0
2019-10-08T00:00:00,97380.76652989381,121255.60798227733,0.0
2019-10-09T00:00:00,97152.47669829584,121728.8588101689,0.0
2019-10-10T00:00:00,96987.85925174043,121440.24918040427,0.0
2019-10-11T00:00:00,96734.05557325465,121232.38800585043,0.0
2019-10-14T00:00:00,96760.88338937404,120917.46567387822,0.0
2019-10-15T00:00:00,96521.47463932051,120951.18415249563,0.0
2019-10-16T00:00:00,96560.28772893711,120651.90213067178,0.0
2019-10-17T00:00:00,96489.23401959756,120700.49427180966,0.0
2019-10-18T00:00:00,96594.85920990902,120611.58408964275,0.0
2019-10-21T00:00:00,96431.58852215344,120744.01627193455,0.0
2019-10-22T00:00:00,96509.63209607228,120538.77382235588,0.0
2019-10-23T00:00:00,96439.19369775603,120636.80009196738,0.0
2019-10-24T00:00:00,96399.3734975841,120548.55776285796,0.0
2019-10-25T00:00:00,96300.70442361277,120499.24621605086,0.0
2019-10-28T00:00:00,96164.26935113335,120375.14548103527,0.0
2019-10-29T00:00:00,96171.31428850791,120205.24842546314,0.0
2019-10-30T00:00:00,96097.56327167191,120214.13594063252,0.0
2019-10-31T00:00:00,96161.40701763103,120121.81810672252,0.0
2019-11-01T00:00:00,95939.00477650399,120202.05665878557,0.0
2019-11-04T00:00:00,95840.65880460394,119921.77783171071,0.0
2019-11-05T00:00:00,95866.8897200963,119800.55424115491,0.0
2019-11-06T00:00:00,95861.38265455657,119833.56239306508,0.0
2019-11-07T00:00:00,95777.05882420455,119826.68528977408,0.0
2019-11-08T00:00:00,95717.97644416842,119721.29465297256,0.0
2019-11-11T00:00:00,95763.92454477372,119647.72302445321,0.0
2019-11-12T00:00:00,95713.45362978673,119704.89358113213,0.0
2019-11-13T00:00:00,95705.83514459399,119641.94482475656,0.0
2019-11-14T00:00:00,95670.99782060609,119632.28912188236,0.0
2019-11-15T00:00:00,95497.64189936021,119588.47462326834,0.0
2019-11-18T00:00:00,95479.88763582143,119371.90580999435,0.0
2019-11-19T00:00:00,95486.6974027199,119349.7796890501,0.0
2019-11-20T00:00:00,95575.44182405068,119358.34096703597,0.0
2019-11-21T00:00:00,95613.75703778134,119469.17769239146,0.0
2019-11-22T00:00:00,95560.65213281364,119517.25071710248,0.0
2019-11-25T00:00:00,95375.18036351571,119450.49682235844,0.0
2019-11-26T00:00:00,95320.78599874451,119218.59577785745,0.0
2019-11-27T00:00:00,95214.3442604885,119150.76635481774,0.0
2019-11-29T00:00:00,95302.68611618865,119017.99127560387,0.0
2019-12-02T00:00:00,95505.00981270225,119128.28931546466,0.0
2019-12-03T00:00:00,95662.32558178279,119378.45610035167,0.0
2019-12-04T00:00:00,95515.2033687525,119578.345334222,0.0
2019-12-05T00:00:00,95358.91064215328,71437.1685878764,0.0
2019-12-06T00:00:00,95577.08478847494,71519.61048316756,0.0
2019-12-09T00:00:00,95501.49528815583,71682.34457268614,0.0
2019-12-10T00:00:00,95474.79641691467,71626.04755384524,0.0
2019-12-11T00:00:00,95542.4927642183,71606.03544941678,0.0
2019-12-12T00:00:00,95748.28363696841,71656.79463371295,0.0
2019-12-13T00:00:00,95762.26460077289,71810.85317170256,0.0
2019-12-16T00:00:00,95926.78959812927,71821.74699676964,0.0
2019-12-17T00:00:00,95932.01550057693,71945.06800066405,0.0
2019-12-18T00:00:00,95933.52183652367,71949.0110033239,0.0
2019-12-19T00:00:00,96031.82768019175,71950.1404224678,0.0
2019-12-20T00:00:00,96137.22889091328,72024.02019036985,0.0
2019-12-23T00:00:00,96174.04147175926,72103.0140444936,0.0
2019-12-24T00:00:00,96174.77178846418,72130.51110473959,0.0
2019-12-26T00:00:00,96302.75607625912,72131.07873042572,0.0
2019-12-27T00:00:00,96296.89014935127,72227.15981643129,0.0
2019-12-30T00:00:00,96164.15247687888,72222.6596126638,0.0
2019-12-31T00:00:00,96222.58015320846,72123.13504424738,0.0
2020-01-02T00:00:00,96447.70463367786,72167.09746761812,0.0
2020-01-03T00:00:00,96262.95074156216,72333.60043405932,0.0
2020-01-06T00:00:00,96355.3703727205,72197.82072977826,0.0
2020-01-07T00:00:00,96287.39813907024,72266.29285065136,0.0
2020-01-08T00:00:00,96415.58008555442,72215.43915546108,0.0
2020-01-09T00:00:00,96579.37977758278,72312.04648646199,0.0
2020-01-10T00:00:00,96509.9500205704,72434.58972229256,0.0
2020-01-13T00:00:00,96675.70310574188,72382.2750306435,0.0
2020-01-14T00:00:00,96638.4841177487,72506.40756878178,0.0
2020-01-15T00:00:00,96693.04845272726,72478.8300871091,0.0
2020-01-16T00:00:00,96894.25226334884,72519.91285468139,0.0
2020-01-17T00:00:00,96969.77818481118,72670.81652376488,0.0
2020-01-21T00:00:00,96922.04679387722,72727.07005085825,0.0
2020-01-22T00:00:00,96924.82249058477,72691.38064736756,0.0
2020-01-23T00:00:00,96952.60066344353,72693.60872611438,0.0
2020-01-24T00:00:00,96737.0583161614,72714.4643288081,0.0
2020-01-27T00:00:00,96351.9866211866,72555.37655026402,0.0
2020-01-28T00:00:00,96602.56029589509,72262.14200451906,0.0
2020-01-29T00:00:00,96583.18339711371,72452.49733039588,0.0
2020-01-30T00:00:00,96661.63206734025,72437.46954516407,0.0
2020-01-31T00:00:00,96222.62990033175,72496.01386070336,0.0
2020-02-03T00:00:00,96399.16624884654,72164.81537801691,0.0
2020-02-04T00:00:00,96767.9137625038,72300.80913635725,0.0
2020-02-05T00:00:00,97049.54998744285,72578.19927843948,0.0
2020-02-06T00:00:00,97131.52600093212,72787.50505136423,0.0
2020-02-07T00:00:00,97001.79940149124,72848.34041454377,0.0
2020-02-10T00:00:00,97182.98561181113,72751.48698174632,0.0
2020-02-11T00:00:00,97225.48017555647,72887.63385332742,0.0
2020-02-12T00:00:00,97382.18455064972,72919.20997547176,0.0
2020-02-13T00:00:00,97355.48068660108,73035.91922497228,0.0
2020-02-14T00:00:00,97394.42418290478,73016.55567021838,0.0
2020-02-18T00:00:00,97331.54114233845,73045.67979546818,0.0
2020-02-19T00:00:00,97447.6617572624,72998.4368401312,0.0
2020-02-20T00:00:00,97347.29711854659,73085.46019129298,0.0
2020-02-21T00:00:00,97096.88244384437,73010.68978582036,0.0
2020-02-24T00:00:00,96297.3731687311,72828.21689093839,0.0
2020-02-25T00:00:00,95564.0945581681,72219.25496791018,0.0
2020-02-26T00:00:00,95472.7123561051,71669.5667553754,0.0
2020-02-27T00:00:00,94401.91975676044,71605.69928161512,0.0
2020-02-28T00:00:00,94325.39771559593,70824.07281899828,0.0
2020-03-02T00:00:00,95345.9698956084,70743.40036723077,0.0
2020-03-03T00:00:00,94663.32879091433,71509.33200968795,0.0
2020-03-04T00:00:00,95647.26351483191,70986.68382009094,0.0
2020-03-05T00:00:00,94832.42472205881,71715.48360936118,0.0
2020-03-06T00:00:00,94457.8362262632,71141.64888701873,0.0
2020-03-09T00:00:00,92635.48257012964,70865.1813233824,0.0
2020-03-10T00:00:00,93778.93473000961,69421.71458815949,0.0
2020-03-11T00:00:00,92610.27645163836,70308.43313626142,0.0
2020-03-12T00:00:00,90450.83170262224,69513.43682462983,0.0
2020-03-13T00:00:00,92280.06348085895,67734.27951117344,0.0
2020-03-16T00:00:00,89599.46093742158,69053.84855434978,0.0
2020-03-17T00:00:00,90765.8778045343,67156.59833552912,0.0
2020-03-18T00:00:00,89555.55891587805,68013.02549712638,0.0
2020-03-19T00:00:00,89604.50220928813,67168.0391122994,0.0
2020-03-20T00:00:00,88639.59924146753,67203.82914914137,0.0
2020-03-23T00:00:00,88073.8468504142,66480.53950506558,0.0
2020-03-24T00:00:00,90046.24467138985,66032.83839001221,0.0
2020-03-25T00:00:00,90391.58336082089,67543.01670342496,0.0
2020-03-26T00:00:00,91713.45899659902,67796.07874981048,0.0
2020-03-27T00:00:00,90999.04684110804,68753.61771840973,0.0
2020-03-30T00:00:00,91732.5534812692,68243.97998957966,0.0
2020-03-31T00:00:00,91387.57979956217,68796.26645789268,0.0
2020-04-01T00:00:00,90368.67756642989,68550.00223641773,0.0
2020-04-02T00:00:00,90891.84939511142,67778.36068842397,0.0
2020-04-03T00:00:00,90953.12894615566,113347.65192376942,0.0
2020-04-06T00:00:00,89438.71089366768,113704.23867041612,0.0
2020-04-07T00:00:00,89345.63804999583,111728.11336815327,0.0
2020-04-08T00:00:00,88595.28735157549,111681.48590746154,0.0
2020-04-09T00:00:00,88244.6520086898,110730.52871552625,0.0
2020-04-13T00:00:00,88447.05668627867,110306.79486894925,0.0
2020-04-14T00:00:00,87799.38850498758,110563.2976724923,0.0
2020-04-15T00:00:00,88282.4243576858,109765.87360181408,0.0
2020-04-16T00:00:00,88177.99379513216,110355.07710117144,0.0
2020-04-17T00:00:00,87579.27044034541,110219.30492439852,0.0
2020-04-20T00:00:00,87974.37459408045,109483.45366831592,0.0
2020-04-21T00:00:00,88633.09493206251,109958.88653057883,0.0
2020-04-22T00:00:00,88156.2003018796,110806.27366270406,0.0
2020-04-23T00:00:00,88153.81555934512,110191.27870508136,0.0
2020-04-24T00:00:00,87846.62932595289,110192.27381154253,0.0
2020-04-27T00:00:00,87526.47131737715,109804.78468989061,0.0
2020-04-28T00:00:00,87620.99424322683,109401.99505668084,0.0
2020-04-29T00:00:00,87049.88445927334,109528.5739359962,0.0
2020-04-30T00:00:00,87255.09170928615,108814.94030345422,0.0
2020-05-01T00:00:00,87827.67998182372,109063.96896714084,0.0
2020-05-04T00:00:00,87760.81762775601,109778.29190681233,0.0
2020-05-05T00:00:00,87557.14632192148,109700.06792525639,0.0
2020-05-06T00:00:00,87703.50859601694,109444.40813545277,0.0
2020-05-07T00:00:00,87440.92161644872,109631.38106572068,0.0
2020-05-08T00:00:00,87074.80681356991,109296.73289660615,0.0
2020-05-11T00:00:00,87072.90989152678,108846.08222979284,0.0
2020-05-12T00:00:00,87506.75403750042,108841.10809894146,0.0
2020-05-13T00:00:00,87891.68542707023,109381.46910636354,0.0
2020-05-14T00:00:00,87623.46337228274,109859.33577287645,0.0
2020-05-15T00:00:00,87525.26955667183,109531.84581671163,0.0
2020-05-18T00:00:00,86855.62284314193,109403.43163348002,0.0
2020-05-19T00:00:00,87079.22737368067,108570.10311570625,0.0
2020-05-20T00:00:00,86712.64153982204,108852.28560461017,0.0
2020-05-21T00:00:00,86861.84364683398,108390.32180830154,0.0
2020-05-22T00:00:00,86820.11439379747,108576.82631888076,0.0
2020-05-26T00:00:00,86551.47913539913,108523.92818418714,0.0
2020-05-27T00:00:00,86225.61766810279,108185.4372730729,0.0
2020-05-28T00:00:00,86263.2939762572,107779.92121487623,0.0
2020-05-29T00:00:00,86167.04088334719,107828.96077222249,0.0
2020-06-01T00:00:00,86080.06652505694,107708.89682006465,0.0
2020-06-02T00:00:00,85901.36642256423,107599.56260184105,0.0
2020-06-03T00:00:00,85613.6529221814,107374.80668142479,0.0
2020-06-04T00:00:00,85670.56189757565,107017.75332201058,0.0
2020-06-05T00:00:00,85122.86482246402,107089.42247890084,0.0
2020-06-08T00:00:00,84862.70146069812,106400.64837921431,0.0
2020-06-09T00:00:00,85023.31010502386,106080.78594338577,0.0
2020-06-10T00:00:00,85142.0044205037,106279.22738067586,0.0
2020-06-11T00:00:00,86365.36726946362,106423.78255345004,0.0
2020-06-12T00:00:00,86143.32071839314,107993.22268349682,0.0
2020-06-15T00:00:00,85948.18660810866,107685.07673052543,0.0
2020-06-16T00:00:00,85527.369716623,107427.98649497652,0.0
2020-06-17T00:00:00,85613.55003205122,106906.58411614293,0.0
2020-06-18T00:00:00,85604.56276265104,107016.187965872,0.0
2020-06-19T00:00:00,85726.73176927786,107005.56065701463,0.0
2020-06-22T00:00:00,85588.6815021581,107157.86298541322,0.0
2020-06-23T00:00:00,85488.33071191663,106984.00090914394,0.0
2020-06-24T00:00:00,86034.19462001356,106861.10380823178,0.0
2020-06-25T00:00:00,85801.18998687992,107540.32305493962,0.0
2020-06-26T00:00:00,86311.34845613626,107252.17141994437,0.0
2020-06-29T00:00:00,85996.12237449827,107891.10401894967,0.0
2020-06-30T00:00:00,85720.75212518098,107495.16694279354,0.0
2020-07-01T00:00:00,85568.76905937734,107149.06747938167,0.0
2020-07-02T00:00:00,85448.41731917555,106958.42077204688,0.0
2020-07-06T00:00:00,85139.3874554364,63447.50856457235,0.0
2020-07-07T00:00:00,84917.10451851555,63851.78463317925,0.0
2020-07-08T00:00:00,85078.79320595827,63687.14694246138,0.0
2020-07-09T00:00:00,84957.7836625159,63809.16541422909,0.0
2020-07-10T00:00:00,85174.53539805446,63718.221233185846,0.0
2020-07-13T00:00:00,84991.20941358617,63881.95537585372,0.0
2020-07-14T00:00:00,85267.02767548172,63743.87695585925,0.0
2020-07-15T00:00:00,85464.81376130604,63952.214492197505,0.0
2020-07-16T00:00:00,85393.28233099863,64097.45396646292,0.0
2020-07-17T00:00:00,85454.91483550303,64044.70413879965,0.0
2020-07-20T00:00:00,85627.46000864182,64091.07436879912,0.0
2020-07-21T00:00:00,85673.65684740987,64221.24911069373,0.0
2020-07-22T00:00:00,85795.47877143645,64255.15078227253,0.0
2020-07-23T00:00:00,85539.31422996735,64346.36236605846,0.0
2020-07-24T00:00:00,85402.48826882495,64155.39209849562,0.0
2020-07-27T00:00:00,85557.79190035477,64051.46783225923,0.0
2020-07-28T00:00:00,85421.6663583772,64167.882481202934,0.0
2020-07-29T00:00:00,85683.85846218126,64065.795516775324,0.0
2020-07-30T00:00:00,85605.18529693696,64260.64713531924,0.0
2020-07-31T00:00:00,85773.87609471616,64203.463134483,0.0
2020-08-03T00:00:00,85923.46119319355,64330.91439608623,0.0
2020-08-04T00:00:00,86005.94860618765,64442.11209456704,0.0
2020-08-05T00:00:00,85985.06252887509,107620.09395500479,0.0
2020-08-06T00:00:00,85841.42189435523,107481.38242771366,0.0
2020-08-07T00:00:00,85826.30995123871,107302.07113362098,0.0
2020-08-10T00:00:00,85762.11245527279,107282.83045581695,0.0
2020-08-11T00:00:00,85938.67657165285,107202.21343444726,0.0
2020-08-12T00:00:00,85640.55040729014,107424.76301790733,0.0
2020-08-13T00:00:00,85679.61007746703,107051.04290192787,0.0
2020-08-14T00:00:00,85678.83952177968,107099.37929056742,0.0
2020-08-17T00:00:00,85610.79086054348,107098.54544249654,0.0
2020-08-18T00:00:00,85564.31703600442,107013.25198217492,0.0
2020-08-19T00:00:00,85653.22608167656,106955.23902133554,0.0
2020-08-20T00:00:00,85585.77308370876,107065.74850326343,0.0
2020-08-21T00:00:00,85509.83172595594,106982.179466189,0.0
2020-08-24T00:00:00,85292.32849934969,106886.40756281637,0.0
2020-08-25T00:00:00,85216.81701086553,106614.51776033481,0.0
2020-08-26T00:00:00,85002.91762592475,106520.70616211728,0.0
2020-08-27T00:00:00,84955.32320524291,106252.51960607794,0.0
2020-08-28T00:00:00,84817.86510490242,106193.8798419655,0.0
2020-08-31T00:00:00,84894.52562584386,106022.18490832039,0.0
2020-09-01T00:00:00,84694.7342899734,106118.25921132872,0.0
2020-09-02T00:00:00,84386.63188720265,105866.57105716987,0.0
2020-09-03T00:00:00,83808.38369048432,63437.752735920076,0.0
2020-09-04T00:00:00,83999.81910959526,104780.84980550353,0.0
2020-09-08T00:00:00,84569.5320551327,104995.7039394722,0.0
2020-09-09T00:00:00,84160.24890067549,105720.14193689694,0.0
2020-09-10T00:00:00,84521.68623516361,105196.41303245141,0.0
2020-09-11T00:00:00,84512.86619642032,105654.04782696828,0.0
2020-09-14T00:00:00,84234.42819293396,105640.92994657066,0.0
2020-09-15T00:00:00,84124.76751512715,105289.77078489988,0.0
2020-09-16T00:00:00,84207.50071902962,105155.22974529347,0.0
2020-09-17T00:00:00,84390.88568326476,105257.60461010344,0.0
2020-09-18T00:00:00,84634.03341269391,105488.85750899807,0.0
2020-09-21T00:00:00,84864.51740155557,105787.54352669689,0.0
2020-09-22T00:00:00,84649.43527815584,106081.63604238487,0.0
2020-09-23T00:00:00,85139.31245209386,105810.8956791964,0.0
2020-09-24T00:00:00,85078.9537634241,106420.51645492553,0.0
2020-09-25T00:00:00,84735.18398879039,106348.78866896372,0.0
2020-09-28T00:00:00,84376.80565253137,105912.45038635374,0.0
2020-09-29T00:00:00,84491.30342164094,105470.63016331162,0.0
2020-09-30T00:00:00,84331.24606199731,105614.22336983796,0.0
2020-10-01T00:00:00,84193.91679670622,105412.07953436856,0.0
2020-10-02T00:00:00,84396.19937028995,105244.83261970896,0.0
2020-10-05T00:00:00,84422.60471175757,62949.39873529387,0.0
2020-10-06T00:00:00,84122.16793938454,63316.55964528767,0.0
2020-10-07T00:00:00,84485.75760279411,63089.140765661265,0.0
2020-10-08T00:00:00,84674.21645771227,63365.58767460694,0.0
2020-10-09T00:00:00,84863.76522931008,63506.17530126492,0.0
2020-10-12T00:00:00,85205.98467144722,63648.72764876984,0.0
2020-10-13T00:00:00,85066.47186357771,63903.9934982551,0.0
2020-10-14T00:00:00,84932.50461800533,63799.51230491862,0.0
2020-10-15T00:00:00,84907.32465377427,63700.44396425303,0.0
2020-10-16T00:00:00,84894.38950162721,63680.379553870254,0.0
2020-10-19T00:00:00,84571.6618541367,63670.740126514575,0.0
2020-10-20T00:00:00,84654.965896935,63427.353331343096,0.0
2020-10-21T00:00:00,84614.79641125948,63491.11897484968,0.0
2020-10-22T00:00:00,84730.76560471287,63461.03198853307,0.0
2020-10-23T00:00:00,84802.88922643663,63548.27600523206,0.0
2020-10-26T00:00:00,84410.4489948722,63601.51780004238,0.0
2020-10-27T00:00:00,84336.93858570882,63307.072150454595,0.0
2020-10-28T00:00:00,83617.19961350242,63253.60739293602,0.0
2020-10-29T00:00:00,83828.43501927513,62711.665597840816,0.0
2020-10-30T00:00:00,83608.89062088779,62870.264079521294,0.0
2020-11-02T00:00:00,83841.08757243415,62704.584793701884,0.0
2020-11-03T00:00:00,84212.7533241343,62882.40963066718,0.0
2020-11-04T00:00:00,84686.84265920839,63163.124149642594,0.0
2020-11-05T00:00:00,85105.04253184912,63520.43137424263,0.0
2020-11-06T00:00:00,85099.4496797034,63828.043544082684,0.0
2020-11-09T00:00:00,85366.63795391325,63824.44555453758,0.0
2020-11-10T00:00:00,85334.4339924654,64024.07170195565,0.0
2020-11-11T00:00:00,85492.72262888215,64000.635367137525,0.0
2020-11-12T00:00:00,85284.84235749752,64118.99998932393,0.0
2020-11-13T00:00:00,85578.88078609429,63962.49004118511,0.0
2020-11-16T00:00:00,85847.38557934482,64185.606156369155,0.0
2020-11-17T00:00:00,85730.2183434841,64383.80595904627,0.0
2020-11-18T00:00:00,85472.08810556275,64297.464659891055,0.0
2020-11-19T00:00:00,85562.13012655845,64104.1440309452,0.0
2020-11-20T00:00:00,85415.49991548115,64171.44338188217,0.0
2020-11-23T00:00:00,85542.72687777714,64060.855982004614,0.0
2020-11-24T00:00:00,85887.92737242552,64157.63920865537,0.0
2020-11-25T00:00:00,85854.37195567143,64415.49165222214,0.0
2020-11-27T00:00:00,85914.02621122361,64390.66129696144,0.0
2020-11-30T00:00:00,85818.76582609727,64435.34871834677,0.0
2020-12-01T00:00:00,86052.62938636694,64363.27505028614,0.0
2020-12-02T00:00:00,86097.04443407181,64538.62945758695,0.0
2020-12-03T00:00:00,86019.55663839946,107537.95107064245,0.0
2020-12-04T00:00:00,85834.1905032621,107524.40226860129,0.0
2020-12-07T00:00:00,85878.45753491089,107292.90898372402,0.0
2020-12-08T00:00:00,85815.3455537572,107347.78444420517,0.0
2020-12-09T00:00:00,86007.49506155922,107268.91257084314,0.0
2020-12-10T00:00:00,86013.20040794715,107508.03686163311,0.0
2020-12-11T00:00:00,86038.35853073781,107516.44562680501,0.0
2020-12-14T00:00:00,86134.81369982414,107548.1017306772,0.0
2020-12-15T00:00:00,85844.41286797661,107669.23898593494,0.0
2020-12-16T00:00:00,85809.95050363136,107304.7388263168,0.0
2020-12-17T00:00:00,85689.72664318893,107262.17192449505,0.0
2020-12-18T00:00:00,85774.91288036514,107111.806380182,0.0
2020-12-21T00:00:00,85850.20850277085,107217.26363150676,0.0
2020-12-22T00:00:00,85886.3238090454,107312.70749613777,0.0
2020-12-23T00:00:00,85867.08952792945,107357.96455969589,0.0
2020-12-24T00:00:00,85783.50525529771,107333.79218309268,0.0
2020-12-28T00:00:00,85598.33919406933,107228.44778541701,0.0
2020-12-29T00:00:00,85637.80094924502,106996.55845070642,0.0
2020-12-30T00:00:00,85607.289464276,107047.29482692205,0.0
2020-12-31T00:00:00,85498.51866867978,107009.07598714161,0.0
2021-01-04T00:00:00,85788.78393202,106872.42268218682,0.0
2021-01-05T00:00:00,85639.8450568487,107234.75066672266,0.0
2021-01-06T00:00:00,85885.39683941327,64347.42778763817,0.0
2021-01-07T00:00:00,86204.75769362817,64414.40142781024,0.0
2021-01-08T00:00:00,86328.126661997,64654.1456924576,0.0
2021-01-11T00:00:00,86181.68959736713,64745.135353418904,0.0
2021-01-12T00:00:00,86186.01388364984,64636.04559312177,0.0
2021-01-13T00:00:00,86244.0294143389,64639.504480238684,0.0
2021-01-14T00:00:00,86168.55252747184,64683.04812890437,0.0
2021-01-15T00:00:00,86011.6317185938,64626.589929284935,0.0
2021-01-19T00:00:00,86179.46180037053,64507.71669812428,0.0
2021-01-20T00:00:00,86478.24530848864,64635.22813148187,0.0
2021-01-21T00:00:00,86497.96410212401,64858.695211846534,0.0
2021-01-22T00:00:00,86421.32819662869,64873.37445179944,0.0
2021-01-25T00:00:00,86506.33374063957,64815.79121176615,0.0
2021-01-26T00:00:00,86472.64578505582,64879.823477012724,0.0
2021-01-27T00:00:00,85944.49140797766,64854.6822996554,0.0
2021-01-28T00:00:00,86126.60988612371,64455.70188095204,0.0
2021-01-29T00:00:00,85694.60572369909,64594.011081307595,0.0
2021-02-01T00:00:00,86047.53188845153,64267.27502038599,0.0
2021-02-02T00:00:00,86353.74481606424,64537.67945435665,0.0
2021-02-03T00:00:00,86370.90853647183,64765.49519001918,0.0
2021-02-04T00:00:00,86616.34395428134,64778.19916611224,0.0
2021-02-05T00:00:00,86702.24896463445,64962.93677262,0.0
2021-02-08T00:00:00,86858.94986305326,65026.846886309315,0.0
2021-02-09T00:00:00,86844.04149973884,65143.765400720404,0.0
2021-02-10T00:00:00,86834.51975899609,65132.96348438611,0.0
2021-02-11T00:00:00,86869.54586892629,65125.85813037504,0.0
2021-02-12T00:00:00,86976.73166493417,65152.06206130637,0.0
2021-02-16T00:00:00,86958.05156924464,65232.69771039953,0.0
2021-02-17T00:00:00,86963.08395707008,65218.58535928581,0.0
2021-02-18T00:00:00,86870.51869647345,65222.28081126342,0.0
2021-02-19T00:00:00,86831.82470951145,65152.54441858613,0.0
2021-02-22T00:00:00,86665.02967933641,65124.04410551191,0.0
2021-02-23T00:00:00,86691.91750540587,64999.35172030303,0.0
2021-02-24T00:00:00,86930.65237040636,65018.849645193666,0.0
2021-02-25T00:00:00,86406.09804903505,65197.0981372561,0.0
2021-02-26T00:00:00,86292.12059612595,64801.90293115154,0.0
2021-03-01T00:00:00,86813.79039433826,64717.82535551294,0.0
2021-03-02T00:00:00,86644.07833232623,65109.99056836006,0.0
2021-03-03T00:00:00,86357.2203552535,64983.11411759696,0.0
2021-03-04T00:00:00,86089.84897687295,64767.70358914746,0.0
2021-03-05T00:00:00,86483.4828778872,64565.0822024387,0.0
2021-03-08T00:00:00,86376.18514962563,64862.96060944944,0.0
2021-03-09T00:00:00,86683.49553567765,64781.14147399179,0.0
2021-03-10T00:00:00,86819.54371890108,65013.77692226617,0.0
2021-03-11T00:00:00,87040.14704162769,65115.191116909475,0.0
2021-03-12T00:00:00,87068.59237688212,65279.25084589909,0.0
2021-03-15T00:00:00,87198.38179296575,65301.42611795518,0.0
2021-03-16T00:00:00,87170.90277296051,65398.80166663452,0.0
2021-03-17T00:00:00,87245.25405010114,65378.21809289027,0.0
2021-03-18T00:00:00,86927.43271591852,65433.467383763695,0.0
2021-03-19T00:00:00,86887.06320639579,65195.41241202971,0.0
2021-03-22T00:00:00,87060.42063878916,65165.20956239326,0.0
2021-03-23T00:00:00,86888.69432425199,65294.894574102414,0.0
2021-03-24T00:00:00,86777.58236873208,65165.8323221428,0.0
2021-03-25T00:00:00,86899.8298838588,65083.39135064835,0.0
2021-03-26T00:00:00,87250.07228119153,65175.02302318571,0.0
2021-03-29T00:00:00,87237.61459227728,65436.112305219525,0.0
2021-03-30T00:00:00,87179.7711602418,65428.22627210958,0.0
2021-03-31T00:00:00,87267.98543335972,65384.69595384333,0.0
2021-04-01T00:00:00,87503.82758813615,65451.23505627098,0.0
2021-04-05T00:00:00,87818.80793346243,65628.85924966431,0.0
2021-04-06T00:00:00,87805.14358015002,65863.40437415101,0.0
2021-04-07T00:00:00,87830.53488371235,65853.84758769839,0.0
2021-04-08T00:00:00,87934.79651355394,65872.93523663575,0.0
2021-04-09T00:00:00,88094.47460758584,65950.95491367983,0.0
2021-04-12T00:00:00,88102.13913609406,66070.48918567538,0.0
2021-04-13T00:00:00,88167.4052670006,66076.59353905944,0.0
2021-04-14T00:00:00,88092.05516513874,66125.4767727664,0.0
2021-04-15T00:00:00,88328.23356279382,66068.64191911489,0.0
2021-04-16T00:00:00,88402.36138574981,66246.49575358554,0.0
2021-04-19T00:00:00,88293.56755510838,66301.55562480498,0.0
2021-04-20T00:00:00,88132.08699124874,66220.30836112027,0.0
2021-04-21T00:00:00,88340.5769065131,66099.07705155986,0.0
2021-04-22T00:00:00,88138.5695258307,66255.12950114542,0.0
2021-04-23T00:00:00,88377.03356625864,66103.47884867022,0.0
2021-04-26T00:00:00,88423.18363788888,66282.80548708148,0.0
2021-04-27T00:00:00,88418.39394919548,66317.36219199536,0.0
2021-04-28T00:00:00,88412.0357605608,66313.78762614449,0.0
2021-04-29T00:00:00,88552.85127129254,66308.98631798133,0.0
2021-04-30T00:00:00,88406.62262212666,66413.86904426206,0.0
2021-05-03T00:00:00,88453.57328265099,66304.24619216463,0.0
2021-05-04T00:00:00,88316.90709769577,66339.94317738639,0.0
2021-05-05T00:00:00,88323.22805315796,66237.09258643337,0.0
2021-05-06T00:00:00,88499.54838676105,66242.41406313395,0.0
2021-05-07T00:00:00,88660.63558791885,66374.7204025521,0.0
2021-05-10T00:00:00,88441.06927585139,66495.40327878327,0.0
2021-05-11T00:00:00,88245.40293494,66332.46286171352,0.0
2021-05-12T00:00:00,87777.54830707004,66184.89789162777,0.0
2021-05-13T00:00:00,88039.18534066147,65831.1874354151,0.0
2021-05-14T00:00:00,88378.26382810729,66030.50340431706,0.0
2021-05-17T00:00:00,88320.93866889861,66282.59361914264,0.0
2021-05-18T00:00:00,88130.61780023077,66240.61272984867,0.0
2021-05-19T00:00:00,88074.37023563025,66099.48944614144,0.0
2021-05-20T00:00:00,88311.0831801941,66055.61177935483,0.0
2021-05-21T00:00:00,88293.41732151592,66233.72381780813,0.0
2021-05-24T00:00:00,88518.34467234457,66219.96333573287,0.0
2021-05-25T00:00:00,88469.45519934529,66388.97045902938,0.0
2021-05-26T00:00:00,88513.23734604912,66351.98031799214,0.0
2021-05-27T00:00:00,88524.89016403662,66384.96483220885,0.0
2021-05-28T00:00:00,88564.50016197616,66393.68937213722,0.0
2021-06-01T00:00:00,88545.12839297141,66423.50903118889,0.0
2021-06-02T00:00:00,88579.89429510574,66408.79977372807,0.0
2021-06-03T00:00:00,88497.51434229422,66434.72757861868,0.0
2021-06-04T00:00:00,88699.47530849381,66372.75143218794,0.0
2021-06-07T00:00:00,88677.73292036307,66524.37401813258,0.0
2021-06-08T00:00:00,88682.39630530044,66508.24046238896,0.0
2021-06-09T00:00:00,88649.32330750983,66511.79945895511,0.0
2021-06-10T00:00:00,88752.2280836789,66486.87800402174,0.0
2021-06-11T00:00:00,88788.88271434081,66564.16216784352,0.0
2021-06-14T00:00:00,88838.55069094028,66591.6284590462,0.0
2021-06-15T00:00:00,88797.77045503892,66628.87094326566,0.0
2021-06-16T00:00:00,88673.76473141075,66598.27110809069,0.0
2021-06-17T00:00:00,88666.37493872353,66505.28053719875,0.0
2021-06-18T00:00:00,88367.37075448595,66499.81883213716,0.0
2021-06-21T00:00:00,88682.2847251212,66274.17160241875,0.0
2021-06-22T00:00:00,88800.44574719123,66511.34918808751,0.0
2021-06-23T00:00:00,88773.57153151614,66600.2170907859,0.0
2021-06-24T00:00:00,88904.7254183736,66580.03978192506,0.0
2021-06-25T00:00:00,88983.71016206674,66678.58076045338,0.0
2021-06-28T00:00:00,89028.54183177883,66737.77111239194,0.0
2021-06-29T00:00:00,89040.50159650738,66771.38800801524,0.0
2021-06-30T00:00:00,89059.21450980002,66780.35241540908,0.0
2021-07-01T00:00:00,89182.48751641974,66794.41632003187,0.0
2021-07-02T00:00:00,89353.03639771318,66886.99233638897,0.0
2021-07-06T00:00:00,89312.16850518309,67014.60230857543,0.0
2021-07-07T00:00:00,89390.98022664692,66984.02908994185,0.0
2021-07-08T00:00:00,89208.03134241096,67042.3732031097,0.0
2021-07-09T00:00:00,89445.38889956402,66905.30777080111,0.0
2021-07-12T00:00:00,89525.17332724159,67083.73516545045,0.0
2021-07-13T00:00:00,89448.6735616743,67143.67408346207,0.0
2021-07-14T00:00:00,89481.71464769215,67086.18125234956,0.0
2021-07-15T00:00:00,89405.19109006942,67111.16608462733,0.0
2021-07-16T00:00:00,89229.61862657912,67053.64091216608,0.0
2021-07-19T00:00:00,88901.56154811643,66923.58742009538,0.0
2021-07-20T00:00:00,89219.27264997817,66675.38369006221,0.0
2021-07-21T00:00:00,89400.20643149383,66914.8024580405,0.0
2021-07-22T00:00:00,89446.86734030317,67050.00994160917,0.0
2021-07-23T00:00:00,89677.03796428903,67085.2636558923,0.0
2021-07-26T00:00:00,89731.56802095505,67257.27166208404,0.0
2021-07-27T00:00:00,89629.15847185208,67298.50968949747,0.0
2021-07-28T00:00:00,89619.74028160586,67221.63634205522,0.0
2021-07-29T00:00:00,89712.63580869883,67214.7795196367,0.0
2021-07-30T00:00:00,89603.17981726723,67283.93923918363,0.0
2021-08-02T00:00:00,89555.71841782393,67201.92123613541,0.0
2021-08-03T00:00:00,89737.74184854246,67166.66764298479,0.0
2021-08-04T00:00:00,89626.75736941959,67302.67676089186,0.0
2021-08-05T00:00:00,89768.29498762179,67219.7099638562,0.0
2021-08-06T00:00:00,89805.30020562961,67326.14263833602,0.0
2021-08-09T00:00:00,89786.99048901058,67353.93142828661,0.0
2021-08-10T00:00:00,89814.8802751623,67340.20741771375,0.0
2021-08-11T00:00:00,89870.69777019847,67361.18259439967,0.0
2021-08-12T00:00:00,89937.95163201014,67402.9453260808,0.0
2021-08-13T00:00:00,89978.84857754252,67453.44211242364,0.0
2021-08-16T00:00:00,90031.67451237535,67483.99474264887,0.0
2021-08-17T00:00:00,89883.82880331739,67523.45358861327,0.0
2021-08-18T00:00:00,89637.98821462008,67412.97432322009,0.0
2021-08-19T00:00:00,89673.62941115363,67229.43705621445,0.0
2021-08-20T00:00:00,89851.9996855728,67255.20495768524,0.0
2021-08-23T00:00:00,90049.93686791704,67389.34046089035,0.0
2021-08-24T00:00:00,90085.68393883489,67537.46406554196,0.0
2021-08-25T00:00:00,90132.91612550752,67564.23461545551,0.0
2021-08-26T00:00:00,89999.81826446662,67599.61011481605,0.0
2021-08-27T00:00:00,90200.6502172122,67499.52090759033,0.0
2021-08-30T00:00:00,90299.82480252077,67650.50102418248,0.0
2021-08-31T00:00:00,90266.2512922944,67724.74021824088,0.0
2021-09-01T00:00:00,90278.15313345531,67699.59524693714,0.0
2021-09-02T00:00:00,90347.60637655632,67708.63160231063,0.0
2021-09-03T00:00:00,90341.90805851546,67760.48761130315,0.0
2021-09-07T00:00:00,90261.14989384814,67756.42827155437,0.0
2021-09-08T00:00:00,90233.6460255494,67695.84784914031,0.0
2021-09-09T00:00:00,90137.0682031263,67675.21315534062,0.0
2021-09-10T00:00:00,89958.95275336473,67602.35941557014,0.0
2021-09-13T00:00:00,90015.34951042102,67468.05597014922,0.0
2021-09-14T00:00:00,89893.9932824241,67511.59640806874,0.0
2021-09-15T00:00:00,90081.47675676392,67420.26534369716,0.0
2021-09-16T00:00:00,90045.38666247702,67560.71942870386,0.0
2021-09-17T00:00:00,89826.1129990953,67534.0491646172,0.0
2021-09-20T00:00:00,89453.85636642555,67371.76978345355,0.0
2021-09-21T00:00:00,89430.68979958608,67088.3508286412,0.0
2021-09-22T00:00:00,89648.67269094638,67072.90861663742,0.0
2021-09-23T00:00:00,89921.47673125967,67237.00034998356,0.0
2021-09-24T00:00:00,89957.4001564147,67439.99961629041,0.0
2021-09-27T00:00:00,89892.94784574248,67467.93855239509,0.0
2021-09-28T00:00:00,89440.31636339505,67419.96026712852,0.0
2021-09-29T00:00:00,89476.28676465547,67078.5710828946,0.0
2021-09-30T00:00:00,89202.94267076459,67107.27537888559,0.0
2021-10-01T00:00:00,89466.78413841533,66901.01724001096,0.0
2021-10-04T00:00:00,89554.87728507,111633.1324502487,0.0
2021-10-05T00:00:00,89322.6124491226,111944.28525545851,0.0
2021-10-06T00:00:00,89231.94328141327,111655.40400653926,0.0
2021-10-07T00:00:00,89037.97655059627,111538.82722282926,0.0
2021-10-08T00:00:00,89077.75639125757,111296.6549197858,0.0
2021-10-11T00:00:00,89238.82346746698,111347.0388252652,0.0
2021-10-12T00:00:00,89293.8901028825,111548.67923692701,0.0
2021-10-13T00:00:00,89213.64830834544,111617.43170701654,0.0
2021-10-14T00:00:00,88837.43662347809,111516.00845206907,0.0
2021-10-15T00:00:00,88665.19646149658,111043.69734953601,0.0
2021-10-18T00:00:00,88600.15928066373,110832.08128233513,0.0
2021-10-19T00:00:00,88428.83385904465,110749.75863429313,0.0
2021-10-20T00:00:00,88341.44838235017,110535.48733919741,0.0
2021-10-21T00:00:00,88283.83465432137,110426.80081801329,0.0
2021-10-22T00:00:00,88306.67036394679,110354.75811138995,0.0
2021-10-25T00:00:00,88188.31095735493,110383.3680526334,0.0
2021-10-26T00:00:00,88167.70513245829,110234.62890025697,0.0
2021-10-27T00:00:00,88265.2887646338,110209.56694185852,0.0
2021-10-28T00:00:00,88052.59466483098,110331.83517009421,0.0
2021-10-29T00:00:00,88008.95312249393,110066.76625153066,0.0
2021-11-01T00:00:00,87970.89568942497,110010.9805424867,0.0
2021-11-02T00:00:00,87881.88575829091,109963.52980888198,0.0
2021-11-03T00:00:00,87747.72898707658,109852.33433719818,0.0
2021-11-04T00:00:00,87643.865710378,109684.17708602147,0.0
2021-11-05T00:00:00,87566.98981324509,109553.97964944651,0.0
2021-11-08T00:00:00,87547.91835260535,109458.3556121376,0.0
2021-11-09T00:00:00,87620.20958401373,109434.84314363525,0.0
2021-11-10T00:00:00,87795.94768435498,109524.77810100227,0.0
2021-11-11T00:00:00,87789.26950624406,109745.35612558837,0.0
2021-11-12T00:00:00,87623.59747300098,109736.54814679276,0.0
2021-11-15T00:00:00,87615.17602626495,109528.57632224451,0.0
2021-11-16T00:00:00,87528.4741959158,109518.96136607512,0.0
2021-11-17T00:00:00,87581.53195196716,109410.49420758517,0.0
2021-11-18T00:00:00,87507.22177635336,109476.97078858281,0.0
2021-11-19T00:00:00,87546.22640843395,109383.91100358448,0.0
2021-11-22T00:00:00,87607.97616682563,109432.91762580891,0.0
2021-11-23T00:00:00,87578.76067972704,109509.79660590096,0.0
2021-11-24T00:00:00,87520.42082785534,109473.5618003991,0.0
2021-11-26T00:00:00,88009.40871910434,109401.52236381333,0.0
2021-11-29T00:00:00,87745.35899834435,110017.60684801626,0.0
2021-11-30T00:00:00,88173.56899465503,109683.07396909445,0.0
2021-12-01T00:00:00,88424.7114965863,110223.26800881229,0.0
2021-12-02T00:00:00,88085.82161398383,110530.58168843796,0.0
2021-12-03T00:00:00,87650.01679251467,65820.17520070952,0.0
2021-12-06T00:00:00,87908.91105421701,65736.89340511037,0.0
2021-12-07T00:00:00,88365.59839320769,65933.77218354163,0.0
2021-12-08T00:00:00,88423.88809085182,66273.98971873631,0.0
2021-12-09T00:00:00,88274.44540618251,66317.72204662007,0.0
2021-12-10T00:00:00,88481.32454134719,66204.97359799345,0.0
2021-12-13T00:00:00,88284.95740779453,66360.57635019415,0.0
2021-12-14T00:00:00,88133.98387825342,66214.59386816146,0.0
2021-12-15T00:00:00,88478.07132784245,66100.30133427182,0.0
2021-12-16T00:00:00,88283.69911362216,66359.24351124813,0.0
2021-12-17T00:00:00,88049.61043954986,66213.58480111817,0.0
2021-12-20T00:00:00,87817.35045550356,66039.01249986982,0.0
2021-12-21T00:00:00,88205.5653919689,65861.34143601314,0.0
2021-12-22T00:00:00,88425.43554579758,66153.56187200717,0.0
2021-12-23T00:00:00,88563.11117170964,66319.20195339949,0.0
2021-12-27T00:00:00,88876.61554882494,66422.49764819453,0.0
2021-12-28T00:00:00,88858.32680404268,66657.33353401415,0.0
2021-12-29T00:00:00,88886.7203536433,66643.72155555645,0.0
2021-12-30T00:00:00,88825.27860335354,66665.02830000952,0.0
2021-12-31T00:00:00,88769.29180721013,66618.94007875376,0.0
2022-01-03T00:00:00,88897.60630372341,66576.78715670359,0.0
2022-01-04T00:00:00,88890.3223508998,66673.36390811368,0.0
2022-01-05T00:00:00,89209.14687332882,111005.00444727106,0.0
2022-01-06T00:00:00,89228.80284544293,111510.13890486816,0.0
2022-01-07T00:00:00,89316.9569500098,111535.9652421054,0.0
2022-01-10T00:00:00,89343.77591565455,111645.22971048314,0.0
2022-01-11T00:00:00,89140.25888006439,111679.64734322195,0.0
2022-01-12T00:00:00,89078.62963738885,111423.9423016731,0.0
2022-01-13T00:00:00,89385.1720024756,111347.98500339035,0.0
2022-01-14T00:00:00,89372.70156030137,111728.13265102867,0.0
2022-01-18T00:00:00,89768.50291187075,111715.99007447387,0.0
2022-01-19T00:00:00,90002.55820159282,112211.65513551363,0.0
2022-01-20T00:00:00,90252.44970889883,112504.04651582864,0.0
2022-01-21T00:00:00,90694.07377905975,112814.26360551706,0.0
2022-01-24T00:00:00,90589.44480695677,113359.25018840207,0.0
2022-01-25T00:00:00,90867.65388890143,113238.51199136298,0.0
2022-01-26T00:00:00,90929.09388038801,113589.01594058493,0.0
2022-01-27T00:00:00,91042.05028031865,113662.07201956077,0.0
2022-01-28T00:00:00,90477.04159446644,113802.81979481656,0.0
2022-01-31T00:00:00,90069.71165974526,113096.37078890872,0.0
2022-02-01T00:00:00,89915.9193946799,112585.49790789028,0.0
2022-02-02T00:00:00,89696.19622979498,112393.53759667628,0.0
2022-02-03T00:00:00,90226.68992222745,112123.6635278191,0.0
2022-02-04T00:00:00,90119.25917495965,112781.9969159249,0.0
2022-02-07T00:00:00,90191.12461235012,112648.63362757002,0.0
2022-02-08T00:00:00,90005.3630660156,112738.66317569805,0.0
2022-02-09T00:00:00,89673.47509482485,112504.14946333374,0.0
2022-02-10T00:00:00,90081.20707555563,112096.81733285246,0.0
2022-02-11T00:00:00,90524.62085475081,112600.84795026199,0.0
2022-02-14T00:00:00,90597.09027552168,113154.25901992279,0.0
2022-02-15T00:00:00,90232.67561035696,113247.21097337801,0.0
2022-02-16T00:00:00,90208.92643382022,112792.37918512202,0.0
2022-02-17T00:00:00,90690.8653415861,112761.34778556191,0.0
2022-02-18T00:00:00,90837.13266132234,113363.0435374398,0.0
2022-02-22T00:00:00,91079.57460779065,113545.15303480618,0.0
2022-02-23T00:00:00,91485.20791342916,113851.19517340783,0.0
2022-02-24T00:00:00,91127.18605483322,114342.67715988337,0.0
2022-02-25T00:00:00,90622.54634258014,113906.99956940774,0.0
2022-02-28T00:00:00,90687.78983630057,113285.46177424667,0.0
2022-03-01T00:00:00,91032.71222878573,113359.35551499197,0.0
2022-03-02T00:00:00,90615.79090486781,113792.63401751735,0.0
2022-03-03T00:00:00,90724.6948097001,113265.8634040349,0.0
2022-03-04T00:00:00,90907.49150718737,113404.38721678975,0.0
2022-03-07T00:00:00,91576.77987915475,113633.68847274693,0.0
2022-03-08T00:00:00,91749.47113380178,114470.08689995928,0.0
2022-03-09T00:00:00,91138.79944950841,114691.13465803614,0.0
2022-03-10T00:00:00,91249.31678505018,113931.13427392779,0.0
2022-03-11T00:00:00,91539.99097189169,114062.2581130738,0.0
2022-03-14T00:00:00,91707.40243236301,114425.14852228343,0.0
2022-03-15T00:00:00,91204.30403865388,114635.32493018819,0.0
2022-03-16T00:00:00,90692.24672031193,113998.9209873638,0.0
2022-03-17T00:00:00,90410.58861140876,113367.30811463611,0.0
2022-03-18T00:00:00,90163.86417593554,113014.07588894399,0.0
2022-03-21T00:00:00,90170.11709709516,112704.48937125676,0.0
2022-03-22T00:00:00,89906.35404971865,112712.66106646806,0.0
2022-03-23T00:00:00,90197.28325643892,112384.41359554826,0.0
2022-03-24T00:00:00,89858.56677744021,112747.80135710766,0.0
2022-03-25T00:00:00,89747.58527956234,112321.93498795846,0.0
2022-03-28T00:00:00,89587.9767682412,112184.4662305809,0.0
2022-03-29T00:00:00,89308.80147318167,111982.86916508741,0.0
2022-03-30T00:00:00,89447.05619210431,111636.3891013593,0.0
2022-03-31T00:00:00,89790.665204336,111808.25648882323,0.0
2022-04-01T00:00:00,89727.98896736876,112239.2697580959,0.0
2022-04-04T00:00:00,89535.66720341374,112159.83011536907,0.0
2022-04-05T00:00:00,89818.87641963882,111920.05395859983,0.0
2022-04-06T00:00:00,90039.6351606863,112269.82156558947,0.0
2022-04-07T00:00:00,89925.20538757398,112548.54024151868,0.0
2022-04-08T00:00:00,89985.35850276503,112406.54638542322,0.0
2022-04-11T00:00:00,90369.17923067074,112481.00496474825,0.0
2022-04-12T00:00:00,90455.60971662699,112964.19388314159,0.0
2022-04-13T00:00:00,90196.37600309894,113069.29122536958,0.0
2022-04-14T00:00:00,90476.48502156381,112744.80558626061,0.0
2022-04-18T00:00:00,90465.87219434997,113094.2924524806,0.0
2022-04-19T00:00:00,90100.77020876219,113082.32530096282,0.0
2022-04-20T00:00:00,90114.84654033113,112623.34208387135,0.0
2022-04-21T00:00:00,90451.87777013809,112643.70164649509,0.0
2022-04-22T00:00:00,91070.61848975223,113063.10699925337,0.0
2022-04-25T00:00:00,90933.1444186959,113832.79338593887,0.0
2022-04-26T00:00:00,91592.30533812458,113667.22187584078,0.0
2022-04-27T00:00:00,91528.93147217977,114491.38634448798,0.0
2022-04-28T00:00:00,90949.85133413554,114410.07706486383,0.0
2022-04-29T00:00:00,91796.17312405155,113693.3602982162,0.0
2022-05-02T00:00:00,91656.61778254976,114743.79985110095,0.0
2022-05-03T00:00:00,91551.09597378297,114570.28996628741,0.0
2022-05-04T00:00:00,90853.67623449612,114438.4508298301,0.0
2022-05-05T00:00:00,91668.8291076834,113574.94884588468,0.0
2022-05-06T00:00:00,91797.47388348458,114577.89310616381,0.0
2022-05-09T00:00:00,92529.43908732886,114744.02879366638,0.0
2022-05-10T00:00:00,92489.1436971389,115674.95465853615,0.0
2022-05-11T00:00:00,92856.53572579604,115611.49670394273,0.0
2022-05-12T00:00:00,92876.13089243643,116066.03070898331,0.0
2022-05-13T00:00:00,92321.29555666352,116095.44384526773,0.0
2022-05-16T00:00:00,92416.90532828723,115403.58005512356,0.0
2022-05-17T00:00:00,91943.35452512308,115522.84405725465,0.0
2022-05-18T00:00:00,92876.06934742388,114935.31439293179,0.0
2022-05-19T00:00:00,93006.9482293007,116083.75416326648,0.0
2022-05-20T00:00:00,92998.2325816595,116260.12161847574,0.0
2022-05-23T00:00:00,92563.11395595418,116247.67078796173,0.0
2022-05-24T00:00:00,92744.925701264,115709.05313288231,0.0
2022-05-25T00:00:00,92538.85172972608,115929.93285873445,0.0
2022-05-26T00:00:00,92075.36353589915,115672.33822085425,0.0
2022-05-27T00:00:00,91505.67998449772,115089.6163087437,0.0
2022-05-31T00:00:00,91635.88806125202,114383.94761985411,0.0
2022-06-01T00:00:00,91821.8193786107,114545.48929390479,0.0
2022-06-02T00:00:00,91384.21781573172,114776.82881153982,0.0
2022-06-03T00:00:00,91764.8767111192,114235.99019262618,0.0
2022-06-06T00:00:00,91699.16027326573,114710.23338718922,0.0
2022-06-07T00:00:00,91479.90604750274,114624.59483395061,0.0
2022-06-08T00:00:00,91729.33288787515,114350.66583207033,0.0
2022-06-09T00:00:00,92272.8451922741,114659.77688407822,0.0
2022-06-10T00:00:00,92929.5746593567,115328.9088803737,0.0
2022-06-13T00:00:00,93789.17130724873,116139.4735132604,0.0
2022-06-14T00:00:00,93863.56238445116,117240.20303876977,0.0
2022-06-15T00:00:00,93529.72601122066,117330.15052008892,0.0
2022-06-16T00:00:00,94312.54902600627,116921.11941685715,0.0
2022-06-17T00:00:00,94261.41397926932,117890.37475847296,0.0
2022-06-21T00:00:00,93667.04222660592,117825.62185106342,0.0
2022-06-22T00:00:00,93717.18988716486,117091.49400101377,0.0
2022-06-23T00:00:00,93487.76926916458,117146.73465311408,0.0
2022-06-24T00:00:00,92741.71220131729,116856.73890465921,0.0
2022-06-27T00:00:00,92826.54468588949,115923.41536322258,0.0
2022-06-28T00:00:00,93301.02469577524,116033.47812653528,0.0
2022-06-29T00:00:00,93320.02134968023,116626.28585500053,0.0
2022-06-30T00:00:00,93509.27258140691,116649.7354729258,0.0
2022-07-01T00:00:00,93261.23098139404,116885.80091831266,0.0
2022-07-05T00:00:00,93221.08618675404,116580.42648035992,0.0
2022-07-06T00:00:00,93142.2746456197,116526.25515313099,0.0
2022-07-07T00:00:00,92792.89767052855,116427.2142717361,0.0
2022-07-08T00:00:00,92813.25083106464,115992.39420100948,0.0
2022-07-11T00:00:00,93078.1030093278,116016.3521236842,0.0
2022-07-12T00:00:00,93283.01418029184,116346.62917130487,0.0
2022-07-13T00:00:00,93401.23835543817,116599.51657706178,0.0
2022-07-14T00:00:00,93455.61980027662,116749.22712736802,0.0
2022-07-15T00:00:00,93010.00905593914,116820.28077214952,0.0
2022-07-18T00:00:00,93196.44106721014,116256.95282560373,0.0
2022-07-19T00:00:00,92569.13537297906,116497.76727288692,0.0
2022-07-20T00:00:00,92420.04819293423,115709.82491327907,0.0
2022-07-21T00:00:00,92184.77662017895,115525.06754476196,0.0
2022-07-22T00:00:00,92398.06052918053,115230.43057814306,0.0
2022-07-25T00:00:00,92370.03831228829,115497.61788251213,0.0
2022-07-26T00:00:00,92643.34365110369,115462.6487614661,0.0
2022-07-27T00:00:00,92044.45325573502,115806.69061428377,0.0
2022-07-28T00:00:00,91753.10384688103,115052.83289090238,0.0
2022-07-29T00:00:00,91416.80477535349,114689.48738786139,0.0
2022-08-01T00:00:00,91486.74067909764,114273.26217164702,0.0
2022-08-02T00:00:00,91637.16061462494,114357.95605729014,0.0
2022-08-03T00:00:00,91279.15915231477,114547.19961187939,0.0
2022-08-04T00:00:00,91293.9819611372,114098.3573316346,0.0
2022-08-05T00:00:00,91332.32251408571,114117.2408265323,0.0
2022-08-08T00:00:00,91358.9664308115,114165.53771643974,0.0
2022-08-09T00:00:00,91449.5497972733,114198.59641583475,0.0
2022-08-10T00:00:00,90971.22642648645,114313.81059018058,0.0
2022-08-11T00:00:00,90966.0267853532,113708.83339197481,0.0
2022-08-12T00:00:00,90581.02170957951,113707.52520707245,0.0
2022-08-15T00:00:00,90489.6101743603,113228.17804486991,0.0
2022-08-16T00:00:00,90445.43032508923,113112.14421143555,0.0
2022-08-17T00:00:00,90606.32953542669,113057.19358821615,0.0
2022-08-18T00:00:00,90540.29128007728,113257.7076557748,0.0
2022-08-19T00:00:00,90844.89674777238,113175.80094545128,0.0
2022-08-22T00:00:00,91312.65194536529,113550.96683482885,0.0
2022-08-23T00:00:00,91366.33982130355,114139.28000476165,0.0
2022-08-24T00:00:00,91293.0768767832,114207.78154700993,0.0
2022-08-25T00:00:00,90970.38461842903,114115.8608392126,0.0
2022-08-26T00:00:00,91739.70467129129,113712.4866477327,0.0
2022-08-29T00:00:00,91882.52337204268,114665.79687905683,0.0
2022-08-30T00:00:00,92134.97850493889,114853.4383675512,0.0
2022-08-31T00:00:00,92311.12076309182,115169.6064742872,0.0
2022-09-01T00:00:00,92237.10878836263,115387.30109371881,0.0
2022-09-02T00:00:00,92479.23139926577,115295.3624869618,0.0
2022-09-06T00:00:00,92566.69776512467,115599.26845069753,0.0
2022-09-07T00:00:00,92150.69753696898,115708.11586953852,0.0
2022-09-08T00:00:00,92002.45927045347,115190.71262975961,0.0
2022-09-09T00:00:00,91643.74989147412,115001.68340478081,0.0
2022-09-12T00:00:00,91394.43396347464,114551.61093085297,0.0
2022-09-13T00:00:00,92394.3564846276,114249.44936842726,0.0
2022-09-14T00:00:00,92308.65194334509,115495.38169830006,0.0
2022-09-15T00:00:00,92570.94297199998,115386.10595988619,0.0
2022-09-16T00:00:00,92743.31142929054,115709.49327984202,0.0
2022-09-19T00:00:00,92561.29746399999,115926.93084825347,0.0
2022-09-20T00:00:00,92828.60565401567,115703.30874921907,0.0
2022-09-21T00:00:00,93234.66537374313,116037.00077046921,0.0
2022-09-22T00:00:00,93428.60512780365,116541.4806240626,0.0
2022-09-23T00:00:00,93817.21095946364,116783.01539351119,0.0
2022-09-26T00:00:00,94046.45330064178,117268.73356637573,0.0
2022-09-27T00:00:00,94108.97849840179,117560.57191570368,0.0
2022-09-28T00:00:00,93646.14287521227,117636.3171575173,0.0
2022-09-29T00:00:00,94140.13135154959,117062.62127464903,0.0
2022-09-30T00:00:00,94501.4687888955,117672.56826088885,0.0
2022-10-03T00:00:00,93881.99417459621,118131.10200182292,0.0
2022-10-04T00:00:00,93141.23038359857,117338.99782251508,0.0
2022-10-05T00:00:00,93205.13142447971,116436.22786887176,0.0
2022-10-06T00:00:00,93445.12685506878,116506.03548476078,0.0
2022-10-07T00:00:00,94092.91108146799,116802.55583603588,0.0
2022-10-10T00:00:00,94273.9011175943,117617.526145829,0.0
2022-10-11T00:00:00,94421.71102168204,117840.92729304836,0.0
2022-10-12T00:00:00,94499.51886188138,118027.0815666544,0.0
2022-10-13T00:00:00,93873.88197306378,118122.24905774818,0.0
2022-10-14T00:00:00,94402.00992295651,117335.66468559155,0.0
2022-10-17T00:00:00,93806.41856806642,118013.38138768436,0.0
2022-10-18T00:00:00,93512.58905584316,117239.74136730665,0.0
2022-10-19T00:00:00,93679.75004035264,116892.22489943667,0.0
2022-10-20T00:00:00,93875.5549262125,117099.11058840352,0.0
2022-10-21T00:00:00,93304.6584938613,117343.87924980295,0.0
2022-10-24T00:00:00,93015.10121036442,116626.69086049043,0.0
2022-10-25T00:00:00,92643.30436198291,116268.41182006929,0.0
2022-10-26T00:00:00,92821.08577408578,115807.41515158497,0.0
2022-10-27T00:00:00,92945.26824585992,116026.62798462248,0.0
2022-10-28T00:00:00,92392.18323218063,116181.30702600797,0.0
2022-10-31T00:00:00,92562.5747600141,115493.77293305959,0.0
2022-11-01T00:00:00,92665.64806225721,115705.03071071059,0.0
2022-11-02T00:00:00,93246.64093250131,115831.66425651035,0.0
2022-11-03T00:00:00,93478.99335162142,116550.62037184651,0.0
2022-11-04T00:00:00,93146.98410568129,116853.0976995103,0.0
2022-11-07T00:00:00,92922.08419582638,116431.57880008558,0.0
2022-11-08T00:00:00,92795.47172557988,116151.33130131732,0.0
2022-11-09T00:00:00,93274.03054668449,115994.95510352761,0.0
2022-11-10T00:00:00,92013.87940389341,116613.8341476912,0.0
2022-11-11T00:00:00,91785.16421456082,115011.2742352118,0.0
2022-11-14T00:00:00,91981.2423507378,114732.33399989885,0.0
2022-11-15T00:00:00,91788.4681563019,114979.90599226007,0.0
2022-11-16T00:00:00,91964.20584350025,114736.26664170562,0.0
2022-11-17T00:00:00,92031.4677608524,114952.16786042422,0.0
2022-11-18T00:00:00,91927.6466469334,115039.97618607643,0.0
2022-11-21T00:00:00,92011.47130641642,114909.82028143413,0.0
2022-11-22T00:00:00,91702.30146544526,115014.72131771501,0.0
2022-11-23T00:00:00,91557.58881631137,114627.63142758307,0.0
2022-11-25T00:00:00,91562.7009965861,114446.97892742,0.0
2022-11-28T00:00:00,91927.91020592186,114453.31519882439,0.0
2022-11-29T00:00:00,91966.84979446541,114909.35851076896,0.0
2022-11-30T00:00:00,91242.55766877029,114958.52055412844,0.0
2022-12-01T00:00:00,91255.54104700619,114049.39910198042,0.0
2022-12-02T00:00:00,91281.57851653614,114069.14440052786,0.0
2022-12-05T00:00:00,91691.81773556933,114101.68533884287,0.0
2022-12-06T00:00:00,92021.25378927948,114613.777909346,0.0
2022-12-07T00:00:00,92058.83466038121,115025.01179064058,0.0
2022-12-08T00:00:00,91878.71061349516,115073.71437522779,0.0
2022-12-09T00:00:00,92050.69752208998,114848.7886277293,0.0
2022-12-12T00:00:00,91719.04646169001,115063.50033461535,0.0
2022-12-13T00:00:00,91533.10870247222,114636.44862479845,0.0
2022-12-14T00:00:00,91679.27906553047,114416.25127522663,0.0
2022-12-15T00:00:00,92237.33501842002,114596.49180262932,0.0
2022-12-16T00:00:00,92503.70186753255,115290.7971235347,0.0
2022-12-19T00:00:00,92699.46870743195,115629.29206360503,0.0
2022-12-20T00:00:00,92666.87777400171,115873.45752694641,0.0
2022-12-21T00:00:00,92320.13241252137,115833.25299235883,0.0
2022-12-22T00:00:00,92652.31110828047,115403.08205390375,0.0
2022-12-23T00:00:00,92517.29333168066,115813.60871333249,0.0
2022-12-27T00:00:00,92608.30400587269,115646.41737989549,0.0
2022-12-28T00:00:00,92895.84497027595,115760.18749029563,0.0
2022-12-29T00:00:00,92480.08939711441,116122.09433279236,0.0
2022-12-30T00:00:00,92544.01883918469,115603.13947624691,0.0
2023-01-03T00:00:00,92641.68952466438,115680.29728099605,0.0
2023-01-04T00:00:00,92463.45963539906,115802.68216647387,0.0
2023-01-05T00:00:00,92728.1468768627,115580.17677454851,0.0
2023-01-06T00:00:00,92198.83800244021,115912.49063187154,0.0
2023-01-09T00:00:00,92206.97597201742,115243.61822117506,0.0
2023-01-10T00:00:00,92045.27057695677,115258.67356501147,0.0
2023-01-11T00:00:00,91753.06465632911,115055.42844332011,0.0
2023-01-12T00:00:00,91667.94340425194,114689.72048129975,0.0
2023-01-13T00:00:00,91579.75897955714,114585.65446754756,0.0
2023-01-17T00:00:00,91621.53781593947,114474.53717209415,0.0
2023-01-18T00:00:00,91983.25612701336,114527.00652065335,0.0
2023-01-19T00:00:00,92147.5224719921,114975.93051655882,0.0
2023-01-20T00:00:00,91718.83608532703,115184.87058476284,0.0
2023-01-23T00:00:00,91441.75867202203,114646.59358139665,0.0
2023-01-24T00:00:00,91467.27673755416,114303.18453230383,0.0
2023-01-25T00:00:00,91458.33500529587,114333.721674142,0.0
2023-01-26T00:00:00,91206.9539666679,114322.82740452753,0.0
2023-01-27T00:00:00,91154.93638209742,114009.06527680383,0.0
2023-01-30T00:00:00,91441.22836585372,113944.0370257415,0.0
2023-01-31T00:00:00,91105.04462795619,114301.47651639723,0.0
2023-02-01T00:00:00,90863.6630338801,113881.98537210445,0.0
2023-02-02T00:00:00,90529.53756834065,113576.12894763825,0.0
2023-02-03T00:00:00,90774.6420824651,113166.46170886532,0.0
2023-02-06T00:00:00,90910.99843924497,113465.97583416816,0.0
2023-02-07T00:00:00,90613.09089575517,113638.08347235722,0.0
2023-02-08T00:00:00,90862.08554946033,113267.64911059702,0.0
2023-02-09T00:00:00,91061.37541953994,113579.97270473382,0.0
2023-02-10T00:00:00,91007.13055684499,113825.60256571427,0.0
2023-02-13T00:00:00,90739.83823516255,113758.70155698396,0.0
2023-02-14T00:00:00,90751.06284486492,113425.58150867748,0.0
2023-02-15T00:00:00,90677.29248169447,113438.73525296967,0.0
2023-02-16T00:00:00,90990.43967726454,113347.63354826125,0.0
2023-02-17T00:00:00,91044.55879061294,113735.33995239502,0.0
2023-02-21T00:00:00,91500.33595406543,113804.86811677857,0.0
2023-02-22T00:00:00,91531.61242203538,114375.17019438335,0.0
2023-02-23T00:00:00,91410.12243479014,114414.7540760722,0.0
2023-02-24T00:00:00,91656.00722195995,114264.41610202337,0.0
2023-02-27T00:00:00,91580.19378939386,114572.23422303778,0.0
2023-02-28T00:00:00,91664.78546037576,114475.21832173775,0.0
2023-03-01T00:00:00,91752.30844288769,114580.59603548993,0.0
2023-03-02T00:00:00,91573.17380171559,114689.64815331294,0.0
2023-03-03T00:00:00,91645.74888450089,68385.30083174334,0.0
2023-03-06T00:00:00,91661.83924010953,68734.52603453123,0.0
2023-03-07T00:00:00,91310.55430984624,68746.36016440106,0.0
2023-03-08T00:00:00,91347.33119675083,68482.43872565987,0.0
2023-03-09T00:00:00,90926.01259737858,68510.51381900326,0.0
2023-03-10T00:00:00,90597.99820574565,68194.49308958398,0.0
2023-03-13T00:00:00,90567.95955364034,67950.74514085166,0.0
2023-03-14T00:00:00,90941.86531277072,67925.60148138157,0.0
2023-03-15T00:00:00,90795.06900539658,68201.79558144527,0.0
2023-03-16T00:00:00,91193.82622278215,68096.81065950992,0.0
2023-03-17T00:00:00,90925.75743173799,68393.87381505425,0.0
2023-03-20T00:00:00,91143.61860873885,68193.60227686203,0.0
2023-03-21T00:00:00,91444.0181594117,68358.92337482385,0.0
2023-03-22T00:00:00,91053.88027844869,68582.57491726906,0.0
2023-03-23T00:00:00,91112.75634399107,68287.74576124152,0.0
2023-03-24T00:00:00,91261.99399490091,68334.33871300609,0.0
2023-03-27T00:00:00,91305.16141796326,68446.99736428769,0.0
2023-03-28T00:00:00,91253.81738410762,68478.76537060458,0.0
2023-03-29T00:00:00,91584.93141144072,68439.88435658706,0.0
2023-03-30T00:00:00,91720.31606154838,68690.01950617188,0.0
2023-03-31T00:00:00,92043.59064606094,68790.32417510574,0.0
2023-04-03T00:00:00,92130.59092913299,69032.00839347622,0.0
2023-04-04T00:00:00,92002.81337820247,69097.95137214076,0.0
2023-04-05T00:00:00,91942.62482063124,69002.14432071999,0.0
2023-04-06T00:00:00,92032.31313873819,68956.99283345333,0.0
2023-04-10T00:00:00,92055.40106780594,69023.71036711795,0.0
2023-04-11T00:00:00,92061.58448982981,69041.55227051792,0.0
2023-04-12T00:00:00,91967.79328789582,69046.20569959085,0.0
2023-04-13T00:00:00,92272.88399865862,68975.54397506133,0.0
2023-04-14T00:00:00,92215.82737008888,69203.95227022054,0.0
2023-04-17T00:00:00,92298.49600933668,69161.81644842084,0.0
2023-04-18T00:00:00,92313.69877638848,69224.0241347448,0.0
2023-04-19T00:00:00,92309.72655520923,69235.2032175543,0.0
2023-04-20T00:00:00,92183.80862032191,69232.31115781993,0.0
2023-04-21T00:00:00,92201.49830674865,69137.6430561463,0.0
2023-04-24T00:00:00,92225.51845694165,69151.09662242167,0.0
2023-04-25T00:00:00,91859.40837961595,69169.0222315839,0.0
2023-04-26T00:00:00,91761.29149657906,68893.7086727952,0.0
2023-04-27T00:00:00,92217.40489208892,68820.38352113446,0.0
2023-04-28T00:00:00,92412.89421030224,69161.77267665454,0.0
2023-05-01T00:00:00,92389.1768500829,69309.28441625166,0.0
2023-05-02T00:00:00,92129.58579082118,69291.88753183087,0.0
2023-05-03T00:00:00,91970.95212353082,69096.64892450869,0.0
2023-05-04T00:00:00,91808.23829110166,68978.35255049334,0.0
2023-05-05T00:00:00,92231.81221487178,68854.8530645742,0.0
2023-05-08T00:00:00,92237.73963015959,69173.63987721247,0.0
2023-05-09T00:00:00,92136.59007788403,69178.27955036881,0.0
2023-05-10T00:00:00,92243.55664469229,69101.78317751957,0.0
2023-05-11T00:00:00,92203.04061717897,69182.36968084767,0.0
2023-05-12T00:00:00,92172.69885409279,69152.14090946766,0.0
2023-05-15T00:00:00,92252.12832713618,69129.45548526062,0.0
2023-05-16T00:00:00,92097.74948732796,69188.84069748074,0.0
2023-05-17T00:00:00,92376.47476754634,69072.54585753904,0.0
2023-05-18T00:00:00,92598.4645370989,69281.87315680573,0.0
2023-05-19T00:00:00,92564.90212008043,69448.97056115836,0.0
2023-05-22T00:00:00,92574.26356511138,69423.63736372117,0.0
2023-05-23T00:00:00,92314.48683109172,69430.65828686267,0.0
2023-05-24T00:00:00,92147.7796293354,69236.35817630241,0.0
2023-05-25T00:00:00,92345.96947483136,69109.52948265144,0.0
2023-05-26T00:00:00,92644.97523107962,69259.49669179086,0.0
2023-05-30T00:00:00,92654.53307522484,69484.46467017659,0.0
2023-05-31T00:00:00,92526.04669655474,69490.86108942777,0.0
2023-06-01T00:00:00,92745.62218344916,69394.33458704969,0.0
2023-06-02T00:00:00,93081.72219546963,69560.01412156716,0.0
2023-06-05T00:00:00,93036.95799157777,69811.12352589204,0.0
2023-06-06T00:00:00,93087.58508840497,69777.70196387703,0.0
2023-06-07T00:00:00,93007.0988529548,69815.66804344793,0.0
2023-06-08T00:00:00,93147.63906844774,69755.22344208852,0.0
2023-06-09T00:00:00,93189.46729031624,69860.77419502575,0.0
2023-06-12T00:00:00,93400.84538121309,69892.1275981493,0.0
2023-06-13T00:00:00,93555.10803984132,70050.94975940397,0.0
2023-06-14T00:00:00,93582.87960123461,70166.24964330376,0.0
2023-06-15T00:00:00,93872.85630150305,70187.08768761173,0.0
2023-06-16T00:00:00,93793.6067463273,70405.32802866801,0.0
2023-06-20T00:00:00,93672.13708484398,70345.39002873689,0.0
2023-06-21T00:00:00,93552.22752332555,70254.17871758147,0.0
2023-06-22T00:00:00,93636.718977468,70164.24036757673,0.0
2023-06-23T00:00:00,93459.12972054687,70226.92565093162,0.0
2023-06-26T00:00:00,93363.64999340681,70094.32843465974,0.0
2023-06-27T00:00:00,93619.28377251144,70022.47855986189,0.0
2023-06-28T00:00:00,93630.30728400114,70213.68118905972,0.0
2023-06-29T00:00:00,93722.54133533272,70222.70797011867,0.0
2023-06-30T00:00:00,93999.4613668741,70292.32707203379,0.0
2023-07-03T00:00:00,94026.02179594125,70499.11545973615,0.0
2023-07-05T00:00:00,93990.94125777844,70519.39939787885,0.0
2023-07-06T00:00:00,93807.11931985771,70493.38620727073,0.0
2023-07-07T00:00:00,93748.02775080032,70355.45542384972,0.0
2023-07-10T00:00:00,93807.31845512436,70310.99154869642,0.0
2023-07-11T00:00:00,93956.68749243357,70355.5017736986,0.0
2023-07-12T00:00:00,94146.5050186308,70468.34039312003,0.0
2023-07-13T00:00:00,94333.69298699104,70610.26122264785,0.0
2023-07-14T00:00:00,94319.0799867732,70750.34491062466,0.0
2023-07-17T00:00:00,94400.94163765383,70739.29710654021,0.0
2023-07-18T00:00:00,94576.16635087485,70800.5676001559,0.0
2023-07-19T00:00:00,94628.78386478557,70932.1637297673,0.0
2023-07-20T00:00:00,94471.68305186319,70971.43955083803,0.0
2023-07-21T00:00:00,94471.04187944738,70853.12111648159,0.0
2023-07-24T00:00:00,94576.54918555525,70853.28159031777,0.0
2023-07-25T00:00:00,94640.92974998344,70932.24407513709,0.0
2023-07-26T00:00:00,94644.3927335237,70980.52140108237,0.0
2023-07-27T00:00:00,94487.53512015546,70983.31172420972,0.0
2023-07-28T00:00:00,94717.74090804493,70864.59129366816,0.0
2023-07-31T00:00:00,94762.75245927172,71038.22979787299,0.0
2023-08-01T00:00:00,94694.79626668124,71071.90130554975,0.0
2023-08-02T00:00:00,94365.76184327627,71021.38080994354,0.0
2023-08-03T00:00:00,94298.92694619836,70775.09744895676,0.0
2023-08-04T00:00:00,94192.0119753696,70723.90512583723,0.0
2023-08-07T00:00:00,94397.09453996322,70643.54846259784,0.0
2023-08-08T00:00:00,94293.33444590485,70796.68953239193,0.0
2023-08-09T00:00:00,94135.58311109892,70719.83748077457,0.0
2023-08-10T00:00:00,94143.20346455951,70600.86167330146,0.0
2023-08-11T00:00:00,94129.43948843153,70607.36436243128,0.0
2023-08-14T00:00:00,94259.34764098714,70597.08612602759,0.0
2023-08-15T00:00:00,93984.29328650166,70693.96459440078,0.0
2023-08-16T00:00:00,93811.76389251504,70488.10976273041,0.0
2023-08-17T00:00:00,93632.41637692282,70358.1804832623,0.0
2023-08-18T00:00:00,93644.37798357726,70225.0079307678,0.0
2023-08-21T00:00:00,93796.70604718606,70233.29093832857,0.0
2023-08-22T00:00:00,93733.49765941847,70347.83522899529,0.0
2023-08-23T00:00:00,93994.29789067693,70299.93153652939,0.0
2023-08-24T00:00:00,93669.06855194681,70496.16074187205,0.0
2023-08-25T00:00:00,93832.78305240234,70250.43011431504,0.0
2023-08-28T00:00:00,93981.99280204567,70375.03990735741,0.0
2023-08-29T00:00:00,94321.41962714637,70486.29912661854,0.0
2023-08-30T00:00:00,94418.35729117593,70740.87856891633,0.0
2023-08-31T00:00:00,94383.80840704584,70813.76156757507,0.0
2023-09-01T00:00:00,94427.61759779826,70787.6549171176,0.0
2023-09-05T00:00:00,94325.50747159912,70820.62985332285,0.0
2023-09-06T00:00:00,94167.00891914516,70744.15874384061,0.0
2023-09-07T00:00:00,94095.38255678896,70625.9075635684,0.0
2023-09-08T00:00:00,94130.7205397766,70571.44902320042,0.0
2023-09-11T00:00:00,94285.61289515882,70598.162547323,0.0
2023-09-12T00:00:00,94155.74746113371,70713.64732248237,0.0
2023-09-13T00:00:00,94182.99687917555,70616.61478803582,0.0
2023-09-14T00:00:00,94386.10520082968,70637.33477566055,0.0
2023-09-15T00:00:00,94101.02169805995,70788.79497306043,0.0
2023-09-18T00:00:00,94114.650707483,70575.59894490952,0.0
2023-09-19T00:00:00,94065.8199561089,70585.95021425314,0.0
2023-09-20T00:00:00,93849.46140724944,70549.20237213482,0.0
2023-09-21T00:00:00,93462.51179565427,70387.93989467162,0.0
2023-09-22T00:00:00,93408.8173547379,70095.72823938422,0.0
2023-09-25T00:00:00,93507.07368626821,70056.66797049927,0.0
2023-09-26T00:00:00,93162.99315485562,70129.66030529105,0.0
2023-09-27T00:00:00,93171.16894178126,69871.12398287936,0.0
2023-09-28T00:00:00,93306.1844958911,69878.35612744422,0.0
2023-09-29T00:00:00,93250.16335818934,69980.22928984855,0.0
2023-10-02T00:00:00,93240.91631024434,69937.64429940349,0.0
2023-10-03T00:00:00,92928.9078762453,69930.71347542606,0.0
2023-10-04T00:00:00,93097.46850951255,69696.06105166595,0.0
2023-10-05T00:00:00,93088.41452644033,69822.82042271986,0.0
2023-10-06T00:00:00,93364.74895760324,69816.33997653071,0.0
2023-10-09T00:00:00,93512.92908963645,70022.30520380495,0.0
2023-10-10T00:00:00,93634.6089021401,70134.6963503291,0.0
2023-10-11T00:00:00,93730.59232824395,70226.0500105323,0.0
2023-10-12T00:00:00,93587.72971073308,70297.93973337849,0.0
2023-10-13T00:00:00,93470.64878863236,70190.2524593954,0.0
2023-10-16T00:00:00,93715.90972739743,70102.38536647666,0.0
2023-10-17T00:00:00,93713.19024171213,70285.28917751132,0.0
2023-10-18T00:00:00,93401.00904427949,70284.8937529863,0.0
2023-10-19T00:00:00,93195.08578778319,70050.00039619544,0.0
2023-10-20T00:00:00,92908.71880477964,69896.2452637091,0.0
2023-10-23T00:00:00,92868.94530204721,69682.02207375574,0.0
2023-10-24T00:00:00,93043.78600525229,69651.50529498629,0.0
2023-10-25T00:00:00,92709.2033646082,69782.10310263053,0.0
2023-10-26T00:00:00,92431.94479790881,69532.18533187051,0.0
2023-10-27T00:00:00,92326.06434766852,69322.81564928348,0.0
2023-10-30T00:00:00,92601.35014370724,69243.88082231545,0.0
2023-10-31T00:00:00,92746.72584991217,69450.99401814574,0.0
2023-11-01T00:00:00,92994.09761114306,69560.14057407076,0.0
2023-11-02T00:00:00,93441.0803393748,69747.01099586129,0.0
2023-11-03T00:00:00,93655.53980769134,70082.14788083271,0.0
2023-11-06T00:00:00,93709.45150911165,70241.70036121024,0.0
2023-11-07T00:00:00,93776.06485667906,70282.02791478268,0.0
2023-11-08T00:00:00,93793.23139644292,70332.04430116332,0.0
2023-11-09T00:00:00,93610.38094931537,70344.93891011651,0.0
2023-11-10T00:00:00,93974.68637930686,70206.90161245146,0.0
2023-11-13T00:00:00,93951.02310175062,70479.74404811667,0.0
2023-11-14T00:00:00,94406.44954012362,70463.0127792622,0.0
2023-11-15T00:00:00,94456.94822895875,70805.3707509578,0.0
2023-11-16T00:00:00,94485.73701025371,70842.61690120492,0.0
2023-11-17T00:00:00,94515.08532351223,70864.27065512071,0.0
2023-11-20T00:00:00,94696.92626984729,70886.26817888198,0.0
2023-11-21T00:00:00,94644.80017749032,71022.16533021792,0.0
2023-11-22T00:00:00,94735.94578839968,70983.39644840467,0.0
2023-11-24T00:00:00,94750.4266691751,71051.8637132155,0.0
2023-11-27T00:00:00,94707.73240132119,71062.7879282028,0.0
2023-11-28T00:00:00,94731.15807839643,71030.77940904052,0.0
2023-11-29T00:00:00,94714.55954170595,71048.42783764403,0.0
2023-11-30T00:00:00,94807.74747404014,71035.87689627454,0.0
2023-12-01T00:00:00,94947.76071748912,71105.60897021591,0.0
2023-12-04T00:00:00,94822.19916305551,71209.8612235774,0.0
2023-12-05T00:00:00,94817.68004471691,71116.8013383903,0.0
2023-12-06T00:00:00,94722.13379499098,71113.23755176317,0.0
2023-12-07T00:00:00,94902.37904224383,71041.15334839969,0.0
2023-12-08T00:00:00,95003.94497120488,71176.35234364346,0.0
2023-12-11T00:00:00,95096.12778641535,71252.75866722252,0.0
2023-12-12T00:00:00,95204.55341932464,71321.93756296292,0.0
2023-12-13T00:00:00,95532.7175606158,71403.3607819128,0.0
2023-12-14T00:00:00,95610.04047955651,71650.21159118923,0.0
2023-12-15T00:00:00,95570.52467950525,71707.36939108848,0.0
2023-12-18T00:00:00,95704.77272635218,71677.74542555062,0.0
2023-12-19T00:00:00,95850.230870332,71778.54718672628,0.0
2023-12-20T00:00:00,95517.81113861088,71887.30692072882,0.0
2023-12-21T00:00:00,95742.2254269664,71636.34820453377,0.0
2023-12-22T00:00:00,95790.48916722545,71806.8297363799,0.0
2023-12-26T00:00:00,95891.5880342501,71842.84461600351,0.0
2023-12-27T00:00:00,95934.78372185768,71918.54346761183,0.0
2023-12-28T00:00:00,95943.81672981291,71951.06410558104,0.0
2023-12-29T00:00:00,95874.36824206772,71957.84949321812,0.0
2024-01-02T00:00:00,95740.50072172949,71906.04349671597,0.0
2024-01-03T00:00:00,95635.02067414396,119374.6697908901,0.0
2024-01-04T00:00:00,95711.60092386426,119543.34458140912,0.0
2024-01-05T00:00:00,95646.0074194631,71685.33098909238,0.0
2024-01-08T00:00:00,95987.34693491516,71734.48514676251,0.0
2024-01-09T00:00:00,95949.08360367142,71988.65359455634,0.0
2024-01-10T00:00:00,96084.6865173344,71961.75648760413,0.0
2024-01-11T00:00:00,96074.16510806937,72063.5813262803,0.0
2024-01-12T00:00:00,96090.76661206385,72055.58695569776,0.0
2024-01-16T00:00:00,96002.52048359194,72068.019061216,0.0
2024-01-17T00:00:00,95869.44134861842,72002.22457621379,0.0
2024-01-18T00:00:00,96082.06421096004,71901.56501563982,0.0
2024-01-19T00:00:00,96381.65369902959,72061.6960308982,0.0
2024-01-22T00:00:00,96432.99740751073,72286.63605768468,0.0
2024-01-23T00:00:00,96503.29798123734,72324.73485008905,0.0
2024-01-24T00:00:00,96529.90931812319,72377.71456697938,0.0
2024-01-25T00:00:00,96661.22240898182,72397.49119461613,0.0
2024-01-26T00:00:00,96630.28578983441,72495.68006391001,0.0
2024-01-29T00:00:00,96821.54824782771,72472.66473762269,0.0
2024-01-30T00:00:00,96802.40581474757,72615.73798795114,0.0
2024-01-31T00:00:00,96407.55882508928,72601.84796442433,0.0
2024-02-01T00:00:00,96721.48624985962,72304.14718879534,0.0
2024-02-02T00:00:00,96975.9058663891,72540.97501731869,0.0
2024-02-05T00:00:00,96887.08918197553,72731.39088781764,0.0
2024-02-06T00:00:00,96957.18184945299,72665.0871787566,0.0
2024-02-07T00:00:00,97159.51604125259,72718.05352488937,0.0
2024-02-08T00:00:00,97170.01439724708,72869.40866858515,0.0
2024-02-09T00:00:00,97310.40699932614,72877.50707422533,0.0
2024-02-12T00:00:00,97299.56222150226,72982.64043600565,0.0
2024-02-13T00:00:00,96964.62709990056,72974.76245087205,0.0
2024-02-14T00:00:00,97183.16324267676,72721.71089953437,0.0
2024-02-15T00:00:00,97350.78615165324,72887.3616939989,0.0
2024-02-16T00:00:00,97229.31759105893,73012.82275206794,0.0
2024-02-20T00:00:00,97095.68705261746,72922.17747518855,0.0
2024-02-21T00:00:00,97117.79334265407,72821.88541530732,0.0
2024-02-22T00:00:00,97620.46935455996,72838.54505182487,0.0
2024-02-23T00:00:00,97638.04491992165,73216.09514042542,0.0
2024-02-26T00:00:00,97548.6376183354,73228.52601383829,0.0
2024-02-27T00:00:00,97593.74637750394,73161.2831264937,0.0
2024-02-28T00:00:00,97561.34240821961,73195.151401806,0.0
2024-02-29T00:00:00,97648.89966222654,73170.8840745177,0.0
2024-03-01T00:00:00,97878.10662103575,73236.69214071787,0.0
2024-03-04T00:00:00,97851.33049734143,73408.046475832,0.0
2024-03-05T00:00:00,97606.89581875506,73388.54722604543,0.0
2024-03-06T00:00:00,97729.04816860486,73203.67514738442,0.0
2024-03-07T00:00:00,97972.04995639154,73297.26424522813,0.0
2024-03-08T00:00:00,97824.99492784502,73478.9926529195,0.0
2024-03-11T00:00:00,97804.06802275895,73368.84774205659,0.0
2024-03-12T00:00:00,98067.00421381275,73352.960142627,0.0
2024-03-13T00:00:00,98028.40317748104,73550.08147288462,0.0
2024-03-14T00:00:00,97979.85850735466,73521.20327043485,0.0
2024-03-15T00:00:00,97811.83100140041,73485.06207606864,0.0
2024-03-18T00:00:00,97955.9353340968,73357.6495306776,0.0
2024-03-19T00:00:00,98091.7082453832,73466.63585575145,0.0
2024-03-20T00:00:00,98318.38457130657,73568.63927600073,0.0
2024-03-21T00:00:00,98400.30456384507,73739.48188805174,0.0
2024-03-22T00:00:00,98353.56685662534,73800.12659789034,0.0
2024-03-25T00:00:00,98285.68004398828,73765.217296637,0.0
2024-03-26T00:00:00,98240.07114863444,73714.04006925435,0.0
2024-03-27T00:00:00,98446.22992180879,73679.81201189644,0.0
2024-03-28T00:00:00,98441.30662871871,73834.45099282319,0.0
2024-04-01T00:00:00,98398.47655858911,73830.96971115704,0.0
2024-04-02T00:00:00,98242.26778867129,73799.0505871766,0.0
2024-04-03T00:00:00,98269.32010597417,73681.77789148559,0.0
2024-04-04T00:00:00,97969.57988319464,73702.11941281961,0.0
2024-04-05T00:00:00,98224.49921729132,73476.23547826448,0.0
2024-04-08T00:00:00,98238.20893112634,73668.35126232827,0.0
2024-04-09T00:00:00,98266.63649196933,73678.67653315306,0.0
2024-04-10T00:00:00,98020.38076641166,73699.70619161845,0.0
2024-04-11T00:00:00,98204.47768533016,73514.44724422929,0.0
2024-04-12T00:00:00,97864.4172327131,73652.17707912835,0.0
2024-04-15T00:00:00,97555.39056479187,73395.79989480265,0.0
2024-04-16T00:00:00,97510.34027900317,73165.9742217649,0.0
2024-04-17T00:00:00,97365.85045091072,73132.53878363526,0.0
2024-04-18T00:00:00,97315.29160245991,73023.9155795859,0.0
2024-04-19T00:00:00,97102.89013435823,72986.41842062402,0.0
2024-04-22T00:00:00,97325.34829792485,72826.0676944273,0.0
2024-04-23T00:00:00,97614.51998106438,72994.44948238181,0.0
2024-04-24T00:00:00,97603.00042878033,73210.95262603731,0.0
2024-04-25T00:00:00,97510.39516637304,73202.34468726737,0.0
2024-04-26T00:00:00,97740.84891556622,73132.2960858752,0.0
2024-04-29T00:00:00,97827.74456436174,73305.99862697234,0.0
2024-04-30T00:00:00,97440.02897791921,73370.52062803901,0.0
2024-05-01T00:00:00,97360.83836846167,73079.93114359303,0.0
2024-05-02T00:00:00,97587.9637252485,73020.08852034424,0.0
2024-05-03T00:00:00,97892.18688248702,73192.78634381396,0.0
2024-05-06T00:00:00,98145.66066219455,73419.88624271714,0.0
2024-05-07T00:00:00,98172.81066949829,73609.32241285477,0.0
2024-05-08T00:00:00,98175.08124675686,73629.50389107007,0.0
2024-05-09T00:00:00,98316.49368111903,73631.30888578785,0.0
2024-05-10T00:00:00,98348.32902388654,73737.54445615421,0.0
2024-05-13T00:00:00,98351.6754661903,73761.28930566613,0.0
2024-05-14T00:00:00,98464.48862537422,73763.75384271372,0.0
2024-05-15T00:00:00,98769.58721414497,73848.6475549863,0.0
2024-05-16T00:00:00,98718.48155372178,74076.88867688616,0.0
2024-05-17T00:00:00,98753.88958580868,74038.79534881432,0.0
2024-05-20T00:00:00,98782.30761946467,74065.3832084988,0.0
2024-05-21T00:00:00,98842.81153065927,74086.66726970844,0.0
2024-05-22T00:00:00,98771.52693090728,74131.97966857889,0.0
2024-05-23T00:00:00,98590.77062911468,74078.24940650472,0.0
2024-05-24T00:00:00,98753.16502579405,73942.38778087996,0.0
2024-05-28T00:00:00,98770.41917990796,74064.880914229,0.0
2024-05-29T00:00:00,98597.39040113946,74077.69428889571,0.0
2024-05-30T00:00:00,98434.06976605917,73948.23733509835,0.0
2024-05-31T00:00:00,98657.7909624187,73825.13704502468,0.0
2024-06-03T00:00:00,98678.17475171821,73993.61503951268,0.0
2024-06-04T00:00:00,98705.6889699254,74008.57043597844,0.0
2024-06-05T00:00:00,98999.0334061352,74029.32870529211,0.0
2024-06-06T00:00:00,98998.36696531769,74249.07040279955,0.0
2024-06-07T00:00:00,98968.27827597459,74248.77533405446,0.0
2024-06-10T00:00:00,99044.72425270987,74226.20991862123,0.0
2024-06-11T00:00:00,99104.10318316564,74283.28699395736,0.0
2024-06-12T00:00:00,99307.90836365476,74328.39980566675,0.0
2024-06-13T00:00:00,99358.17012195064,74481.20485203584,0.0
2024-06-14T00:00:00,99373.12635038124,74518.46317305033,0.0
2024-06-17T00:00:00,99570.81439191606,74529.81300626205,0.0
2024-06-18T00:00:00,99633.84999347833,74677.90340972948,0.0
2024-06-20T00:00:00,99566.19913903988,74725.39818912305,0.0
2024-06-21T00:00:00,99532.82619759481,74674.65140422812,0.0
2024-06-24T00:00:00,99451.90959216579,74649.59030893941,0.0
2024-06-25T00:00:00,99547.42882234456,74588.7009807013,0.0
2024-06-26T00:00:00,99578.2307739116,74660.31326860089,0.0
2024-06-27T00:00:00,99617.43457619005,74683.63198188513,0.0
2024-06-28T00:00:00,99519.42934144658,74713.07417239188,0.0
2024-07-01T00:00:00,99570.33622739445,74639.27061648395,0.0
2024-07-02T00:00:00,99737.67819987482,74677.57873624594,0.0
2024-07-03T00:00:00,99848.69057825512,74802.99609693873,0.0
2024-07-05T00:00:00,99992.55714014366,74886.43904623148,0.0
2024-07-08T00:00:00,100021.39337786935,74994.4106688204,0.0
2024-07-09T00:00:00,100045.71712479187,75016.0506425701,0.0
2024-07-10T00:00:00,100293.22354338436,75034.30138860928,0.0
2024-07-11T00:00:00,100076.7859803411,75219.67724330994,0.0
2024-07-12T00:00:00,100234.01904139006,75057.00953605372,0.0
2024-07-15T00:00:00,100303.18405900215,75175.7667551219,0.0
2024-07-16T00:00:00,100451.93666360968,75227.43338091433,0.0
2024-07-17T00:00:00,100098.4551978817,75337.58983042931,0.0
2024-07-18T00:00:00,99905.00150230943,75072.69842701055,0.0
2024-07-19T00:00:00,99738.99199515017,74928.59670265431,0.0
2024-07-22T00:00:00,99994.97015424614,74803.14689216936,0.0
2024-07-23T00:00:00,99955.42984635965,74995.89802049243,0.0
2024-07-24T00:00:00,99389.33157377622,74966.78923603006,0.0
2024-07-25T00:00:00,99259.13186492314,74541.26167915689,0.0
2024-07-26T00:00:00,99536.20882137933,74443.50527689626,0.0
2024-07-29T00:00:00,99551.12482485276,74652.44634927173,0.0
2024-07-30T00:00:00,99425.04524251015,74663.35721072601,0.0
2024-07-31T00:00:00,99827.70820953883,74567.42174756277,0.0
2024-08-01T00:00:00,99474.8043633468,74871.29077287916,0.0
2024-08-02T00:00:00,99014.93986373689,74609.25380121531,0.0
2024-08-05T00:00:00,98307.39894745838,74274.58550761378,0.0
2024-08-06T00:00:00,98531.2307613163,73727.78829683474,0.0
2024-08-07T00:00:00,98368.38708035201,73900.22807029824,0.0
2024-08-08T00:00:00,98935.44453836523,73774.84724916196,0.0
2024-08-09T00:00:00,99043.19965037203,74200.26406306542,0.0
2024-08-12T00:00:00,99056.27084421906,74282.46384564771,0.0
2024-08-13T00:00:00,99463.5761212717,74292.24795677574,0.0
2024-08-14T00:00:00,99542.01590093097,74597.6767150895,0.0
2024-08-15T00:00:00,99969.09393277635,74657.04465813308,0.0
2024-08-16T00:00:00,100023.69254556591,74975.38504944375,0.0
2024-08-19T00:00:00,100262.75104124116,75017.73774115619,0.0
2024-08-20T00:00:00,100221.57353495316,75196.64577881274,0.0
2024-08-21T00:00:00,100307.57310191344,75166.07592282162,0.0
2024-08-22T00:00:00,100110.88346213667,75230.80585117494,0.0
2024-08-23T00:00:00,100375.7111254623,75082.06016196393,0.0
2024-08-26T00:00:00,100315.96327408034,75281.85466505938,0.0
2024-08-27T00:00:00,100350.43384062439,75237.00916462395,0.0
2024-08-28T00:00:00,100204.7387452637,75262.77051603542,0.0
2024-08-29T00:00:00,100206.42256835227,75152.99577499401,0.0
2024-08-30T00:00:00,100445.57399386686,75154.82207485833,0.0
2024-09-03T00:00:00,99927.51458207823,75332.89011868178,0.0
2024-09-04T00:00:00,99728.88075802845,124659.62322930669,0.0
2024-09-05T00:00:00,99789.51530801495,124661.09856935786,0.0
2024-09-06T00:00:00,100209.31678297845,124736.82546315857,0.0
2024-09-09T00:00:00,99932.19179266016,125265.0115463842,0.0
2024-09-10T00:00:00,99821.59290422442,124913.46081170563,0.0
2024-09-11T00:00:00,99565.39269033601,124776.80783649466,0.0
2024-09-12T00:00:00,99354.90000790848,124455.91607946643,0.0
2024-09-13T00:00:00,99224.4891343785,124192.9376463619,0.0
2024-09-16T00:00:00,99187.68174963752,124030.44470604607,0.0
2024-09-17T00:00:00,99177.29740663586,123984.3488854668,0.0
2024-09-18T00:00:00,99250.8013785947,123971.58747424082,0.0
2024-09-19T00:00:00,98828.8173984658,124064.9343386265,0.0
2024-09-20T00:00:00,98872.02301819461,123536.51829207098,0.0
2024-09-23T00:00:00,98810.28285744395,123590.05075224275,0.0
2024-09-24T00:00:00,98739.37351228973,123512.62743821557,0.0
2024-09-25T00:00:00,98793.70810299936,123424.10857541507,0.0
2024-09-26T00:00:00,98696.20076323251,123492.54990541689,0.0
2024-09-27T00:00:00,98731.56826278275,123369.83342039688,0.0
2024-09-30T00:00:00,98632.50837136402,123414.31134020998,0.0
2024-10-01T00:00:00,98853.29541360479,123290.5268406023,0.0
2024-10-02T00:00:00,98842.00784101983,123565.76125587513,0.0
2024-10-03T00:00:00,98846.78792882699,74181.4645856896,0.0
2024-10-04T00:00:00,99070.91272211053,74134.65067861095,0.0
2024-10-07T00:00:00,98846.25281578525,74302.4370394115,0.0
2024-10-08T00:00:00,99078.9352059312,74133.66150813227,0.0
2024-10-09T00:00:00,99250.23537963102,74308.93364940587,0.0
2024-10-10T00:00:00,99206.3138063111,74437.17739688781,0.0
2024-10-11T00:00:00,99354.78362500857,74404.69109849667,0.0
2024-10-14T00:00:00,99558.0716659323,74516.23465632887,0.0
2024-10-15T00:00:00,99364.53155579051,74668.39444451011,0.0
2024-10-16T00:00:00,99472.28286186999,74523.18011262335,0.0
2024-10-17T00:00:00,99474.79520891856,74604.59174373628,0.0
2024-10-18T00:00:00,99570.45574493555,74606.0985859826,0.0
2024-10-21T00:00:00,99529.37881578448,74677.6431246046,0.0
2024-10-22T00:00:00,99516.25249855508,74647.12360412015,0.0
2024-10-23T00:00:00,99288.94028230726,74637.20958933927,0.0
2024-10-24T00:00:00,99341.78166751527,74465.86007678404,0.0
2024-10-25T00:00:00,99333.30107300438,74506.43375414987,0.0
2024-10-28T00:00:00,99410.02306217111,74499.92656587341,0.0
2024-10-29T00:00:00,99450.05696309025,74557.33358669475,0.0
2024-10-30T00:00:00,99374.77275204328,74587.47241195037,0.0
2024-10-31T00:00:00,98888.11089045914,74531.4280052634,0.0
2024-11-01T00:00:00,98990.17065902088,74163.80618033308,0.0
2024-11-04T00:00:00,98936.7648508693,74242.52859365678,0.0
2024-11-05T00:00:00,99235.72115647182,74202.44822898107,0.0
2024-11-06T00:00:00,99857.1254461147,74431.30748847678,0.0
2024-11-07T00:00:00,100051.04570982102,74893.73607059859,0.0
2024-11-08T00:00:00,100159.31647656215,75038.20207682528,0.0
2024-11-11T00:00:00,100183.26973139204,75119.58475023841,0.0
2024-11-12T00:00:00,100105.43636010007,75137.42306317875,0.0
2024-11-13T00:00:00,100117.46284598872,75078.94345505045,0.0
2024-11-14T00:00:00,99956.50870620264,75088.08537630412,0.0
2024-11-15T00:00:00,99636.98810977474,74967.93922257797,0.0
2024-11-18T00:00:00,99738.49649904962,74727.18544866903,0.0
2024-11-19T00:00:00,99829.08259350607,74803.30908145352,0.0
2024-11-20T00:00:00,99837.44480948744,74871.71811419525,0.0
2024-11-21T00:00:00,99971.4506835788,74878.10526261748,0.0
2024-11-22T00:00:00,100048.76567693298,74978.4350002627,0.0
2024-11-25T00:00:00,100133.9121930637,75036.87768438896,0.0
2024-11-26T00:00:00,100264.66547386674,75100.47338454016,0.0
2024-11-27T00:00:00,100188.53231989103,75198.32050539205,0.0
2024-11-29T00:00:00,100343.96332052941,75141.23458072954,0.0
2024-12-02T00:00:00,100388.8280191781,75257.87782157506,0.0
2024-12-03T00:00:00,100400.4053239562,75291.55688336678,0.0
2024-12-04T00:00:00,100556.27915817,75300.3157326872,0.0
2024-12-05T00:00:00,100514.73146822362,75417.03321794553,0.0
2024-12-06T00:00:00,100562.28098792731,75385.9621137181,0.0
2024-12-09T00:00:00,100432.75456752063,75421.64993188542,0.0
2024-12-10T00:00:00,100354.43722843609,75324.30871742507,0.0
2024-12-11T00:00:00,100548.0116664807,75265.45036186435,0.0
2024-12-12T00:00:00,100418.05724218917,75410.57868967159,0.0
2024-12-13T00:00:00,100412.59515500935,75313.06386402092,0.0
2024-12-16T00:00:00,100519.76796638433,75309.43020250666,0.0
2024-12-17T00:00:00,100415.7659671331,75389.36093928813,0.0
2024-12-18T00:00:00,99667.50355183346,75311.74757048977,0.0
2024-12-19T00:00:00,99654.1293115128,74744.90838664326,0.0
2024-12-20T00:00:00,99953.3808131954,74740.60798476056,0.0
2024-12-23T00:00:00,100102.5815662042,74964.59841015349,0.0
2024-12-24T00:00:00,100380.82843270176,75077.02534897321,0.0
2024-12-26T00:00:00,100381.56286844004,75284.68315039224,0.0
2024-12-27T00:00:00,100117.38217787708,75286.16052131641,0.0
2024-12-30T00:00:00,99833.83382366846,75090.1121704014,0.0
2024-12-30T00:00:00,99833.83382366846,75090.1121704014,0.0
