fill_date,symbol,side,qty,fill_price,spread_bps,slippage_bps,impact_bps
2015-01-05T00:00:00,SPY,sell,146.55055206909628,169.27190117353265,10.0,5.0,
2015-01-06T00:00:00,SPY,sell,3.0809262363940304,167.562076479215,10.0,5.0,
2015-01-07T00:00:00,SPY,sell,1.778714333921351,167.0070573618116,10.0,5.0,
2015-01-08T00:00:00,SPY,buy,2.3265687970487554,169.66666616465147,10.0,5.0,
2015-01-09T00:00:00,SPY,buy,3.254896116240505,171.6547097884073,10.0,5.0,
2015-01-12T00:00:00,SPY,sell,1.4693441473376396,169.48631972271681,10.0,5.0,
2015-01-13T00:00:00,SPY,sell,1.4534825323071214,169.2459089582843,10.0,5.0,
2015-01-14T00:00:00,SPY,sell,0.5265600932022931,165.54030947528352,10.0,5.0,
2015-01-15T00:00:00,SPY,sell,1.1315148801716803,167.1815766463894,10.0,5.0,
2015-01-16T00:00:00,SPY,sell,1.7389224196282773,164.80988552262556,10.0,5.0,
2015-01-20T00:00:00,SPY,buy,2.463019223471218,168.32762116961572,10.0,5.0,
2015-01-21T00:00:00,SPY,buy,0.40143827610112587,167.57793357600434,10.0,5.0,
2015-01-22T00:00:00,SPY,buy,0.9371308036174145,169.6492634392569,10.0,5.0,
2015-01-23T00:00:00,SPY,buy,2.7186371930695903,171.14716744435574,10.0,5.0,
2015-01-26T00:00:00,SPY,sell,1.0035725959107011,169.73538676505885,10.0,5.0,
2015-01-27T00:00:00,SPY,buy,0.428884840307081,168.80053542788178,10.0,5.0,
2015-01-28T00:00:00,SPY,sell,2.4440025479546996,169.2868777737746,10.0,5.0,
2015-01-29T00:00:00,SPY,sell,2.4172420423301366,166.14440743650817,10.0,5.0,
2015-01-30T00:00:00,SPY,buy,1.7296209821152273,166.80548114511774,10.0,5.0,
2015-02-02T00:00:00,SPY,sell,2.3795592581023555,165.87087504742286,10.0,5.0,
2015-02-03T00:00:00,SPY,buy,2.3188974552916983,168.8266090333272,10.0,5.0,
2015-02-04T00:00:00,SPY,buy,2.6659330779592207,169.59199045464763,10.0,5.0,
2015-02-05T00:00:00,SPY,sell,0.7029946079566768,169.8599514471293,10.0,5.0,
2015-02-06T00:00:00,SPY,buy,1.841350226056922,171.7871478968695,10.0,5.0,
2015-02-09T00:00:00,SPY,sell,0.5029771820454247,169.78549214733144,10.0,5.0,
2015-02-10T00:00:00,SPY,sell,0.8203554374881173,170.70555279669983,10.0,5.0,
2015-02-11T00:00:00,SPY,buy,1.9348403285779323,171.82888385561174,10.0,5.0,
2015-02-12T00:00:00,SPY,buy,0.10537918067777953,172.89188226217544,10.0,5.0,
2015-02-13T00:00:00,SPY,buy,1.7251422927046194,173.87474027811172,10.0,5.0,
2015-02-17T00:00:00,SPY,buy,0.7344926953135978,174.14854126144857,10.0,5.0,
2015-02-18T00:00:00,SPY,buy,0.27957091360451325,174.36421423386795,10.0,5.0,
2015-02-19T00:00:00,SPY,buy,0.016812380641147116,174.1556924266396,10.0,5.0,
2015-02-20T00:00:00,SPY,sell,0.12689285527230068,173.691255773512,10.0,5.0,
2015-02-23T00:00:00,SPY,buy,1.0607004314437274,175.42958552220057,10.0,5.0,
2015-02-24T00:00:00,SPY,sell,0.025049456501615136,175.05136040858252,10.0,5.0,
2015-02-25T00:00:00,SPY,buy,0.49999459733670687,176.02783962411388,10.0,5.0,
2015-02-26T00:00:00,SPY,sell,0.14950171589690034,175.38265759214394,10.0,5.0,
2015-02-27T00:00:00,SPY,sell,0.20813176501822214,175.1669002395895,10.0,5.0,
2015-03-02T00:00:00,SPY,sell,0.6026119034274298,174.76833608706806,10.0,5.0,
2015-03-03T00:00:00,SPY,buy,1.1111743135906684,175.87055572757444,10.0,5.0,
2015-03-04T00:00:00,SPY,sell,0.7242864698298618,174.45311555646077,10.0,5.0,
2015-03-05T00:00:00,SPY,sell,0.7467506984171569,174.63547988164981,10.0,5.0,
2015-03-06T00:00:00,SPY,buy,0.1939577581062422,174.16450334119827,10.0,5.0,
2015-03-09T00:00:00,SPY,sell,2.529332950401623,172.24629909959162,10.0,5.0,
2015-03-10T00:00:00,SPY,buy,0.7450976930772618,171.91146096239297,10.0,5.0,
2015-03-11T00:00:00,SPY,sell,2.961507344890151,170.21480297596335,10.0,5.0,
2015-03-12T00:00:00,SPY,sell,0.4299600976089601,170.19173002754764,10.0,5.0,
2015-03-13T00:00:00,SPY,buy,2.3068090442569336,171.96243488344285,10.0,5.0,
2015-03-16T00:00:00,SPY,sell,1.1162022445527187,171.39332175160786,10.0,5.0,
2015-03-17T00:00:00,SPY,buy,2.402474921332644,172.72762407645453,10.0,5.0,
2015-03-18T00:00:00,SPY,sell,0.5361318998150131,171.95769548220775,10.0,5.0,
2015-03-19T00:00:00,SPY,buy,2.1380379784889585,174.61528922749878,10.0,5.0,
2015-03-20T00:00:00,SPY,sell,0.8127394247143769,174.65724609820813,10.0,5.0,
2015-03-23T00:00:00,SPY,buy,1.559106141858892,175.7785936392596,10.0,5.0,
2015-03-24T00:00:00,SPY,sell,0.34367919102865513,174.77431924005492,10.0,5.0,
2015-03-25T00:00:00,SPY,sell,0.9987022621366431,174.12412269392883,10.0,5.0,
2015-03-26T00:00:00,SPY,sell,2.647255074845938,170.7001871699302,10.0,5.0,
2015-03-27T00:00:00,SPY,sell,0.4292519178990717,170.84319912142172,10.0,5.0,
2015-03-30T00:00:00,SPY,buy,0.4156327000707186,172.90393612132257,10.0,5.0,
2015-03-31T00:00:00,SPY,buy,2.1864949596095093,173.13906271460633,10.0,5.0,
2015-04-01T00:00:00,SPY,sell,1.576565923232808,171.89168596501656,10.0,5.0,
2015-04-02T00:00:00,SPY,sell,0.6401611379866671,171.25108360846957,10.0,5.0,
2015-04-06T00:00:00,SPY,buy,0.650477841589767,171.55923447379115,10.0,5.0,
2015-04-07T00:00:00,SPY,buy,1.207087617183463,173.6397846195323,10.0,5.0,
2015-04-08T00:00:00,SPY,sell,0.47459188222410686,172.8586518997137,10.0,5.0,
2015-04-09T00:00:00,SPY,buy,0.6046447697423003,173.57245059791524,10.0,5.0,
2015-04-10T00:00:00,SPY,buy,0.7879367792013457,174.75885140519685,10.0,5.0,
2015-04-13T00:00:00,SPY,buy,0.9661862177790901,175.31876040859066,10.0,5.0,
2015-04-14T00:00:00,SPY,sell,0.8026448231273804,173.94096504980757,10.0,5.0,
2015-04-15T00:00:00,SPY,buy,0.3398159841382235,175.4684585470732,10.0,5.0,
2015-04-16T00:00:00,SPY,buy,0.7922683851061121,175.45232771074657,10.0,5.0,
2015-04-17T00:00:00,SPY,sell,0.05034521576694784,174.01703998573717,10.0,5.0,
2015-04-20T00:00:00,SPY,sell,2.052183050940273,174.114910436835,10.0,5.0,
2015-04-21T00:00:00,SPY,buy,1.6180181609311088,175.98759465993797,10.0,5.0,
2015-04-22T00:00:00,SPY,sell,0.2088404108406764,174.90774316750654,10.0,5.0,
2015-04-23T00:00:00,SPY,buy,0.8662883453389248,175.55261635885932,10.0,5.0,
2015-04-24T00:00:00,SPY,buy,0.44175359700936195,176.81365047460798,10.0,5.0,
2015-04-27T00:00:00,SPY,buy,0.40683922042164605,177.37326116458036,10.0,5.0,
2015-04-28T00:00:00,SPY,sell,0.7302654332047228,175.515033360869,10.0,5.0,
2015-04-29T00:00:00,SPY,buy,0.5578264549166293,175.73617910441632,10.0,5.0,
2015-04-30T00:00:00,SPY,sell,0.7244989448953925,174.7987851278238,10.0,5.0,
2015-05-01T00:00:00,SPY,sell,1.7819239100528403,174.39810401508797,10.0,5.0,
2015-05-04T00:00:00,SPY,buy,1.911574830564801,176.45570445640334,10.0,5.0,
2015-05-05T00:00:00,SPY,buy,0.5015218389589474,176.28742528798008,10.0,5.0,
2015-05-06T00:00:00,SPY,sell,2.0312505516315906,174.53130619263155,10.0,5.0,
2015-05-07T00:00:00,SPY,sell,0.7361289642252463,173.16638533889767,10.0,5.0,
2015-05-08T00:00:00,SPY,buy,0.7108584561085719,176.16233065911933,10.0,5.0,
2015-05-11T00:00:00,SPY,buy,2.31399608535631,176.73992867802315,10.0,5.0,
2015-05-12T00:00:00,SPY,sell,0.8386015547017879,174.57384138801729,10.0,5.0,
2015-05-13T00:00:00,SPY,sell,0.5269756691259396,175.2904204715152,10.0,5.0,
2015-05-14T00:00:00,SPY,buy,0.03355802691520332,176.4618559502384,10.0,5.0,
2015-05-15T00:00:00,SPY,buy,1.8234579801657342,177.46648003858172,10.0,5.0,
2015-05-18T00:00:00,SPY,buy,0.1901031458135288,177.29771179457256,10.0,5.0,
2015-05-19T00:00:00,SPY,buy,0.5393950306498587,178.13358273937237,10.0,5.0,
2015-05-20T00:00:00,SPY,sell,0.05675520111966931,177.5232863903645,10.0,5.0,
2015-05-21T00:00:00,SPY,sell,0.12226254630998415,177.15662618103985,10.0,5.0,
2015-05-22T00:00:00,SPY,buy,0.5045415267348764,177.96650425150008,10.0,5.0,
2015-05-26T00:00:00,SPY,sell,0.41451804858116487,176.897923146272,10.0,5.0,
2015-05-27T00:00:00,SPY,sell,1.886439720516688,175.9388579979425,10.0,5.0,
2015-05-28T00:00:00,SPY,buy,1.6540844079523565,177.37444021512653,10.0,5.0,
2015-05-29T00:00:00,SPY,sell,0.1965144420824009,176.8815832656536,10.0,5.0,
2015-06-01T00:00:00,SPY,sell,1.088670876661398,176.51406245105147,10.0,5.0,
2015-06-02T00:00:00,SPY,buy,0.3561210267608392,176.27883711290082,10.0,5.0,
2015-06-03T00:00:00,SPY,sell,0.1740549231405578,176.5651721196437,10.0,5.0,
2015-06-04T00:00:00,SPY,buy,0.4631234513608281,176.32080385326458,10.0,5.0,
2015-06-05T00:00:00,SPY,sell,1.4884450296399225,174.85639766096386,10.0,5.0,
2015-06-08T00:00:00,SPY,sell,0.30215215285737856,174.59940951925182,10.0,5.0,
2015-06-09T00:00:00,SPY,sell,1.0946516224967169,173.60740724664115,10.0,5.0,
2015-06-10T00:00:00,SPY,sell,0.02524125929699437,174.375220004781,10.0,5.0,
2015-06-11T00:00:00,SPY,buy,2.1134918302622636,176.66469467857988,10.0,5.0,
2015-06-12T00:00:00,SPY,buy,0.5666954326734069,175.96171389049186,10.0,5.0,
2015-06-15T00:00:00,SPY,sell,1.3502893482002356,173.76550140594688,10.0,5.0,
2015-06-16T00:00:00,SPY,sell,0.757698944375433,174.00755233624406,10.0,5.0,
2015-06-17T00:00:00,SPY,buy,0.9635460935604754,175.92030973443997,10.0,5.0,
2015-06-18T00:00:00,SPY,buy,0.2855988121854905,176.52092049444096,10.0,5.0,
2015-06-19T00:00:00,SPY,buy,1.812366448784471,177.5068416956235,10.0,5.0,
2015-06-22T00:00:00,SPY,sell,0.7748976083450423,177.34795651624322,10.0,5.0,
2015-06-23T00:00:00,SPY,buy,0.8900623300252969,178.07701403398994,10.0,5.0,
2015-06-24T00:00:00,SPY,buy,0.12346373795432976,177.7234053141928,10.0,5.0,
2015-06-25T00:00:00,SPY,sell,1.2693134931805048,176.66966849446192,10.0,5.0,
2015-06-26T00:00:00,SPY,sell,0.534334500138746,175.99237126110447,10.0,5.0,
2015-06-29T00:00:00,SPY,sell,0.03363502043166926,174.1187189778269,10.0,5.0,
2015-06-30T00:00:00,SPY,sell,3.765259189264004,173.454781963463,10.0,5.0,
2015-07-01T00:00:00,SPY,buy,0.3700877579658313,174.37444365936636,10.0,5.0,
2015-07-02T00:00:00,SPY,buy,1.432527408656644,174.6608140824415,10.0,5.0,
2015-07-06T00:00:00,SPY,sell,0.16184013754693377,172.21025526907763,10.0,5.0,
2015-07-07T00:00:00,SPY,sell,0.5088593470152653,173.20565124439358,10.0,5.0,
2015-07-08T00:00:00,SPY,buy,1.1191695563030706,173.2755310627753,10.0,5.0,
2015-07-09T00:00:00,SPY,sell,3.0336962428242,173.27102186909744,10.0,5.0,
2015-07-10T00:00:00,SPY,buy,0.31954257256034413,174.00507093911895,10.0,5.0,
2015-07-13T00:00:00,SPY,buy,2.2527970676466773,175.43352367889256,10.0,5.0,
2015-07-14T00:00:00,SPY,buy,1.9509037894089136,176.04620965408986,10.0,5.0,
2015-07-15T00:00:00,SPY,buy,0.7600890990663589,176.89320849286483,10.0,5.0,
2015-07-16T00:00:00,SPY,sell,0.057773996580815605,177.31561730151296,10.0,5.0,
2015-07-17T00:00:00,SPY,buy,1.3925717250245977,178.20321088413937,10.0,5.0,
2015-07-20T00:00:00,SPY,buy,0.14720239556861184,178.58806526829207,10.0,5.0,
2015-07-21T00:00:00,SPY,buy,0.08963856425258168,178.31933353070767,10.0,5.0,
2015-07-22T00:00:00,SPY,sell,0.685871509941009,176.5278947538998,10.0,5.0,
2015-07-23T00:00:00,SPY,sell,0.31154251364814806,177.0305457842295,10.0,5.0,
2015-07-24T00:00:00,SPY,sell,0.985924607784877,176.00042981295493,10.0,5.0,
2015-07-27T00:00:00,SPY,sell,1.8379967449393686,173.1879261758739,10.0,5.0,
2015-07-28T00:00:00,SPY,sell,1.036615309455059,173.89981300392594,10.0,5.0,
2015-07-29T00:00:00,SPY,buy,2.170933096426364,175.8449348882862,10.0,5.0,
2015-07-30T00:00:00,SPY,buy,1.2054183620600416,176.41517837985552,10.0,5.0,
2015-07-31T00:00:00,SPY,buy,0.041052462488613384,177.4713137732328,10.0,5.0,
2015-08-03T00:00:00,SPY,sell,0.2655839308701038,176.13511875445553,10.0,5.0,
2015-08-04T00:00:00,SPY,sell,0.5922378279891485,175.4986214000297,10.0,5.0,
2015-08-05T00:00:00,SPY,sell,0.3439030297434562,176.12658237884673,10.0,5.0,
2015-08-06T00:00:00,SPY,buy,0.5784707638112664,176.5237453581249,10.0,5.0,
2015-08-07T00:00:00,SPY,sell,1.4484166581563,174.2090177771341,10.0,5.0,
2015-08-10T00:00:00,SPY,sell,0.34008624625423806,175.1474132244651,10.0,5.0,
2015-08-11T00:00:00,SPY,buy,2.210920398459903,175.41701551675226,10.0,5.0,
2015-08-12T00:00:00,SPY,sell,1.59651560082009,173.33019410456234,10.0,5.0,
2015-08-13T00:00:00,SPY,buy,0.21535340852246818,175.2137935651279,10.0,5.0,
2015-08-14T00:00:00,SPY,sell,0.22010092066384826,174.4362249469054,10.0,5.0,
2015-08-17T00:00:00,SPY,buy,0.6423095155467733,175.19760217544825,10.0,5.0,
2015-08-18T00:00:00,SPY,buy,0.9784540249698446,176.49897237503893,10.0,5.0,
2015-08-19T00:00:00,SPY,sell,0.5082837583337485,174.98821020092853,10.0,5.0,
2015-08-20T00:00:00,SPY,sell,1.3982535333799453,172.8282201304385,10.0,5.0,
2015-08-21T00:00:00,SPY,sell,3.7780589362643613,168.8268662016406,10.0,5.0,
2015-08-24T00:00:00,SPY,sell,5.637775264967147,156.90907190165044,10.0,5.0,
2015-08-25T00:00:00,SPY,sell,8.233026264104874,163.5535055917976,10.0,5.0,
2015-08-26T00:00:00,SPY,sell,2.4361617570236174,160.7516852319084,10.0,5.0,
2015-08-27T00:00:00,SPY,buy,7.47044465628957,165.3866360852111,10.0,5.0,
2015-08-28T00:00:00,SPY,buy,4.687555869518641,166.62831604998726,10.0,5.0,
2015-08-31T00:00:00,SPY,buy,0.006631848425210597,166.29835892461008,10.0,5.0,
2015-09-01T00:00:00,SPY,sell,1.5248904762959798,161.62251569767736,10.0,5.0,
2015-09-02T00:00:00,SPY,sell,5.8090056002573105,162.87652547017393,10.0,5.0,
2015-09-03T00:00:00,SPY,buy,3.6392027024589337,164.74755722176403,10.0,5.0,
2015-09-04T00:00:00,SPY,buy,0.14267597753066305,161.88333785120275,10.0,5.0,
2015-09-08T00:00:00,SPY,sell,2.9461609723494155,163.9821258020449,10.0,5.0,
2015-09-09T00:00:00,SPY,buy,4.777511189815903,167.31653425506528,10.0,5.0,
2015-09-10T00:00:00,SPY,sell,2.5532023783937414,162.82731945075395,10.0,5.0,
2015-09-11T00:00:00,SPY,buy,1.0440079065826042,164.00781604350158,10.0,5.0,
2015-09-14T00:00:00,SPY,buy,0.8649006213610457,165.3256191276025,10.0,5.0,
2015-09-15T00:00:00,SPY,sell,0.7077170014830318,164.543805716744,10.0,5.0,
2015-09-16T00:00:00,SPY,buy,2.358415452047145,166.89602902609806,10.0,5.0,
2015-09-17T00:00:00,SPY,buy,1.618201673751704,167.90304624080926,10.0,5.0,
2015-09-18T00:00:00,SPY,sell,0.41895662462336364,164.64233058053603,10.0,5.0,
2015-09-21T00:00:00,SPY,sell,3.098451149557324,165.25515007039863,10.0,5.0,
2015-09-22T00:00:00,SPY,buy,0.9766010134744905,163.59478508915683,10.0,5.0,
2015-09-23T00:00:00,SPY,sell,2.4918731605088205,163.29506725339408,10.0,5.0,
2015-09-24T00:00:00,SPY,sell,0.3077326697330181,161.64746934171222,10.0,5.0,
2015-09-25T00:00:00,SPY,sell,0.6988214828127325,163.74177740197308,10.0,5.0,
2015-09-28T00:00:00,SPY,sell,0.05155565063503727,161.33664322944747,10.0,5.0,
2015-09-29T00:00:00,SPY,sell,4.986421545770036,158.38137163820494,10.0,5.0,
2015-09-30T00:00:00,SPY,buy,0.11714291456563192,160.6323340392508,10.0,5.0,
2015-10-01T00:00:00,SPY,buy,3.659770494117335,162.07735587937094,10.0,5.0,
2015-10-02T00:00:00,SPY,buy,0.5116372054236865,160.1266025656409,10.0,5.0,
2015-10-05T00:00:00,SPY,buy,2.8623882420831213,165.77284428036702,10.0,5.0,
2015-10-06T00:00:00,SPY,buy,3.3456139420708726,167.3341101579354,10.0,5.0,
2015-10-07T00:00:00,SPY,sell,0.6416508179660333,167.32557320086974,10.0,5.0,
2015-10-08T00:00:00,SPY,buy,1.5235824087051586,167.87335125121496,10.0,5.0,
2015-10-09T00:00:00,SPY,buy,1.6610866151668677,169.92386298399336,10.0,5.0,
2015-10-12T00:00:00,SPY,buy,0.11041839871641834,169.95627687272915,10.0,5.0,
2015-10-13T00:00:00,SPY,buy,0.17309696606353125,169.3066330395873,10.0,5.0,
2015-10-14T00:00:00,SPY,sell,1.1625704835473123,168.40194186862925,10.0,5.0,
2015-10-15T00:00:00,SPY,sell,0.8893680938420979,168.31799135665688,10.0,5.0,
2015-10-16T00:00:00,SPY,buy,2.809936677621188,171.14803645277576,10.0,5.0,
2015-10-19T00:00:00,SPY,buy,0.8279659934180561,170.8684598019223,10.0,5.0,
2015-10-20T00:00:00,SPY,buy,0.08869858219288734,171.1628911248914,10.0,5.0,
2015-10-21T00:00:00,SPY,sell,0.23193026625867222,171.28829398383346,10.0,5.0,
2015-10-22T00:00:00,SPY,sell,1.1329206618698182,170.7573987825021,10.0,5.0,
2015-10-23T00:00:00,SPY,buy,3.037306893535408,174.8778334960125,10.0,5.0,
2015-10-26T00:00:00,SPY,buy,1.9504070239973175,174.9195152867914,10.0,5.0,
2015-10-27T00:00:00,SPY,sell,0.43502428626207157,173.46683472980055,10.0,5.0,
2015-10-28T00:00:00,SPY,sell,0.34248414078291967,174.13995637559623,10.0,5.0,
2015-10-29T00:00:00,SPY,buy,1.9977412864755113,175.80558738916582,10.0,5.0,
2015-10-30T00:00:00,SPY,sell,0.10133634806803833,175.87340313733378,10.0,5.0,
2015-11-02T00:00:00,SPY,sell,0.7585461778844065,175.24984386443242,10.0,5.0,
2015-11-03T00:00:00,SPY,buy,2.0602076361457056,177.17266207213962,10.0,5.0,
2015-11-04T00:00:00,SPY,buy,0.501782287382378,178.33583329920666,10.0,5.0,
2015-11-05T00:00:00,SPY,sell,0.5259775065435923,177.02515094908472,10.0,5.0,
2015-11-06T00:00:00,SPY,sell,0.1733680359685301,176.44521108990745,10.0,5.0,
2015-11-09T00:00:00,SPY,sell,0.09094848918353231,176.08372575047102,10.0,5.0,
2015-11-10T00:00:00,SPY,sell,1.6387800995847712,174.56775065353898,10.0,5.0,
2015-11-11T00:00:00,SPY,buy,0.4068643172781429,176.2515497950723,10.0,5.0,
2015-11-12T00:00:00,SPY,sell,0.6925602849520733,173.71884905096127,10.0,5.0,
2015-11-13T00:00:00,SPY,sell,2.4960889115842173,171.908903701242,10.0,5.0,
2015-11-16T00:00:00,SPY,sell,2.0361814536073832,170.20153217439113,10.0,5.0,
2015-11-17T00:00:00,SPY,buy,2.728579898730771,173.81462772948626,10.0,5.0,
2015-11-18T00:00:00,SPY,sell,0.12820220957585,173.33270445950473,10.0,5.0,
2015-11-19T00:00:00,SPY,buy,2.7927669488212805,176.00859217392093,10.0,5.0,
2015-11-20T00:00:00,SPY,sell,0.15073676986075363,176.20131668619646,10.0,5.0,
2015-11-23T00:00:00,SPY,buy,0.6371845767022625,176.6736841536609,10.0,5.0,
2015-11-24T00:00:00,SPY,sell,0.20030578645061645,174.8720424929299,10.0,5.0,
2015-11-25T00:00:00,SPY,buy,0.23443173648774987,176.7744015994824,10.0,5.0,
2015-11-27T00:00:00,SPY,sell,0.02495775926002231,176.1848659448517,10.0,5.0,
2015-11-30T00:00:00,SPY,buy,0.20010843679173057,176.98531649528127,10.0,5.0,
2015-12-01T00:00:00,SPY,sell,0.7271684843761425,176.1920346261001,10.0,5.0,
2015-12-02T00:00:00,SPY,buy,1.656053054122323,177.7209382916162,10.0,5.0,
2015-12-03T00:00:00,SPY,sell,1.7861949640087098,175.6780511019222,10.0,5.0,
2015-12-04T00:00:00,SPY,sell,2.4927532301425845,172.96889522175098,10.0,5.0,
2015-12-07T00:00:00,SPY,buy,3.4183435660547867,176.54892845270794,10.0,5.0,
2015-12-08T00:00:00,SPY,sell,1.0631477438809644,173.71008356891835,10.0,5.0,
2015-12-09T00:00:00,SPY,sell,1.185837524465862,173.45768366492365,10.0,5.0,
2015-12-10T00:00:00,SPY,sell,1.38764194285744,172.80979369687017,10.0,5.0,
2015-12-11T00:00:00,SPY,buy,0.46099367880588166,171.58535488686965,10.0,5.0,
2015-12-14T00:00:00,SPY,sell,3.526029956228651,169.99059604893623,10.0,5.0,
2015-12-15T00:00:00,SPY,buy,0.9192162817046002,172.72488305700597,10.0,5.0,
2015-12-16T00:00:00,SPY,buy,1.8889227104778303,174.1346819181524,10.0,5.0,
2015-12-17T00:00:00,SPY,buy,2.5885685206017777,175.8478857324277,10.0,5.0,
2015-12-18T00:00:00,SPY,sell,2.7213553492439764,171.59516402457754,10.0,5.0,
2015-12-21T00:00:00,SPY,sell,3.2499526229271507,170.44404496666488,10.0,5.0,
2015-12-22T00:00:00,SPY,buy,1.4966743914959701,172.0725478441707,10.0,5.0,
2015-12-23T00:00:00,SPY,buy,1.635560419700231,173.74474979913003,10.0,5.0,
2015-12-24T00:00:00,SPY,buy,2.1991538500785976,174.61936129931664,10.0,5.0,
2015-12-28T00:00:00,SPY,sell,0.2922322401024089,173.36551665211735,10.0,5.0,
2015-12-29T00:00:00,SPY,sell,0.4053271894705065,174.76162009905082,10.0,5.0,
2015-12-30T00:00:00,SPY,buy,1.8755382291043297,175.79906729411732,10.0,5.0,
2015-12-31T00:00:00,SPY,sell,1.2514626706717853,173.5930912383999,10.0,5.0,
2016-01-04T00:00:00,SPY,sell,1.7857290768406129,169.66620089316035,10.0,5.0,
2016-01-05T00:00:00,SPY,sell,2.531362080086153,170.43582154522278,10.0,5.0,
2016-01-06T00:00:00,SPY,buy,0.30748204093989007,168.35368444315986,10.0,5.0,
2016-01-07T00:00:00,SPY,sell,2.324943278542539,165.29922601187323,10.0,5.0,
2016-01-08T00:00:00,SPY,sell,4.531593681828729,165.18002930594326,10.0,5.0,
2016-01-11T00:00:00,SPY,sell,2.118901365763632,163.33609662581262,10.0,5.0,
2016-01-12T00:00:00,SPY,buy,0.18877743321449775,164.51688388904637,10.0,5.0,
2016-01-13T00:00:00,SPY,buy,1.5443245771279128,165.05270332051282,10.0,5.0,
2016-01-14T00:00:00,SPY,sell,4.882236842123454,160.4071066688662,10.0,5.0,
2016-01-15T00:00:00,SPY,buy,3.180092447019435,158.53442398803116,10.0,5.0,
2016-01-19T00:00:00,SPY,sell,4.256330803843158,160.75432787507089,10.0,5.0,
2016-01-20T00:00:00,SPY,buy,0.2531797978645761,157.05587387121744,10.0,5.0,
2016-01-21T00:00:00,SPY,sell,2.572417959141348,157.58148367792606,10.0,5.0,
2016-01-22T00:00:00,SPY,buy,1.1204610701165727,161.0884059079188,10.0,5.0,
2016-01-25T00:00:00,SPY,buy,4.023661687764377,161.20837635900241,10.0,5.0,
2016-01-26T00:00:00,SPY,sell,2.992778523938336,159.4515977873743,10.0,5.0,
2016-01-27T00:00:00,SPY,buy,2.671368441187184,160.9193460667659,10.0,5.0,
2016-01-28T00:00:00,SPY,sell,2.1497579418369197,160.75519161828296,10.0,5.0,
2016-01-29T00:00:00,SPY,buy,1.0214374231710308,161.29203306743136,10.0,5.0,
2016-02-01T00:00:00,SPY,buy,4.682237818166483,163.42392603212426,10.0,5.0,
2016-02-02T00:00:00,SPY,sell,0.07442777383892414,162.44908439421937,10.0,5.0,
2016-02-03T00:00:00,SPY,sell,3.503967067657487,161.98182622488136,10.0,5.0,
2016-02-04T00:00:00,SPY,buy,1.1595336910859284,161.87776068613655,10.0,5.0,
2016-02-05T00:00:00,SPY,buy,0.30307374172096335,162.11482126636787,10.0,5.0,
2016-02-08T00:00:00,SPY,sell,3.7575267078151926,157.20886827361198,10.0,5.0,
2016-02-09T00:00:00,SPY,sell,2.6915726568896305,155.16966999445174,10.0,5.0,
2016-02-10T00:00:00,SPY,buy,0.019263441535509705,158.22675717945464,10.0,5.0,
2016-02-11T00:00:00,SPY,sell,0.17395753770812916,154.30786872242732,10.0,5.0,
2016-02-12T00:00:00,SPY,sell,2.6579810060752367,156.52378052213663,10.0,5.0,
2016-02-16T00:00:00,SPY,buy,4.13585029899429,160.23223693019222,10.0,5.0,
2016-02-17T00:00:00,SPY,buy,3.3308563009479775,162.2607110640282,10.0,5.0,
2016-02-18T00:00:00,SPY,buy,3.1529249366918015,163.99235541708774,10.0,5.0,
2016-02-19T00:00:00,SPY,sell,0.7861861312945307,161.7797113213182,10.0,5.0,
2016-02-22T00:00:00,SPY,sell,0.08915837632196295,164.0654287531623,10.0,5.0,
2016-02-23T00:00:00,SPY,buy,2.752705609882759,164.67134674096937,10.0,5.0,
2016-02-24T00:00:00,SPY,sell,2.4248310480557307,161.3217863429992,10.0,5.0,
2016-02-25T00:00:00,SPY,buy,0.8827260723247784,164.4411302029775,10.0,5.0,
2016-02-26T00:00:00,SPY,buy,2.2909901549364067,166.85263649740827,10.0,5.0,
2016-02-29T00:00:00,SPY,sell,0.43083330834234496,165.11426217279734,10.0,5.0,
2016-03-01T00:00:00,SPY,sell,1.4941273635447072,165.028876292591,10.0,5.0,
2016-03-02T00:00:00,SPY,buy,4.382390473750647,167.84666475875457,10.0,5.0,
2016-03-03T00:00:00,SPY,buy,0.8289260094646185,168.7361924039066,10.0,5.0,
2016-03-04T00:00:00,SPY,buy,0.7199541140373936,169.77168497205827,10.0,5.0,
2016-03-07T00:00:00,SPY,buy,0.5955664106323137,169.20289444858486,10.0,5.0,
2016-03-08T00:00:00,SPY,buy,0.14519677474920065,169.18534903349692,10.0,5.0,
2016-03-09T00:00:00,SPY,sell,2.015395800753947,168.7096734817379,10.0,5.0,
2016-03-10T00:00:00,SPY,buy,0.9081165839030301,169.7294809659109,10.0,5.0,
2016-03-11T00:00:00,SPY,buy,0.14846770209996143,170.8320072368746,10.0,5.0,
2016-03-14T00:00:00,SPY,buy,2.918645900395152,171.59815559603743,10.0,5.0,
2016-03-15T00:00:00,SPY,sell,0.23222909648706605,170.40353578180265,10.0,5.0,
2016-03-16T00:00:00,SPY,sell,0.294147643939151,170.60659744275554,10.0,5.0,
2016-03-17T00:00:00,SPY,buy,1.0405243661280985,172.513749115254,10.0,5.0,
2016-03-18T00:00:00,SPY,buy,1.131687765072794,174.19701009534066,10.0,5.0,
2016-03-21T00:00:00,SPY,buy,0.69817418562156,174.11137727745094,10.0,5.0,
2016-03-22T00:00:00,SPY,buy,0.25108788836106194,173.8463561091643,10.0,5.0,
2016-03-23T00:00:00,SPY,sell,0.09527488045676469,173.6219861957557,10.0,5.0,
2016-03-24T00:00:00,SPY,sell,1.1757377926080266,171.82587707485865,10.0,5.0,
2016-03-28T00:00:00,SPY,sell,0.07690075576671752,173.19667242771342,10.0,5.0,
2016-03-29T00:00:00,SPY,buy,0.10538233648266535,172.99288071990912,10.0,5.0,
2016-03-30T00:00:00,SPY,buy,1.6353449912974722,176.01481386872797,10.0,5.0,
2016-03-31T00:00:00,SPY,buy,0.7734576286779095,175.68138581534666,10.0,5.0,
2016-04-01T00:00:00,SPY,sell,0.42656278440395007,173.82549385932913,10.0,5.0,
2016-04-04T00:00:00,SPY,buy,1.1911891271870483,176.46671286296106,10.0,5.0,
2016-04-05T00:00:00,SPY,sell,0.5663955397762165,174.097475699176,10.0,5.0,
2016-04-06T00:00:00,SPY,sell,1.7659087423640565,173.6882126979956,10.0,5.0,
2016-04-07T00:00:00,SPY,buy,1.9169070256988354,175.02536545872672,10.0,5.0,
2016-04-08T00:00:00,SPY,sell,2.121370436306707,174.66617505011135,10.0,5.0,
2016-04-11T00:00:00,SPY,buy,0.47490433442033386,175.1179885692496,10.0,5.0,
2016-04-12T00:00:00,SPY,sell,0.41590143224005865,173.71488595380663,10.0,5.0,
2016-04-13T00:00:00,SPY,buy,1.6383188941614772,176.61210655390138,10.0,5.0,
2016-04-14T00:00:00,SPY,buy,1.7578226885939254,177.52516872218655,10.0,5.0,
2016-04-15T00:00:00,SPY,buy,0.009140574889768218,177.47170356124235,10.0,5.0,
2016-04-18T00:00:00,SPY,sell,0.1918272715579887,176.74347876645058,10.0,5.0,
2016-04-19T00:00:00,SPY,buy,1.2110086371967888,178.94963374125624,10.0,5.0,
2016-04-20T00:00:00,SPY,buy,0.5420236120235007,179.12811288430873,10.0,5.0,
2016-04-21T00:00:00,SPY,buy,0.16335943588358026,179.27253077455708,10.0,5.0,
2016-04-22T00:00:00,SPY,sell,0.9253772788882342,177.39744251758538,10.0,5.0,
2016-04-25T00:00:00,SPY,buy,0.0008136486203033495,177.6848966456454,10.0,5.0,
2016-04-26T00:00:00,SPY,sell,0.29732261896705986,177.81502233065552,10.0,5.0,
2016-04-27T00:00:00,SPY,buy,0.25614901879487745,177.86497780197308,10.0,5.0,
2016-04-28T00:00:00,SPY,buy,0.3539886863199318,177.85658774787692,10.0,5.0,
2016-04-29T00:00:00,SPY,sell,1.574762175575875,175.84025622674005,10.0,5.0,
2016-05-02T00:00:00,SPY,sell,0.9418401891791819,176.01092082638132,10.0,5.0,
2016-05-03T00:00:00,SPY,buy,1.3801261755411847,176.20245794300803,10.0,5.0,
2016-05-04T00:00:00,SPY,sell,1.5236642764907757,174.3687660319873,10.0,5.0,
2016-05-05T00:00:00,SPY,sell,0.9801972103944385,174.85405762792976,10.0,5.0,
2016-05-06T00:00:00,SPY,sell,0.03470336043777708,173.57958916296673,10.0,5.0,
2016-05-09T00:00:00,SPY,buy,0.6435137233746056,175.39133516867238,10.0,5.0,
2016-05-10T00:00:00,SPY,buy,0.14525336245551984,176.37165065939053,10.0,5.0,
2016-05-11T00:00:00,SPY,buy,2.15566089888328,177.38910067802573,10.0,5.0,
2016-05-12T00:00:00,SPY,sell,1.632511444749811,176.32502889909458,10.0,5.0,
2016-05-13T00:00:00,SPY,buy,0.049808676255625454,175.93626597457953,10.0,5.0,
2016-05-16T00:00:00,SPY,sell,1.536592564857359,174.34317351407915,10.0,5.0,
2016-05-17T00:00:00,SPY,buy,1.726511093136677,176.15158669255797,10.0,5.0,
2016-05-18T00:00:00,SPY,sell,1.6446238988938056,173.90085682011915,10.0,5.0,
2016-05-19T00:00:00,SPY,buy,0.053177128782214055,174.10190392928985,10.0,5.0,
2016-05-20T00:00:00,SPY,sell,0.6139051451856107,174.31003644626287,10.0,5.0,
2016-05-23T00:00:00,SPY,buy,1.1128039246972832,175.34054312483738,10.0,5.0,
2016-05-24T00:00:00,SPY,sell,0.23954242412992313,175.37383057454855,10.0,5.0,
2016-05-25T00:00:00,SPY,buy,2.254813360934283,178.03741052555466,10.0,5.0,
2016-05-26T00:00:00,SPY,buy,1.171339638412551,178.69369107749628,10.0,5.0,
2016-05-27T00:00:00,SPY,buy,0.050009852666624166,178.76883764783526,10.0,5.0,
2016-05-31T00:00:00,SPY,buy,0.7358175279973603,179.64878953643353,10.0,5.0,
2016-06-01T00:00:00,SPY,sell,0.3253862036909769,177.8830558570547,10.0,5.0,
2016-06-02T00:00:00,SPY,buy,273.8399025799459,179.03105225482153,10.0,5.0,
2016-06-03T00:00:00,SPY,sell,273.215930207774,178.8133133442549,10.0,5.0,
2016-06-06T00:00:00,SPY,sell,0.18198406358980299,179.22728797446513,10.0,5.0,
2016-06-07T00:00:00,SPY,buy,0.8647285287159292,180.4766212078211,10.0,5.0,
2016-06-08T00:00:00,SPY,buy,0.26513320051784334,180.74025743779083,10.0,5.0,
2016-06-09T00:00:00,SPY,buy,0.5505207450211766,180.4591655230824,10.0,5.0,
2016-06-10T00:00:00,SPY,sell,0.231042103059997,179.02304010217546,10.0,5.0,
2016-06-13T00:00:00,SPY,sell,1.6165368808221754,178.08582091159033,10.0,5.0,
2016-06-14T00:00:00,SPY,sell,1.327178502109416,176.92927203506125,10.0,5.0,
2016-06-15T00:00:00,SPY,sell,0.33907951660758184,176.96437236519077,10.0,5.0,
2016-06-16T00:00:00,SPY,sell,0.24150216493825127,176.7178790861059,10.0,5.0,
2016-06-17T00:00:00,SPY,buy,0.5160682762109546,177.6753578372,10.0,5.0,
2016-06-20T00:00:00,SPY,sell,0.6457692396291356,178.5511647104149,10.0,5.0,
2016-06-21T00:00:00,SPY,buy,1.1091661439285665,178.64517488298577,10.0,5.0,
2016-06-22T00:00:00,SPY,buy,0.48840712710306705,178.9447012283092,10.0,5.0,
2016-06-23T00:00:00,SPY,sell,0.2799856356114772,179.398184809193,10.0,5.0,
2016-06-24T00:00:00,SPY,buy,2.2096254250952483,174.64061498489554,10.0,5.0,
2016-06-27T00:00:00,SPY,sell,6.3194509354766835,172.36657857010323,10.0,5.0,
2016-06-28T00:00:00,SPY,sell,3.213499414709862,172.27376244005725,10.0,5.0,
2016-06-29T00:00:00,SPY,buy,3.2018976231999217,175.67868237642597,10.0,5.0,
2016-06-30T00:00:00,SPY,buy,2.9722842830956546,177.71110719548793,10.0,5.0,
2016-07-01T00:00:00,SPY,buy,2.3367969452937998,179.6576589641928,10.0,5.0,
2016-07-05T00:00:00,SPY,buy,0.35815810061159403,179.20162496596473,10.0,5.0,
2016-07-06T00:00:00,SPY,buy,273.2212732873116,178.26622047438826,10.0,5.0,
2016-07-07T00:00:00,SPY,sell,0.5361393931933067,179.44929987429995,10.0,5.0,
2016-07-08T00:00:00,SPY,buy,0.06356623330909152,181.0020817796357,10.0,5.0,
2016-07-11T00:00:00,SPY,sell,1.5050052284420485,182.28730643777988,10.0,5.0,
2016-07-12T00:00:00,SPY,sell,0.3561110528022029,183.43406117566556,10.0,5.0,
2016-07-13T00:00:00,SPY,sell,0.7291839835030989,184.21176174885167,10.0,5.0,
2016-07-14T00:00:00,SPY,buy,0.014163799177340307,185.5901308146511,10.0,5.0,
2016-07-15T00:00:00,SPY,sell,0.5587744631525745,185.35761860653122,10.0,5.0,
2016-07-18T00:00:00,SPY,buy,0.1348843257111426,185.2217923495568,10.0,5.0,
2016-07-19T00:00:00,SPY,sell,0.26895058763154284,184.6226982800087,10.0,5.0,
2016-07-20T00:00:00,SPY,buy,0.10161937749491964,185.41036387993137,10.0,5.0,
2016-07-21T00:00:00,SPY,sell,0.4153757971840517,185.51171915920827,10.0,5.0,
2016-07-22T00:00:00,SPY,buy,0.37845665070392,185.59961955715963,10.0,5.0,
2016-07-25T00:00:00,SPY,sell,0.44745095138038843,185.54578236671586,10.0,5.0,
2016-07-26T00:00:00,SPY,buy,0.2715849627648839,185.70239487052004,10.0,5.0,
2016-07-27T00:00:00,SPY,sell,0.046197299917950053,185.70913411754884,10.0,5.0,
2016-07-28T00:00:00,SPY,buy,0.10617089626983288,185.49624135382277,10.0,5.0,
2016-07-29T00:00:00,SPY,sell,0.11539304334868991,185.08459539606753,10.0,5.0,
2016-08-01T00:00:00,SPY,sell,0.16125629836826555,185.70863469062672,10.0,5.0,
2016-08-02T00:00:00,SPY,buy,0.08281660362776455,185.80497703738385,10.0,5.0,
2016-08-03T00:00:00,SPY,buy,0.6443713687822369,184.80265715880333,10.0,5.0,
2016-08-04T00:00:00,SPY,sell,0.29282420083188054,184.9558978830939,10.0,5.0,
2016-08-05T00:00:00,SPY,sell,0.10652830555164396,185.04187032328545,10.0,5.0,
2016-08-08T00:00:00,SPY,sell,0.8122248233043791,186.74209633216722,10.0,5.0,
2016-08-09T00:00:00,SPY,buy,0.059231815887924213,187.07420773819126,10.0,5.0,
2016-08-10T00:00:00,SPY,sell,0.05935302639758638,186.66660730178475,10.0,5.0,
2016-08-11T00:00:00,SPY,buy,0.2468782172088361,187.18623733764056,10.0,5.0,
2016-08-12T00:00:00,SPY,sell,0.4607410995298926,186.64848642328846,10.0,5.0,
2016-08-15T00:00:00,SPY,buy,0.08600610628110618,187.72613292491073,10.0,5.0,
2016-08-16T00:00:00,SPY,sell,0.2859165867598618,186.91387324820866,10.0,5.0,
2016-08-17T00:00:00,SPY,buy,0.5139986285478972,186.9638777637676,10.0,5.0,
2016-08-18T00:00:00,SPY,sell,0.18720987950691143,186.69181625317086,10.0,5.0,
2016-08-19T00:00:00,SPY,sell,0.22268979494074045,186.66605003746042,10.0,5.0,
2016-08-22T00:00:00,SPY,buy,0.14515502422804405,187.18597167370115,10.0,5.0,
2016-08-23T00:00:00,SPY,buy,0.004554173088223763,188.03436443750073,10.0,5.0,
2016-08-24T00:00:00,SPY,sell,0.19974763334415185,187.08510679728576,10.0,5.0,
2016-08-25T00:00:00,SPY,buy,0.5100693087757349,186.44920744380437,10.0,5.0,
2016-08-26T00:00:00,SPY,buy,0.06874121463092156,186.89413611431007,10.0,5.0,
2016-08-29T00:00:00,SPY,buy,0.18800627971703318,186.4829042001589,10.0,5.0,
2016-08-30T00:00:00,SPY,sell,0.48920712432914576,186.62278827031116,10.0,5.0,
2016-08-31T00:00:00,SPY,buy,0.16398011149005962,186.62862717454354,10.0,5.0,
2016-09-01T00:00:00,SPY,buy,0.28398787363011097,186.4230783679338,10.0,5.0,
2016-09-02T00:00:00,SPY,sell,0.004699992202716888,186.73547437515606,10.0,5.0,
2016-09-06T00:00:00,SPY,sell,0.44777861957114123,186.9991047208492,10.0,5.0,
2016-09-07T00:00:00,SPY,sell,0.2995999514543816,187.11910595266852,10.0,5.0,
2016-09-08T00:00:00,SPY,buy,0.008879169522094593,187.49406286986297,10.0,5.0,
2016-09-09T00:00:00,SPY,buy,0.22704543365659927,186.07979742479773,10.0,5.0,
2016-09-12T00:00:00,SPY,buy,2.4375731628085853,182.15394192251355,10.0,5.0,
2016-09-13T00:00:00,SPY,sell,1.430092025795196,183.69782841554434,10.0,5.0,
2016-09-14T00:00:00,SPY,buy,1.4575954697194704,182.92496711596795,10.0,5.0,
2016-09-15T00:00:00,SPY,buy,0.03736349646496177,182.6400463943802,10.0,5.0,
2016-09-16T00:00:00,SPY,sell,1.0019590244774617,183.45751684070436,10.0,5.0,
2016-09-19T00:00:00,SPY,buy,0.3888188632823909,184.5719038059898,10.0,5.0,
2016-09-20T00:00:00,SPY,sell,0.019369617915743705,184.25826666849798,10.0,5.0,
2016-09-21T00:00:00,SPY,sell,0.00470704236418621,184.11234172587035,10.0,5.0,
2016-09-22T00:00:00,SPY,sell,1.1208527599703775,186.48232815166972,10.0,5.0,
2016-09-23T00:00:00,SPY,sell,0.6247458907820169,186.2422320343872,10.0,5.0,
2016-09-26T00:00:00,SPY,buy,0.5474977775890061,185.33933468340223,10.0,5.0,
2016-09-27T00:00:00,SPY,buy,0.8163306648142358,184.5034812842674,10.0,5.0,
2016-09-28T00:00:00,SPY,sell,0.6201892610130885,185.4774273810223,10.0,5.0,
2016-09-29T00:00:00,SPY,sell,0.49413198846339845,185.9673821631307,10.0,5.0,
2016-09-30T00:00:00,SPY,buy,0.9096608059061944,185.88262537618985,10.0,5.0,
2016-10-03T00:00:00,SPY,sell,0.7529628514538826,185.4687143577058,10.0,5.0,
2016-10-04T00:00:00,SPY,buy,0.23975684779609463,186.10589527918458,10.0,5.0,
2016-10-05T00:00:00,SPY,buy,0.5121137946538594,185.67539923836537,10.0,5.0,
2016-10-06T00:00:00,SPY,sell,0.4427926954559267,185.0823615165218,10.0,5.0,
2016-10-07T00:00:00,SPY,sell,0.06979728500646903,185.71036735097735,10.0,5.0,
2016-10-10T00:00:00,SPY,buy,0.34402492066492335,186.3216281326403,10.0,5.0,
2016-10-11T00:00:00,SPY,sell,0.5198758412837018,185.33138021507034,10.0,5.0,
2016-10-12T00:00:00,SPY,buy,1.2764746890818375,184.10741753682643,10.0,5.0,
2016-10-13T00:00:00,SPY,sell,0.1327654217002813,182.32423782585005,10.0,5.0,
2016-10-14T00:00:00,SPY,buy,0.33059424016713634,184.58914618249582,10.0,5.0,
2016-10-17T00:00:00,SPY,sell,0.05267874973555311,183.12375935256577,10.0,5.0,
2016-10-18T00:00:00,SPY,buy,0.35151740783027274,184.66671908106366,10.0,5.0,
2016-10-19T00:00:00,SPY,sell,0.6304266509537777,183.9217963398416,10.0,5.0,
2016-10-20T00:00:00,SPY,sell,0.2678656155245664,183.79343348376938,10.0,5.0,
2016-10-21T00:00:00,SPY,buy,0.1877008021553554,184.3561498668445,10.0,5.0,
2016-10-24T00:00:00,SPY,sell,0.04709481738914575,184.76511667258774,10.0,5.0,
2016-10-25T00:00:00,SPY,sell,0.42595395680021636,184.48921088905794,10.0,5.0,
2016-10-26T00:00:00,SPY,buy,0.3368578246562214,183.7789233554238,10.0,5.0,
2016-10-27T00:00:00,SPY,buy,0.20248587890892306,184.95958962047277,10.0,5.0,
2016-10-28T00:00:00,SPY,buy,0.2689218118333029,183.7185275252278,10.0,5.0,
2016-10-31T00:00:00,SPY,buy,0.2989213919392727,183.53756322687386,10.0,5.0,
2016-11-01T00:00:00,SPY,sell,0.00500629703292257,182.98649612755452,10.0,5.0,
2016-11-02T00:00:00,SPY,buy,0.7378949430214833,181.57285871653391,10.0,5.0,
2016-11-03T00:00:00,SPY,buy,0.6155683273233228,181.0037918336792,10.0,5.0,
2016-11-04T00:00:00,SPY,buy,0.4691473755048381,180.07274093540383,10.0,5.0,
2016-11-07T00:00:00,SPY,buy,0.11271443869483673,179.76172841129878,10.0,5.0,
2016-11-08T00:00:00,SPY,sell,2.213245944428733,182.77750786625307,10.0,5.0,
2016-11-09T00:00:00,SPY,sell,0.45439493309705087,182.5041187311364,10.0,5.0,
2016-11-10T00:00:00,SPY,sell,1.0559463605697654,186.74017991982817,10.0,5.0,
2016-11-11T00:00:00,SPY,sell,0.24762956213444537,185.69274794874443,10.0,5.0,
2016-11-14T00:00:00,SPY,buy,0.2297160399344604,187.071329471516,10.0,5.0,
2016-11-15T00:00:00,SPY,sell,0.0785333952507398,186.51812738783784,10.0,5.0,
2016-11-16T00:00:00,SPY,sell,0.7718097853180692,186.96392156894603,10.0,5.0,
2016-11-17T00:00:00,SPY,buy,0.18556750349720363,187.95046512044706,10.0,5.0,
2016-11-18T00:00:00,SPY,sell,0.5077140090109066,188.26187953492044,10.0,5.0,
2016-11-21T00:00:00,SPY,buy,0.2215795696675429,188.91590447585014,10.0,5.0,
2016-11-22T00:00:00,SPY,sell,0.7424932788118489,189.499054822227,10.0,5.0,
2016-11-23T00:00:00,SPY,sell,0.1919505103115504,189.04442566648362,10.0,5.0,
2016-11-25T00:00:00,SPY,sell,0.05368828442700112,190.00730049109055,10.0,5.0,
2016-11-28T00:00:00,SPY,sell,0.3638430435063541,190.0581007296355,10.0,5.0,
2016-11-29T00:00:00,SPY,buy,0.4620935485378087,190.08004868398734,10.0,5.0,
2016-11-30T00:00:00,SPY,sell,0.1917057219455183,190.4623614053727,10.0,5.0,
2016-12-01T00:00:00,SPY,buy,0.2363256824611644,190.26068298118193,10.0,5.0,
2016-12-02T00:00:00,SPY,buy,0.3627979339197995,189.34717647763966,10.0,5.0,
2016-12-05T00:00:00,SPY,sell,0.04955028573042253,189.62060224757835,10.0,5.0,
2016-12-06T00:00:00,SPY,sell,0.5891236567742903,190.10934987059105,10.0,5.0,
2016-12-07T00:00:00,SPY,sell,0.3101129862804817,190.3675446362972,10.0,5.0,
2016-12-08T00:00:00,SPY,sell,1.2650199915796896,192.98735332137502,10.0,5.0,
2016-12-09T00:00:00,SPY,sell,0.2374989151223005,193.71056908526245,10.0,5.0,
2016-12-12T00:00:00,SPY,sell,0.5814346687833869,194.56075459620786,10.0,5.0,
2016-12-13T00:00:00,SPY,buy,0.11047147830891747,195.6821542564271,10.0,5.0,
2016-12-14T00:00:00,SPY,sell,0.639777104973025,195.42862256723384,10.0,5.0,
2016-12-15T00:00:00,SPY,buy,0.798546433532084,194.94203410704844,10.0,5.0,
2016-12-16T00:00:00,SPY,sell,0.3966622131252983,195.37077996165885,10.0,5.0,
2016-12-19T00:00:00,SPY,buy,0.18879502309771673,195.30097324189623,10.0,5.0,
2016-12-20T00:00:00,SPY,sell,0.20962434104135813,195.4921284651705,10.0,5.0,
2016-12-21T00:00:00,SPY,sell,0.36995644181839743,195.57829154599932,10.0,5.0,
2016-12-22T00:00:00,SPY,buy,0.2676915377108197,195.60464294839366,10.0,5.0,
2016-12-23T00:00:00,SPY,buy,0.16644486188942806,195.45701859073816,10.0,5.0,
2016-12-27T00:00:00,SPY,sell,0.140924801592021,195.3799431863498,10.0,5.0,
2016-12-28T00:00:00,SPY,sell,0.23816693188331348,195.8551000353873,10.0,5.0,
2016-12-29T00:00:00,SPY,buy,0.8004417711720291,194.63436785539295,10.0,5.0,
2016-12-30T00:00:00,SPY,buy,0.021144958885523004,194.8495161807496,10.0,5.0,
2017-01-03T00:00:00,SPY,buy,0.3546178529238515,195.1192614993864,10.0,5.0,
2017-01-04T00:00:00,SPY,sell,0.7366543351203847,195.03312205725138,10.0,5.0,
2017-01-05T00:00:00,SPY,sell,0.5699529924182882,195.59524727904028,10.0,5.0,
2017-01-06T00:00:00,SPY,buy,0.07587299508317534,196.41046554368413,10.0,5.0,
2017-01-09T00:00:00,SPY,sell,0.34230604017410293,196.14880518394622,10.0,5.0,
2017-01-10T00:00:00,SPY,buy,0.3168640970465014,196.36776867674683,10.0,5.0,
2017-01-11T00:00:00,SPY,sell,0.0001263153988822075,195.6745787814165,10.0,5.0,
2017-01-12T00:00:00,SPY,sell,0.27051063208982834,195.7944753150029,10.0,5.0,
2017-01-13T00:00:00,SPY,buy,0.24074956940590886,196.58444327288632,10.0,5.0,
2017-01-17T00:00:00,SPY,sell,0.21995528628209066,195.63034432395827,10.0,5.0,
2017-01-18T00:00:00,SPY,buy,0.33848549085089297,196.42001874626982,10.0,5.0,
2017-01-19T00:00:00,SPY,sell,0.21206014086353187,196.08839551517505,10.0,5.0,
2017-01-20T00:00:00,SPY,buy,0.35656350504214934,196.5587158033181,10.0,5.0,
2017-01-23T00:00:00,SPY,sell,0.35248444518842387,196.001704835956,10.0,5.0,
2017-01-24T00:00:00,SPY,buy,0.2500640476342261,196.29835346480164,10.0,5.0,
2017-01-25T00:00:00,SPY,sell,0.6123307003056734,197.6956000136561,10.0,5.0,
2017-01-26T00:00:00,SPY,sell,0.8201278496273102,198.3004208634292,10.0,5.0,
2017-01-27T00:00:00,SPY,buy,0.09897436619648774,198.91641587299054,10.0,5.0,
2017-01-30T00:00:00,SPY,buy,0.1494474763105283,197.83270234835183,10.0,5.0,
2017-01-31T00:00:00,SPY,buy,0.5941983708786738,196.80189733209872,10.0,5.0,
2017-02-01T00:00:00,SPY,buy,0.008513310920811399,197.27718881921345,10.0,5.0,
2017-02-02T00:00:00,SPY,sell,0.037806700159383096,196.76336356043333,10.0,5.0,
2017-02-03T00:00:00,SPY,sell,0.06298454540407221,197.80063429892854,10.0,5.0,
2017-02-06T00:00:00,SPY,sell,0.6542767297627948,197.84248236393807,10.0,5.0,
2017-02-07T00:00:00,SPY,buy,0.16973980333978772,198.8819409350881,10.0,5.0,
2017-02-08T00:00:00,SPY,sell,0.004303579802778746,197.90477899657813,10.0,5.0,
2017-02-09T00:00:00,SPY,sell,0.1246297125058638,198.16335631158222,10.0,5.0,
2017-02-10T00:00:00,SPY,sell,0.5609768890255454,199.68385994166465,10.0,5.0,
2017-02-13T00:00:00,SPY,sell,0.37221058256019496,200.61778553353759,10.0,5.0,
2017-02-14T00:00:00,SPY,sell,0.5110092788129678,201.03239985242848,10.0,5.0,
2017-02-15T00:00:00,SPY,sell,0.37448034378683137,201.80200271186342,10.0,5.0,
2017-02-16T00:00:00,SPY,sell,0.48712355126554846,203.09845790806702,10.0,5.0,
2017-02-17T00:00:00,SPY,buy,0.07940278112500398,202.84402259406465,10.0,5.0,
2017-02-21T00:00:00,SPY,sell,0.14705453424472337,203.59193659167397,10.0,5.0,
2017-02-22T00:00:00,SPY,sell,0.5525234428330595,204.0233054574758,10.0,5.0,
2017-02-23T00:00:00,SPY,buy,0.08208536697586635,205.38448578675866,10.0,5.0,
2017-02-24T00:00:00,SPY,sell,0.06300643176095813,203.5403996021753,10.0,5.0,
2017-02-27T00:00:00,SPY,sell,0.11784527427829596,204.56024152121728,10.0,5.0,
2017-02-28T00:00:00,SPY,sell,0.1449589489912242,204.58606749623831,10.0,5.0,
2017-03-01T00:00:00,SPY,buy,0.2508854240554835,206.69420109306995,10.0,5.0,
2017-03-02T00:00:00,SPY,sell,1.2834159594945251,207.08247324717186,10.0,5.0,
2017-03-03T00:00:00,SPY,buy,0.5820478192225255,206.5040518356973,10.0,5.0,
2017-03-06T00:00:00,SPY,sell,0.05829539114258244,205.30394511971087,10.0,5.0,
2017-03-07T00:00:00,SPY,buy,0.27575825510360075,205.8011942055478,10.0,5.0,
2017-03-08T00:00:00,SPY,buy,0.27732161216116774,205.78378751882866,10.0,5.0,
2017-03-09T00:00:00,SPY,buy,0.17237885338899914,205.22860039527717,10.0,5.0,
2017-03-10T00:00:00,SPY,sell,0.11775717237655134,205.70992249453744,10.0,5.0,
2017-03-13T00:00:00,SPY,sell,0.32401064536716967,205.4068778829782,10.0,5.0,
2017-03-14T00:00:00,SPY,sell,0.04687513698253869,205.02740519256943,10.0,5.0,
2017-03-15T00:00:00,SPY,buy,0.35538277331931667,205.97467252125995,10.0,5.0,
2017-03-16T00:00:00,SPY,sell,0.7965099833233419,206.69414765080515,10.0,5.0,
2017-03-17T00:00:00,SPY,buy,0.18153514765264428,207.03587599862124,10.0,5.0,
2017-03-20T00:00:00,SPY,buy,0.16231821762293705,206.4088035565872,10.0,5.0,
2017-03-21T00:00:00,SPY,buy,0.1014887658711296,206.7918098163408,10.0,5.0,
2017-03-22T00:00:00,SPY,buy,1.2034720053704917,203.57149405921868,10.0,5.0,
2017-03-23T00:00:00,SPY,sell,0.21985606231292543,203.4009934258105,10.0,5.0,
2017-03-24T00:00:00,SPY,buy,0.09955946677278764,204.10093938684838,10.0,5.0,
2017-03-27T00:00:00,SPY,buy,0.06778356882770696,201.96733579161557,10.0,5.0,
2017-03-28T00:00:00,SPY,buy,0.09605996490436003,203.13426131046648,10.0,5.0,
2017-03-29T00:00:00,SPY,sell,0.6752470856086903,204.01662072764412,10.0,5.0,
2017-03-30T00:00:00,SPY,sell,0.08734956073749668,204.43453593751644,10.0,5.0,
2017-03-31T00:00:00,SPY,sell,0.2949185691541999,204.80726291502387,10.0,5.0,
2017-04-03T00:00:00,SPY,buy,0.21600578182973676,205.33782136835094,10.0,5.0,
2017-04-04T00:00:00,SPY,buy,0.1616639046899903,204.64099442833077,10.0,5.0,
2017-04-05T00:00:00,SPY,sell,0.059204314463338695,205.12050688578992,10.0,5.0,
2017-04-06T00:00:00,SPY,buy,0.27705088764798375,204.5890687598388,10.0,5.0,
2017-04-07T00:00:00,SPY,sell,0.2612177405165765,204.15618026332288,10.0,5.0,
2017-04-10T00:00:00,SPY,buy,0.09466278843481638,204.9542980367753,10.0,5.0,
2017-04-11T00:00:00,SPY,sell,0.05537950079221135,203.93976976862933,10.0,5.0,
2017-04-12T00:00:00,SPY,buy,0.11068434351784942,204.4144784538663,10.0,5.0,
2017-04-13T00:00:00,SPY,buy,0.4094889351703073,203.45720437684338,10.0,5.0,
2017-04-17T00:00:00,SPY,buy,0.6103143906922548,202.99607475220236,10.0,5.0,
2017-04-18T00:00:00,SPY,sell,0.8244991714502811,202.91384711079357,10.0,5.0,
2017-04-19T00:00:00,SPY,buy,0.2778872981072669,204.22336452064778,10.0,5.0,
2017-04-20T00:00:00,SPY,buy,0.17173712339246144,203.9008548752557,10.0,5.0,
2017-04-21T00:00:00,SPY,sell,0.7552637417603272,204.2422074413638,10.0,5.0,
2017-04-24T00:00:00,SPY,buy,0.296840552155285,206.53976322725572,10.0,5.0,
2017-04-25T00:00:00,SPY,sell,1.0146255952979535,206.55126801641757,10.0,5.0,
2017-04-26T00:00:00,SPY,sell,0.534241977206039,207.07282001454405,10.0,5.0,
2017-04-27T00:00:00,SPY,buy,0.05767237017829206,207.92373345879722,10.0,5.0,
2017-04-28T00:00:00,SPY,sell,0.07725802335952026,207.41248900437833,10.0,5.0,
2017-05-01T00:00:00,SPY,buy,0.20098343258031007,207.84575713491316,10.0,5.0,
2017-05-02T00:00:00,SPY,sell,0.2318641899818087,207.3598996568168,10.0,5.0,
2017-05-03T00:00:00,SPY,sell,0.03472353633076683,207.2998394204073,10.0,5.0,
2017-05-04T00:00:00,SPY,buy,0.11180995388906967,207.97613986933607,10.0,5.0,
2017-05-05T00:00:00,SPY,sell,0.10802062762221895,207.66411494292367,10.0,5.0,
2017-05-08T00:00:00,SPY,sell,0.36062062358462954,208.1496108745856,10.0,5.0,
2017-05-09T00:00:00,SPY,buy,0.015197491605017304,208.95962770318192,10.0,5.0,
2017-05-10T00:00:00,SPY,buy,0.08424385904205697,208.46370559126512,10.0,5.0,
2017-05-11T00:00:00,SPY,sell,0.16454309028731035,207.80282087444178,10.0,5.0,
2017-05-12T00:00:00,SPY,buy,0.1874359783351165,208.20279016145963,10.0,5.0,
2017-05-15T00:00:00,SPY,buy,0.15362742771701074,208.53366174124892,10.0,5.0,
2017-05-16T00:00:00,SPY,sell,0.5049738365341878,208.92201161181657,10.0,5.0,
2017-05-17T00:00:00,SPY,buy,0.0838564535684928,209.0646104808491,10.0,5.0,
2017-05-18T00:00:00,SPY,buy,1.6543532798945604,205.27884481646743,10.0,5.0,
2017-05-19T00:00:00,SPY,sell,0.3728715728320063,206.04861491683704,10.0,5.0,
2017-05-22T00:00:00,SPY,sell,0.5979652195886913,207.41122890555357,10.0,5.0,
2017-05-23T00:00:00,SPY,sell,0.4650963857063995,208.32304673757204,10.0,5.0,
2017-05-24T00:00:00,SPY,sell,0.20253464870788976,208.64488175906976,10.0,5.0,
2017-05-25T00:00:00,SPY,sell,0.2132110327858756,209.40885562027188,10.0,5.0,
2017-05-26T00:00:00,SPY,sell,0.43488050202583434,209.70345526177715,10.0,5.0,
2017-05-30T00:00:00,SPY,buy,0.018608950071854473,210.16145644245395,10.0,5.0,
2017-05-31T00:00:00,SPY,buy,0.07921289048797717,210.59718005514384,10.0,5.0,
2017-06-01T00:00:00,SPY,buy,0.02262140700297385,210.71008682179507,10.0,5.0,
2017-06-02T00:00:00,SPY,sell,0.7195488974946608,211.33525726159283,10.0,5.0,
2017-06-05T00:00:00,SPY,sell,0.30098178612161075,211.8134415383999,10.0,5.0,
2017-06-06T00:00:00,SPY,buy,0.06657255829750941,211.90334300273364,10.0,5.0,
2017-06-07T00:00:00,SPY,buy,0.29019242531700246,212.13048783160508,10.0,5.0,
2017-06-08T00:00:00,SPY,sell,0.16773643573097213,211.64024854721532,10.0,5.0,
2017-06-09T00:00:00,SPY,sell,0.04464203918198583,211.91852121485982,10.0,5.0,
2017-06-12T00:00:00,SPY,buy,0.13765256878047047,211.72075660227583,10.0,5.0,
2017-06-13T00:00:00,SPY,buy,0.018590570718695933,212.46036110452673,10.0,5.0,
2017-06-14T00:00:00,SPY,sell,0.44117217206435116,212.58595286173838,10.0,5.0,
2017-06-15T00:00:00,SPY,buy,0.11463415008481509,211.3288140976437,10.0,5.0,
2017-06-16T00:00:00,SPY,buy,0.17445315202977207,212.43835903869052,10.0,5.0,
2017-06-19T00:00:00,SPY,sell,0.019877098060768792,212.51592794186217,10.0,5.0,
2017-06-20T00:00:00,SPY,sell,0.7474219479021814,213.08982652243287,10.0,5.0,
2017-06-21T00:00:00,SPY,buy,0.6102843304873368,213.0430842683508,10.0,5.0,
2017-06-22T00:00:00,SPY,buy,0.02181421038959962,212.60390635838644,10.0,5.0,
2017-06-23T00:00:00,SPY,buy,0.040961255948415924,212.56031642418847,10.0,5.0,
2017-06-26T00:00:00,SPY,sell,0.1079471212382974,212.78588335807487,10.0,5.0,
2017-06-27T00:00:00,SPY,sell,0.059383630511136445,212.03587638676376,10.0,5.0,
2017-06-28T00:00:00,SPY,buy,0.7337144412396999,212.20317592732061,10.0,5.0,
2017-06-29T00:00:00,SPY,sell,0.8075039087054547,212.5751454444795,10.0,5.0,
2017-06-30T00:00:00,SPY,buy,0.8004231280421256,212.0107520807174,10.0,5.0,
2017-07-03T00:00:00,SPY,sell,0.1702171106310717,211.89585006857632,10.0,5.0,
2017-07-05T00:00:00,SPY,sell,0.15351564502320061,211.6777734972973,10.0,5.0,
2017-07-06T00:00:00,SPY,sell,0.20908557896573657,211.03202667454696,10.0,5.0,
2017-07-07T00:00:00,SPY,buy,0.8348757228169252,211.07446699228998,10.0,5.0,
2017-07-10T00:00:00,SPY,sell,0.5879985682340908,211.22316134519946,10.0,5.0,
2017-07-11T00:00:00,SPY,sell,0.0975157192193944,211.4511239492189,10.0,5.0,
2017-07-12T00:00:00,SPY,buy,0.06731546177041975,212.9017544257084,10.0,5.0,
2017-07-13T00:00:00,SPY,sell,0.6762779886493732,212.88923816598458,10.0,5.0,
2017-07-14T00:00:00,SPY,sell,0.15146563696134027,213.23936964816508,10.0,5.0,
2017-07-17T00:00:00,SPY,sell,0.41803922612459943,214.15467565759786,10.0,5.0,
2017-07-18T00:00:00,SPY,buy,0.010767666852886392,214.44147669723426,10.0,5.0,
2017-07-19T00:00:00,SPY,sell,0.047501748318189825,214.63572973349167,10.0,5.0,
2017-07-20T00:00:00,SPY,sell,0.48298245926523603,215.7336191855655,10.0,5.0,
2017-07-21T00:00:00,SPY,sell,0.0398094010603336,215.00217484207198,10.0,5.0,
2017-07-24T00:00:00,SPY,buy,0.07955286674771664,215.95582986670334,10.0,5.0,
2017-07-25T00:00:00,SPY,buy,0.02167709747808816,216.73422440659806,10.0,5.0,
2017-07-26T00:00:00,SPY,sell,0.21675849524687227,216.144301365181,10.0,5.0,
2017-07-27T00:00:00,SPY,sell,0.0036112579025394634,216.32866134713063,10.0,5.0,
2017-07-28T00:00:00,SPY,buy,0.0830174555103116,215.83336696066985,10.0,5.0,
2017-07-31T00:00:00,SPY,buy,0.10484556839779392,216.4634879123193,10.0,5.0,
2017-08-01T00:00:00,SPY,buy,0.05061959459691276,216.54202712614426,10.0,5.0,
2017-08-02T00:00:00,SPY,sell,0.19887903243640945,215.90002450550475,10.0,5.0,
2017-08-03T00:00:00,SPY,sell,0.04329033723842738,215.76116941642172,10.0,5.0,
2017-08-04T00:00:00,SPY,buy,0.1733532623009853,216.59502928986632,10.0,5.0,
2017-08-07T00:00:00,SPY,sell,0.1626415474508532,215.91766412184418,10.0,5.0,
2017-08-08T00:00:00,SPY,sell,0.16564895010384711,215.93504805604397,10.0,5.0,
2017-08-09T00:00:00,SPY,buy,0.21969645166248306,215.67640898646428,10.0,5.0,
2017-08-10T00:00:00,SPY,buy,0.0036928648487920828,215.51764035573999,10.0,5.0,
2017-08-11T00:00:00,SPY,buy,1.2780071346894213,213.53424436080905,10.0,5.0,
2017-08-14T00:00:00,SPY,sell,0.1338621695525907,214.26017272711616,10.0,5.0,
2017-08-15T00:00:00,SPY,sell,0.8844611445819841,215.4712467019833,10.0,5.0,
2017-08-16T00:00:00,SPY,buy,0.010947339585918626,216.2353117595199,10.0,5.0,
2017-08-17T00:00:00,SPY,sell,0.15579927435626406,214.82721522337934,10.0,5.0,
2017-08-18T00:00:00,SPY,buy,1.4148957289635609,212.5541265087952,10.0,5.0,
2017-08-21T00:00:00,SPY,buy,0.14127359710963078,212.32445060297403,10.0,5.0,
2017-08-22T00:00:00,SPY,sell,0.07081407986557334,212.49818869017116,10.0,5.0,
2017-08-23T00:00:00,SPY,sell,0.9361577271387376,213.1594450646095,10.0,5.0,
2017-08-24T00:00:00,SPY,buy,0.321557239224238,214.390112340983,10.0,5.0,
2017-08-25T00:00:00,SPY,buy,0.21000111644849234,214.3023450435399,10.0,5.0,
2017-08-28T00:00:00,SPY,sell,0.21041923097696205,213.89354930028531,10.0,5.0,
2017-08-29T00:00:00,SPY,sell,0.0036177464898993344,212.05370636387198,10.0,5.0,
2017-08-30T00:00:00,SPY,sell,0.10290329872499024,213.59734686985107,10.0,5.0,
2017-08-31T00:00:00,SPY,sell,0.42407915154248127,215.24539392338357,10.0,5.0,
2017-09-01T00:00:00,SPY,sell,0.535678621653441,216.292044855084,10.0,5.0,
2017-09-05T00:00:00,SPY,sell,0.12591639207257918,215.71727453413698,10.0,5.0,
2017-09-06T00:00:00,SPY,sell,238.26106373519764,215.31282035332273,10.0,5.0,
2017-09-07T00:00:00,SPY,buy,0.4198692102315703,216.35919545697456,10.0,5.0,
2017-09-08T00:00:00,SPY,sell,0.017743950207412172,215.08965453543385,10.0,5.0,
2017-09-11T00:00:00,SPY,sell,0.17501654482446108,216.39758524875515,10.0,5.0,
2017-09-12T00:00:00,SPY,buy,1.5726127283908187,218.44345254328988,10.0,5.0,
2017-09-13T00:00:00,SPY,buy,0.4952693976948394,218.52081388292356,10.0,5.0,
2017-09-14T00:00:00,SPY,buy,0.0703067168006331,218.58965514222507,10.0,5.0,
2017-09-15T00:00:00,SPY,sell,0.04681834102763132,218.0418871663417,10.0,5.0,
2017-09-18T00:00:00,SPY,buy,0.1968232988015616,219.50787737263195,10.0,5.0,
2017-09-19T00:00:00,SPY,buy,0.31042566497868596,219.85109685996895,10.0,5.0,
2017-09-20T00:00:00,SPY,buy,0.14595973862645875,219.91221286057763,10.0,5.0,
2017-09-21T00:00:00,SPY,buy,0.05249229686605915,219.7447136899216,10.0,5.0,
2017-09-22T00:00:00,SPY,sell,0.3909715831504665,218.3564165559097,10.0,5.0,
2017-09-25T00:00:00,SPY,buy,0.029557978982316917,219.10262293020935,10.0,5.0,
2017-09-26T00:00:00,SPY,sell,0.29907751265964666,218.68101220572171,10.0,5.0,
2017-09-27T00:00:00,SPY,buy,0.08807739736202273,219.74489267206178,10.0,5.0,
2017-09-28T00:00:00,SPY,buy,0.567459513262109,219.61421061684547,10.0,5.0,
2017-09-29T00:00:00,SPY,buy,0.1744304929064042,220.1497731022631,10.0,5.0,
2017-10-02T00:00:00,SPY,buy,0.5091150652628449,221.16192111264127,10.0,5.0,
2017-10-03T00:00:00,SPY,buy,0.6253688347298586,221.8920623349312,10.0,5.0,
2017-10-04T00:00:00,SPY,buy,0.30754829468198774,222.21671541681772,10.0,5.0,
2017-10-05T00:00:00,SPY,buy,0.17010263139753862,222.9638133819861,10.0,5.0,
2017-10-06T00:00:00,SPY,buy,0.8442558675623657,223.50169670768665,10.0,5.0,
2017-10-09T00:00:00,SPY,sell,0.16227058839443098,223.2493273471904,10.0,5.0,
2017-10-10T00:00:00,SPY,sell,0.23558136783104525,223.22277367014894,10.0,5.0,
2017-10-11T00:00:00,SPY,buy,0.37556103113055667,223.81747150195022,10.0,5.0,
2017-10-12T00:00:00,SPY,buy,0.2232853189649148,223.94902504107208,10.0,5.0,
2017-10-13T00:00:00,SPY,sell,0.2119005968292163,223.69628950033726,10.0,5.0,
2017-10-16T00:00:00,SPY,buy,0.1729789566148973,224.43251924150763,10.0,5.0,
2017-10-17T00:00:00,SPY,buy,0.18925039017342768,224.45018423607627,10.0,5.0,
2017-10-18T00:00:00,SPY,buy,0.09999677146089968,225.0390378632623,10.0,5.0,
2017-10-19T00:00:00,SPY,buy,0.13860453140092832,224.09820631312343,10.0,5.0,
2017-10-20T00:00:00,SPY,buy,0.038628020348349744,225.74220942687688,10.0,5.0,
2017-10-23T00:00:00,SPY,buy,0.7263744326867202,226.43003459811644,10.0,5.0,
2017-10-24T00:00:00,SPY,sell,0.5483358408083714,224.97550440867192,10.0,5.0,
2017-10-25T00:00:00,SPY,buy,0.24772709994332132,225.28573439751173,10.0,5.0,
2017-10-26T00:00:00,SPY,sell,0.7011312247325341,224.4404418531239,10.0,5.0,
2017-10-27T00:00:00,SPY,buy,0.18286945626328743,225.54057541677128,10.0,5.0,
2017-10-30T00:00:00,SPY,buy,1.1484539972209018,225.54245634120275,10.0,5.0,
2017-10-31T00:00:00,SPY,sell,0.5249703468744414,225.48406637987915,10.0,5.0,
2017-11-01T00:00:00,SPY,buy,0.21897841573972934,226.9213600402669,10.0,5.0,
2017-11-02T00:00:00,SPY,buy,0.18584666232692348,226.36727413124026,10.0,5.0,
2017-11-03T00:00:00,SPY,buy,224.42214057330165,226.72710240036452,10.0,5.0,
2017-11-06T00:00:00,SPY,sell,0.4139869591776641,226.46623903470316,10.0,5.0,
2017-11-07T00:00:00,SPY,sell,0.1297293114743179,227.05453903789515,10.0,5.0,
2017-11-08T00:00:00,SPY,buy,0.05822406702179467,227.2988120743296,10.0,5.0,
2017-11-09T00:00:00,SPY,sell,0.14226167614356441,225.96735298881396,10.0,5.0,
2017-11-10T00:00:00,SPY,buy,0.3043768158379608,226.64897208357252,10.0,5.0,
2017-11-13T00:00:00,SPY,buy,0.02601637055892577,226.2784823783475,10.0,5.0,
2017-11-14T00:00:00,SPY,sell,0.07794489148345495,225.6870871780386,10.0,5.0,
2017-11-15T00:00:00,SPY,buy,0.19511709728417145,225.67242496772857,10.0,5.0,
2017-11-16T00:00:00,SPY,buy,0.42271619145476474,226.46444099923085,10.0,5.0,
2017-11-17T00:00:00,SPY,sell,0.7113547173042013,226.395717629662,10.0,5.0,
2017-11-20T00:00:00,SPY,buy,0.246384878868811,227.0093355706034,10.0,5.0,
2017-11-21T00:00:00,SPY,sell,0.14319834215964708,227.23864715259043,10.0,5.0,
2017-11-22T00:00:00,SPY,sell,0.54505231281927,227.9565481279409,10.0,5.0,
2017-11-24T00:00:00,SPY,buy,0.07367870946429912,228.92578768531138,10.0,5.0,
2017-11-27T00:00:00,SPY,sell,0.1925021650243371,228.31685557598766,10.0,5.0,
2017-11-28T00:00:00,SPY,buy,0.041566207214036206,229.31252621993528,10.0,5.0,
2017-11-29T00:00:00,SPY,sell,0.8375777965984578,230.60379220304978,10.0,5.0,
2017-11-30T00:00:00,SPY,buy,0.0502098956471784,231.950764506101,10.0,5.0,
2017-12-01T00:00:00,SPY,sell,0.7187399798552221,232.12970492073808,10.0,5.0,
2017-12-04T00:00:00,SPY,buy,0.170659973980349,234.1937883846956,10.0,5.0,
2017-12-05T00:00:00,SPY,buy,0.09942023786970096,231.449693182327,10.0,5.0,
2017-12-06T00:00:00,SPY,buy,0.2977669096226459,231.5470309888324,10.0,5.0,
2017-12-07T00:00:00,SPY,sell,0.01584845093299121,231.52682172996575,10.0,5.0,
2017-12-08T00:00:00,SPY,sell,0.2598960549217628,232.48140385395274,10.0,5.0,
2017-12-11T00:00:00,SPY,sell,0.4471809104364121,233.4892966758876,10.0,5.0,
2017-12-12T00:00:00,SPY,sell,0.24662779189778705,234.27881086146726,10.0,5.0,
2017-12-13T00:00:00,SPY,sell,0.14427491419758304,234.14767763530293,10.0,5.0,
2017-12-14T00:00:00,SPY,buy,0.00917165971680242,234.8787627546389,10.0,5.0,
2017-12-15T00:00:00,SPY,buy,0.33589922657229954,234.63096342166023,10.0,5.0,
2017-12-18T00:00:00,SPY,sell,0.6786486342974483,236.25992332450488,10.0,5.0,
2017-12-19T00:00:00,SPY,sell,0.513514373692862,236.59503019846144,10.0,5.0,
2017-12-20T00:00:00,SPY,buy,0.3130903847101051,237.1234821841261,10.0,5.0,
2017-12-21T00:00:00,SPY,buy,0.04227865803378255,236.65410981179562,10.0,5.0,
2017-12-22T00:00:00,SPY,sell,0.1675358963241291,235.82041486594494,10.0,5.0,
2017-12-26T00:00:00,SPY,buy,0.021189625386228584,236.04407538426858,10.0,5.0,
2017-12-27T00:00:00,SPY,buy,0.09749753582909064,236.3362366760592,10.0,5.0,
2017-12-28T00:00:00,SPY,sell,0.03967966202033266,236.07642515371614,10.0,5.0,
2017-12-29T00:00:00,SPY,sell,0.16716282536475502,236.6398790901609,10.0,5.0,
2018-01-02T00:00:00,SPY,buy,0.3077278372176364,236.74348695652552,10.0,5.0,
2018-01-03T00:00:00,SPY,sell,0.5797731531455799,237.0178101356435,10.0,5.0,
2018-01-04T00:00:00,SPY,sell,0.509804295128598,238.99198976840498,10.0,5.0,
2018-01-05T00:00:00,SPY,sell,0.3386254842476515,240.14676345996378,10.0,5.0,
2018-01-08T00:00:00,SPY,sell,0.5324685176375045,240.85125480481886,10.0,5.0,
2018-01-09T00:00:00,SPY,sell,0.14636145561723024,241.8128208627225,10.0,5.0,
2018-01-10T00:00:00,SPY,sell,0.18056482679996222,241.17813801728326,10.0,5.0,
2018-01-11T00:00:00,SPY,buy,0.12210310961515375,242.85067797606612,10.0,5.0,
2018-01-12T00:00:00,SPY,sell,0.5788819189165123,243.59184409416068,10.0,5.0,
2018-01-16T00:00:00,SPY,sell,0.5147755528787925,246.17392353556568,10.0,5.0,
2018-01-17T00:00:00,SPY,buy,0.27174802052306685,245.7503987087887,10.0,5.0,
2018-01-18T00:00:00,SPY,sell,0.7489903317062143,246.28809401223955,10.0,5.0,
2018-01-19T00:00:00,SPY,buy,0.13218929815239255,247.3143841156636,10.0,5.0,
2018-01-22T00:00:00,SPY,sell,0.3571323110875928,246.89699123806417,10.0,5.0,
2018-01-23T00:00:00,SPY,sell,0.6338086287506439,249.1611940350094,10.0,5.0,
2018-01-24T00:00:00,SPY,sell,0.16558043191714064,250.29032173248132,10.0,5.0,
2018-01-25T00:00:00,SPY,buy,0.03031978609971946,251.16763520951434,10.0,5.0,
2018-01-26T00:00:00,SPY,sell,0.03305508310209734,250.4936209448636,10.0,5.0,
2018-01-29T00:00:00,SPY,sell,0.8922126306097915,251.97205288914228,10.0,5.0,
2018-01-30T00:00:00,SPY,buy,0.5149775581481576,249.79008789764535,10.0,5.0,
2018-01-31T00:00:00,SPY,buy,0.8057239144792374,249.90549045143325,10.0,5.0,
2018-02-01T00:00:00,SPY,sell,0.03988414840039573,247.69132437628375,10.0,5.0,
2018-02-02T00:00:00,SPY,buy,0.08884609923530669,247.56159035431935,10.0,5.0,
2018-02-05T00:00:00,SPY,buy,1.7429412892620786,241.70371023304045,10.0,5.0,
2018-02-06T00:00:00,SPY,buy,3.4778965235480377,229.76310096752366,10.0,5.0,
2018-02-07T00:00:00,SPY,sell,1.5772096830007554,236.61189122257915,10.0,5.0,
2018-02-08T00:00:00,SPY,buy,0.4405783685475333,236.8936152693302,10.0,5.0,
2018-02-09T00:00:00,SPY,buy,3.1709743067083895,230.52264212427554,10.0,5.0,
2018-02-12T00:00:00,SPY,sell,1.2503096457446476,232.49697865704093,10.0,5.0,
2018-02-13T00:00:00,SPY,sell,1.196249661173607,232.62037546717994,10.0,5.0,
2018-02-14T00:00:00,SPY,sell,0.20524583956893702,232.9211795176282,10.0,5.0,
2018-02-15T00:00:00,SPY,sell,1.0892321831114644,239.31796908677816,10.0,5.0,
2018-02-16T00:00:00,SPY,sell,1.0183763843680937,239.97892056509303,10.0,5.0,
2018-02-20T00:00:00,SPY,sell,0.024516555130708318,239.72494845541314,10.0,5.0,
2018-02-21T00:00:00,SPY,buy,0.50508927541871,240.33198330135926,10.0,5.0,
2018-02-22T00:00:00,SPY,buy,0.4022286738433645,239.62472477801757,10.0,5.0,
2018-02-23T00:00:00,SPY,sell,0.10518933386119622,239.51314014729817,10.0,5.0,
2018-02-26T00:00:00,SPY,sell,1.2671076432121893,243.15989724173107,10.0,5.0,
2018-02-27T00:00:00,SPY,sell,0.9153241947746413,245.0813218246099,10.0,5.0,
2018-02-28T00:00:00,SPY,buy,1.0003977523547298,243.67364830519446,10.0,5.0,
2018-03-01T00:00:00,SPY,buy,0.8159936940281712,239.8992663947742,10.0,5.0,
2018-03-02T00:00:00,SPY,buy,1.187553859564934,234.94088516559006,10.0,5.0,
2018-03-05T00:00:00,SPY,sell,0.4157225332542432,235.9346733827441,10.0,5.0,
2018-03-06T00:00:00,SPY,sell,0.9269976301713081,240.84253081978167,10.0,5.0,
2018-03-07T00:00:00,SPY,sell,0.2026710836282779,238.30556006227152,10.0,5.0,
2018-03-08T00:00:00,SPY,buy,0.02888295316296576,241.78946546441088,10.0,5.0,
2018-03-09T00:00:00,SPY,sell,0.3864935487476009,242.9579362510415,10.0,5.0,
2018-03-12T00:00:00,SPY,sell,1.3671817493109337,246.04102299388597,10.0,5.0,
2018-03-13T00:00:00,SPY,buy,0.09903246764370943,247.3494880075721,10.0,5.0,
2018-03-14T00:00:00,SPY,buy,0.5137716031951194,245.55617871592804,10.0,5.0,
2018-03-15T00:00:00,SPY,buy,0.4087895612944487,243.85004205788337,10.0,5.0,
2018-03-16T00:00:00,SPY,buy,0.08658350898821819,243.60116729300117,10.0,5.0,
2018-03-19T00:00:00,SPY,sell,0.08647377113348521,241.85263976828185,10.0,5.0,
2018-03-20T00:00:00,SPY,buy,1.0930086470692104,240.4437559256443,10.0,5.0,
2018-03-21T00:00:00,SPY,sell,0.1375594190996498,239.68470318873727,10.0,5.0,
2018-03-22T00:00:00,SPY,buy,0.154577490265854,237.75322628489528,10.0,5.0,
2018-03-23T00:00:00,SPY,buy,2.064969934564794,234.43653975220784,10.0,5.0,
2018-03-26T00:00:00,SPY,buy,1.785799120711045,232.6258466184794,10.0,5.0,
2018-03-27T00:00:00,SPY,sell,2.2290210587995323,235.49724552572184,10.0,5.0,
2018-03-28T00:00:00,SPY,buy,1.4161366864125753,231.4008930918724,10.0,5.0,
2018-03-29T00:00:00,SPY,buy,0.24464419215349184,231.7277711666078,10.0,5.0,
2018-04-02T00:00:00,SPY,sell,1.0474691226246964,232.295482626048,10.0,5.0,
2018-04-03T00:00:00,SPY,buy,1.8125526313979672,229.73277967675082,10.0,5.0,
2018-04-04T00:00:00,SPY,sell,1.0606190353118825,227.1638770735961,10.0,5.0,
2018-04-05T00:00:00,SPY,sell,219.84232932326867,234.91941792660205,10.0,5.0,
2018-04-06T00:00:00,SPY,buy,0.7498983871782259,233.76957252365222,10.0,5.0,
2018-04-09T00:00:00,SPY,sell,3.099359412846528,231.24992945276412,10.0,5.0,
2018-04-10T00:00:00,SPY,buy,0.6818202957018041,234.5237674386506,10.0,5.0,
2018-04-11T00:00:00,SPY,buy,2.1769143847992107,233.8153355495873,10.0,5.0,
2018-04-12T00:00:00,SPY,sell,0.7204168889604952,234.6936679220576,10.0,5.0,
2018-04-13T00:00:00,SPY,buy,1.1180863700526338,237.31088486015037,10.0,5.0,
2018-04-16T00:00:00,SPY,sell,0.39729397155733676,236.23363084924614,10.0,5.0,
2018-04-17T00:00:00,SPY,buy,1.1102886422079803,239.01481543375124,10.0,5.0,
2018-04-18T00:00:00,SPY,buy,1.4295992322476665,240.22211885536754,10.0,5.0,
2018-04-19T00:00:00,SPY,buy,0.09962953515730545,239.29716393342613,10.0,5.0,
2018-04-20T00:00:00,SPY,sell,0.7414969662523901,237.83449040134454,10.0,5.0,
2018-04-23T00:00:00,SPY,sell,1.1442452874880762,236.4625764602896,10.0,5.0,
2018-04-24T00:00:00,SPY,sell,0.020554856839924224,236.88054516586456,10.0,5.0,
2018-04-25T00:00:00,SPY,sell,1.8470042519978218,232.61311329596333,10.0,5.0,
2018-04-26T00:00:00,SPY,buy,0.34008364262009716,234.98489604517718,10.0,5.0,
2018-04-27T00:00:00,SPY,buy,1.381012120360665,236.94760835725765,10.0,5.0,
2018-04-30T00:00:00,SPY,buy,0.12846569618625825,237.17636569022972,10.0,5.0,
2018-05-01T00:00:00,SPY,sell,1.0484294200639783,233.46308139729888,10.0,5.0,
2018-05-02T00:00:00,SPY,buy,0.24333730827408612,234.9581754487125,10.0,5.0,
2018-05-03T00:00:00,SPY,sell,0.9217335125786028,232.03876837261058,10.0,5.0,
2018-05-04T00:00:00,SPY,sell,0.3024337397164165,231.3850476476318,10.0,5.0,
2018-05-07T00:00:00,SPY,buy,1.7620672424315589,236.85055823517325,10.0,5.0,
2018-05-08T00:00:00,SPY,buy,0.4593827094765229,236.5027699998116,10.0,5.0,
2018-05-09T00:00:00,SPY,sell,7.849744847064071e-06,236.83663255906777,10.0,5.0,
2018-05-10T00:00:00,SPY,buy,1.2929443792652535,239.91186056933833,10.0,5.0,
2018-05-11T00:00:00,SPY,buy,1.2376407873244526,241.52699384432276,10.0,5.0,
2018-05-14T00:00:00,SPY,buy,0.4018449296136842,242.5728108488218,10.0,5.0,
2018-05-15T00:00:00,SPY,buy,0.06288319884081917,241.01871197919752,10.0,5.0,
2018-05-16T00:00:00,SPY,sell,0.9106626745505029,239.89530857709477,10.0,5.0,
2018-05-17T00:00:00,SPY,buy,0.5549272246269964,241.3307926979186,10.0,5.0,
2018-05-18T00:00:00,SPY,sell,0.11128714804100207,240.32170082478726,10.0,5.0,
2018-05-21T00:00:00,SPY,sell,0.33051023544562547,241.55089989790895,10.0,5.0,
2018-05-22T00:00:00,SPY,buy,0.9869667361135993,243.12410402500439,10.0,5.0,
2018-05-23T00:00:00,SPY,sell,0.36455083432235125,239.92280705843717,10.0,5.0,
2018-05-24T00:00:00,SPY,buy,0.36153458695237184,242.1912200413728,10.0,5.0,
2018-05-25T00:00:00,SPY,sell,0.2691172872159273,240.79005915437574,10.0,5.0,
2018-05-29T00:00:00,SPY,sell,0.31359874759751555,239.1620017052136,10.0,5.0,
2018-05-30T00:00:00,SPY,sell,1.5328715679060902,239.32815347558872,10.0,5.0,
2018-05-31T00:00:00,SPY,buy,1.7594421348840228,241.51880389235313,10.0,5.0,
2018-06-01T00:00:00,SPY,sell,0.8107112413961598,241.01901411168353,10.0,5.0,
2018-06-04T00:00:00,SPY,buy,1.2877647450972876,243.63050362509102,10.0,5.0,
2018-06-05T00:00:00,SPY,buy,0.6207042060296966,244.09091844592382,10.0,5.0,
2018-06-06T00:00:00,SPY,buy,0.09493604187861572,244.74622609358323,10.0,5.0,
2018-06-07T00:00:00,SPY,buy,1.078227182059373,246.66532466467106,10.0,5.0,
2018-06-08T00:00:00,SPY,sell,0.01296585466327047,244.94967350243672,10.0,5.0,
2018-06-11T00:00:00,SPY,buy,0.37936263443508167,247.09893405900033,10.0,5.0,
2018-06-12T00:00:00,SPY,buy,0.17057998736232213,247.6217448447731,10.0,5.0,
2018-06-13T00:00:00,SPY,buy,0.16529073139022743,247.76377849676655,10.0,5.0,
2018-06-14T00:00:00,SPY,sell,0.40899250556546035,246.8592551975923,10.0,5.0,
2018-06-15T00:00:00,SPY,buy,0.322086342478619,246.5679151276965,10.0,5.0,
2018-06-18T00:00:00,SPY,sell,0.1635963891215534,244.84006121955352,10.0,5.0,
2018-06-19T00:00:00,SPY,sell,0.2637015396982077,243.5155361325519,10.0,5.0,
2018-06-20T00:00:00,SPY,sell,0.4935043922446032,245.5324264957236,10.0,5.0,
2018-06-21T00:00:00,SPY,buy,0.2196486906801572,245.99718325213632,10.0,5.0,
2018-06-22T00:00:00,SPY,sell,0.8123725635816158,244.98969350331225,10.0,5.0,
2018-06-25T00:00:00,SPY,buy,0.23546633733637948,243.75080347435025,10.0,5.0,
2018-06-26T00:00:00,SPY,sell,1.787530231376946,241.41582103693182,10.0,5.0,
2018-06-27T00:00:00,SPY,buy,0.29066474342110865,242.69909622994405,10.0,5.0,
2018-06-28T00:00:00,SPY,sell,1.0971927474593486,239.32817064169618,10.0,5.0,
2018-06-29T00:00:00,SPY,buy,0.7551929996202367,242.57516551994152,10.0,5.0,
2018-07-02T00:00:00,SPY,buy,0.19060571509801832,240.2473674168381,10.0,5.0,
2018-07-03T00:00:00,SPY,buy,0.2804564618880082,243.24280719006705,10.0,5.0,
2018-07-05T00:00:00,SPY,sell,0.4646376635313829,241.88872691993924,10.0,5.0,
2018-07-06T00:00:00,SPY,buy,1.066169109702702,243.48496146293198,10.0,5.0,
2018-07-09T00:00:00,SPY,buy,1.0947420043678386,246.5247148553028,10.0,5.0,
2018-07-10T00:00:00,SPY,buy,1.1535886129773707,248.18287989503838,10.0,5.0,
2018-07-11T00:00:00,SPY,buy,0.4586828730532489,247.05858909480767,10.0,5.0,
2018-07-12T00:00:00,SPY,sell,0.9369380655969821,247.31804226991954,10.0,5.0,
2018-07-13T00:00:00,SPY,buy,1.151475027741082,248.86047835307298,10.0,5.0,
2018-07-16T00:00:00,SPY,buy,0.10003189373671537,249.2772471814881,10.0,5.0,
2018-07-17T00:00:00,SPY,sell,0.11334258581114814,247.48865993032277,10.0,5.0,
2018-07-18T00:00:00,SPY,buy,0.5111107125223139,250.09847381423688,10.0,5.0,
2018-07-19T00:00:00,SPY,buy,0.2651102373230742,249.87510603169898,10.0,5.0,
2018-07-20T00:00:00,SPY,sell,0.4765054106499725,248.64304549784686,10.0,5.0,
2018-07-23T00:00:00,SPY,sell,0.14437885378895488,248.3595088635076,10.0,5.0,
2018-07-24T00:00:00,SPY,buy,0.23505907244693436,251.19430992406365,10.0,5.0,
2018-07-25T00:00:00,SPY,buy,0.6330052472600037,250.78522179957767,10.0,5.0,
2018-07-26T00:00:00,SPY,buy,1.0610873133547003,252.45296201766558,10.0,5.0,
2018-07-27T00:00:00,SPY,sell,0.2941540177860077,252.14498104967527,10.0,5.0,
2018-07-30T00:00:00,SPY,sell,0.8499930535927956,250.18849658235487,10.0,5.0,
2018-07-31T00:00:00,SPY,sell,0.6595816632342274,249.56670469241337,10.0,5.0,
2018-08-01T00:00:00,SPY,buy,0.6201503063908086,250.9902495739985,10.0,5.0,
2018-08-02T00:00:00,SPY,sell,0.21000799531064623,248.30587124535796,10.0,5.0,
2018-08-03T00:00:00,SPY,buy,0.6828907260167767,251.85504988579783,10.0,5.0,
2018-08-06T00:00:00,SPY,buy,0.534137281337579,252.84427888260436,10.0,5.0,
2018-08-07T00:00:00,SPY,buy,0.4549417379850041,254.40417885844678,10.0,5.0,
2018-08-08T00:00:00,SPY,buy,0.4082551029421681,254.40402772018763,10.0,5.0,
2018-08-09T00:00:00,SPY,sell,0.051806143404993614,253.76347604666785,10.0,5.0,
2018-08-10T00:00:00,SPY,sell,0.16883363953542985,251.9143775966357,10.0,5.0,
2018-08-13T00:00:00,SPY,sell,0.8336878649137488,251.93040018887743,10.0,5.0,
2018-08-14T00:00:00,SPY,sell,0.4684824403938989,251.44240323987665,10.0,5.0,
2018-08-15T00:00:00,SPY,buy,0.7941260271519653,251.72163072691404,10.0,5.0,
2018-08-16T00:00:00,SPY,sell,0.9358058629610547,251.86816221024316,10.0,5.0,
2018-08-17T00:00:00,SPY,buy,1.0059547054806093,253.01451784728553,10.0,5.0,
2018-08-20T00:00:00,SPY,buy,0.4358249727461997,254.5645948286678,10.0,5.0,
2018-08-21T00:00:00,SPY,buy,0.26443571108971825,255.17020686567173,10.0,5.0,
2018-08-22T00:00:00,SPY,buy,0.28874021682589074,254.84054118579186,10.0,5.0,
2018-08-23T00:00:00,SPY,sell,0.07301710001962691,254.15448166232824,10.0,5.0,
2018-08-24T00:00:00,SPY,sell,0.1635610300896144,254.5716119202292,10.0,5.0,
2018-08-27T00:00:00,SPY,buy,0.7372600992420792,257.498059435054,10.0,5.0,
2018-08-28T00:00:00,SPY,buy,0.9594468625512957,258.78218705309087,10.0,5.0,
2018-08-29T00:00:00,SPY,buy,0.05929776518370943,258.65473444935685,10.0,5.0,
2018-08-30T00:00:00,SPY,buy,0.6478891274530508,259.352089208129,10.0,5.0,
2018-08-31T00:00:00,SPY,sell,0.4888051940294386,257.59236293769413,10.0,5.0,
2018-09-04T00:00:00,SPY,buy,0.004545695371460463,258.36889095672456,10.0,5.0,
2018-09-05T00:00:00,SPY,sell,0.20853171457387198,257.21098135505014,10.0,5.0,
2018-09-06T00:00:00,SPY,sell,0.32671700223270556,256.9796416065513,10.0,5.0,
2018-09-07T00:00:00,SPY,sell,0.36675348166076577,255.05100994543275,10.0,5.0,
2018-09-10T00:00:00,SPY,sell,0.23699958312303693,256.6155451092298,10.0,5.0,
2018-09-11T00:00:00,SPY,buy,0.21206639214636555,256.1683955082525,10.0,5.0,
2018-09-12T00:00:00,SPY,buy,0.40092621322602484,257.67550087792625,10.0,5.0,
2018-09-13T00:00:00,SPY,buy,0.029593767261171657,258.7971565579173,10.0,5.0,
2018-09-14T00:00:00,SPY,buy,0.714257000631646,259.4590527328015,10.0,5.0,
2018-09-17T00:00:00,SPY,buy,0.0211194872462058,259.2428541219596,10.0,5.0,
2018-09-18T00:00:00,SPY,sell,0.6415834194081751,257.36100024884956,10.0,5.0,
2018-09-19T00:00:00,SPY,buy,0.6550397164519817,259.37868141191876,10.0,5.0,
2018-09-20T00:00:00,SPY,buy,0.12854185038569862,260.8658666503526,10.0,5.0,
2018-09-21T00:00:00,SPY,buy,0.967903456343918,262.4517024457397,10.0,5.0,
2018-09-24T00:00:00,SPY,sell,0.10792980922544161,260.09892649238776,10.0,5.0,
2018-09-25T00:00:00,SPY,sell,0.397513648173532,260.2675302033417,10.0,5.0,
2018-09-26T00:00:00,SPY,sell,0.1112800946010125,259.71499388163915,10.0,5.0,
2018-09-27T00:00:00,SPY,sell,0.3599443781493879,259.2678223915434,10.0,5.0,
2018-09-28T00:00:00,SPY,buy,0.3354639335721147,259.6743945181195,10.0,5.0,
2018-10-01T00:00:00,SPY,buy,0.012248345835520534,261.57131626721883,10.0,5.0,
2018-10-02T00:00:00,SPY,buy,0.4153497022322283,261.08060849737416,10.0,5.0,
2018-10-03T00:00:00,SPY,sell,0.06953272477644798,261.3490697663996,10.0,5.0,
2018-10-04T00:00:00,SPY,buy,191.168635231223,260.782650409946,10.0,5.0,
2018-10-05T00:00:00,SPY,buy,0.5733883868359728,259.40640021210663,10.0,5.0,
2018-10-08T00:00:00,SPY,buy,0.4054194447194615,257.04195879126894,10.0,5.0,
2018-10-09T00:00:00,SPY,buy,0.00011876445501611404,257.3445362978685,10.0,5.0,
2018-10-10T00:00:00,SPY,buy,0.10579822724920632,256.8439040612004,10.0,5.0,
2018-10-11T00:00:00,SPY,buy,2.369930514039731,248.11628884721247,10.0,5.0,
2018-10-12T00:00:00,SPY,buy,1.674142083773041,247.83787398757107,10.0,5.0,
2018-10-15T00:00:00,SPY,sell,1.0419476349373455,246.00057784268952,10.0,5.0,
2018-10-16T00:00:00,SPY,buy,0.42135584577850416,247.6840628852408,10.0,5.0,
2018-10-17T00:00:00,SPY,sell,1.6068044928468517,250.36570128592942,10.0,5.0,
2018-10-18T00:00:00,SPY,sell,0.013724440074386217,249.43995956184702,10.0,5.0,
2018-10-19T00:00:00,SPY,buy,1.0818078516412448,248.15956633788215,10.0,5.0,
2018-10-22T00:00:00,SPY,buy,0.03937919362230729,248.04112399890815,10.0,5.0,
2018-10-23T00:00:00,SPY,buy,0.3366471314872909,242.62450324800042,10.0,5.0,
2018-10-24T00:00:00,SPY,buy,0.384485412120819,244.755688626204,10.0,5.0,
2018-10-25T00:00:00,SPY,buy,2.34995453994413,239.4296828083744,10.0,5.0,
2018-10-26T00:00:00,SPY,sell,1.3619923721350033,237.403371881274,10.0,5.0,
2018-10-29T00:00:00,SPY,buy,1.3538656485928797,240.70028082668017,10.0,5.0,
2018-10-30T00:00:00,SPY,buy,0.42384023653912933,236.1055486954878,10.0,5.0,
2018-10-31T00:00:00,SPY,sell,1.1286172743343816,241.6264215963433,10.0,5.0,
2018-11-01T00:00:00,SPY,sell,0.8052289842550608,242.47491365831812,10.0,5.0,
2018-11-02T00:00:00,SPY,sell,0.7981271792793138,245.28710586503803,10.0,5.0,
2018-11-05T00:00:00,SPY,buy,0.44888933089569144,243.95873021007114,10.0,5.0,
2018-11-06T00:00:00,SPY,sell,0.4150205287389129,244.01096239145951,10.0,5.0,
2018-11-07T00:00:00,SPY,sell,0.47345416530211737,247.79611822745355,10.0,5.0,
2018-11-08T00:00:00,SPY,sell,1.5691940171318974,250.07126556442114,10.0,5.0,
2018-11-09T00:00:00,SPY,buy,0.13221577319684222,249.85931707953287,10.0,5.0,
2018-11-12T00:00:00,SPY,buy,0.7283910408187739,248.21281338963726,10.0,5.0,
2018-11-13T00:00:00,SPY,buy,1.416274601564385,244.54205200013425,10.0,5.0,
2018-11-14T00:00:00,SPY,buy,0.14023730898214434,245.49839780400072,10.0,5.0,
2018-11-15T00:00:00,SPY,buy,0.5196816529426155,240.68162276778799,10.0,5.0,
2018-11-16T00:00:00,SPY,sell,0.7838200523963645,242.64438236069344,10.0,5.0,
2018-11-19T00:00:00,SPY,sell,0.19661391608451306,243.7702756869122,10.0,5.0,
2018-11-20T00:00:00,SPY,buy,1.2935946905490454,237.6200236546376,10.0,5.0,
2018-11-21T00:00:00,SPY,buy,1.440253998602382,238.06791385572143,10.0,5.0,
2018-11-23T00:00:00,SPY,sell,0.26523556500731954,234.95846235417534,10.0,5.0,
2018-11-26T00:00:00,SPY,buy,0.517459630377387,237.99528103293838,10.0,5.0,
2018-11-27T00:00:00,SPY,sell,1.2316883110313768,237.77806593623893,10.0,5.0,
2018-11-28T00:00:00,SPY,sell,0.2583612844817196,240.68987299370787,10.0,5.0,
2018-11-29T00:00:00,SPY,sell,1.7175234329917055,244.35711315350872,10.0,5.0,
2018-11-30T00:00:00,SPY,buy,0.16228714448209497,245.18518345778938,10.0,5.0,
2018-12-03T00:00:00,SPY,sell,0.45534949882540876,250.22421021140548,10.0,5.0,
2018-12-04T00:00:00,SPY,sell,0.9759446969083213,248.51823150280677,10.0,5.0,
2018-12-06T00:00:00,SPY,sell,200.02416957920002,237.37355593421768,10.0,5.0,
2018-12-07T00:00:00,SPY,buy,0.6907486397259022,241.29083706908395,10.0,5.0,
2018-12-10T00:00:00,SPY,sell,2.990281852756869,235.12544631089216,10.0,5.0,
2018-12-11T00:00:00,SPY,buy,0.24678751419301947,239.67822585048305,10.0,5.0,
2018-12-12T00:00:00,SPY,buy,0.030259464968803614,239.50733804035642,10.0,5.0,
2018-12-13T00:00:00,SPY,buy,0.6468559393633726,238.65809934328806,10.0,5.0,
2018-12-14T00:00:00,SPY,sell,0.0425779983899963,234.76265914920603,10.0,5.0,
2018-12-17T00:00:00,SPY,sell,2.4142234732550634,231.58162712628203,10.0,5.0,
2018-12-18T00:00:00,SPY,sell,2.6250509820297907,229.6174361465433,10.0,5.0,
2018-12-19T00:00:00,SPY,sell,0.15153924226555893,227.80766547718974,10.0,5.0,
2018-12-20T00:00:00,SPY,sell,2.0497779163803753,223.06509666956026,10.0,5.0,
2018-12-21T00:00:00,SPY,sell,2.2697130373866132,221.56602926200966,10.0,5.0,
2018-12-24T00:00:00,SPY,sell,2.934731581867212,214.65130874171714,10.0,5.0,
2018-12-26T00:00:00,SPY,sell,3.898973698756387,211.8942169336854,10.0,5.0,
2018-12-27T00:00:00,SPY,buy,7.1499254687895695,218.48324874008463,10.0,5.0,
2018-12-28T00:00:00,SPY,buy,1.042013697609646,224.79425105738616,10.0,5.0,
2018-12-31T00:00:00,SPY,sell,0.17694795617918743,224.10032140449007,10.0,5.0,
2019-01-02T00:00:00,SPY,buy,1.2044333423375069,221.55185386288153,10.0,5.0,
2019-01-03T00:00:00,SPY,buy,0.13835288394353584,223.57713263538486,10.0,5.0,
2019-01-04T00:00:00,SPY,sell,3.351066355416418,222.32894950577418,10.0,5.0,
2019-01-07T00:00:00,SPY,buy,4.568286150105234,227.59741610234138,10.0,5.0,
2019-01-08T00:00:00,SPY,buy,1.063421430540899,231.31528960975885,10.0,5.0,
2019-01-09T00:00:00,SPY,buy,1.2522300199986247,231.9820001658896,10.0,5.0,
2019-01-10T00:00:00,SPY,buy,0.6185119805831514,230.81049905929314,10.0,5.0,
2019-01-11T00:00:00,SPY,buy,0.4627965650694102,232.08924685896366,10.0,5.0,
2019-01-14T00:00:00,SPY,buy,0.050329611475832606,231.34978644190437,10.0,5.0,
2019-01-15T00:00:00,SPY,sell,0.8056899399409043,231.51672114042597,10.0,5.0,
2019-01-16T00:00:00,SPY,buy,1.4984832895482503,234.92753607354365,10.0,5.0,
2019-01-17T00:00:00,SPY,buy,0.3159534025470976,234.18767398186125,10.0,5.0,
2019-01-18T00:00:00,SPY,buy,0.9785166942521928,238.66506093950244,10.0,5.0,
2019-01-22T00:00:00,SPY,buy,1.6934778027877684,238.5216545112822,10.0,5.0,
2019-01-23T00:00:00,SPY,sell,1.7363994027461147,237.07408094004435,10.0,5.0,
2019-01-24T00:00:00,SPY,buy,0.2677305021194885,237.06983936747878,10.0,5.0,
2019-01-25T00:00:00,SPY,buy,0.06826002709536921,239.23096346836928,10.0,5.0,
2019-01-28T00:00:00,SPY,buy,1.0774248134807314,237.23328172245945,10.0,5.0,
2019-01-29T00:00:00,SPY,sell,0.9750011142708149,236.9938075356422,10.0,5.0,
2019-01-30T00:00:00,SPY,sell,0.17018240537221271,238.05476606676734,10.0,5.0,
2019-01-31T00:00:00,SPY,buy,2.0019289426200233,240.94514752876248,10.0,5.0,
2019-02-01T00:00:00,SPY,buy,1.097309250026402,243.32216202621402,10.0,5.0,
2019-02-04T00:00:00,SPY,buy,0.060656303425757785,243.2840424058417,10.0,5.0,
2019-02-05T00:00:00,SPY,buy,0.869963143175002,245.3844655138528,10.0,5.0,
2019-02-06T00:00:00,SPY,buy,0.5159698408818277,245.69927440294015,10.0,5.0,
2019-02-07T00:00:00,SPY,sell,0.1619840589907456,243.29886732282387,10.0,5.0,
2019-02-08T00:00:00,SPY,sell,1.1835002670918204,241.3305480086845,10.0,5.0,
2019-02-11T00:00:00,SPY,buy,0.1538678912627038,244.2662744810122,10.0,5.0,
2019-02-12T00:00:00,SPY,buy,0.06905796396395439,245.36471133728134,10.0,5.0,
2019-02-13T00:00:00,SPY,buy,1.5769082128417802,247.71819235250732,10.0,5.0,
2019-02-14T00:00:00,SPY,buy,0.3974864901040054,246.59059664301492,10.0,5.0,
2019-02-15T00:00:00,SPY,sell,0.27091421782275,248.1656387110251,10.0,5.0,
2019-02-19T00:00:00,SPY,buy,1.3154872185096842,249.02402937797422,10.0,5.0,
2019-02-20T00:00:00,SPY,buy,0.2074858000108464,250.22002291390413,10.0,5.0,
2019-02-21T00:00:00,SPY,buy,0.24177617538968715,250.12097840613586,10.0,5.0,
2019-02-22T00:00:00,SPY,sell,0.42783573789391255,249.73669061164185,10.0,5.0,
2019-02-25T00:00:00,SPY,buy,0.7417796854369506,252.85123406122727,10.0,5.0,
2019-02-26T00:00:00,SPY,buy,0.16374333553248538,251.40875800834462,10.0,5.0,
2019-02-27T00:00:00,SPY,sell,0.08540682936780317,250.10581867057795,10.0,5.0,
2019-02-28T00:00:00,SPY,sell,0.051221451147575876,250.50120201758588,10.0,5.0,
2019-03-01T00:00:00,SPY,sell,0.22279486476863902,251.82940369081595,10.0,5.0,
2019-03-04T00:00:00,SPY,buy,0.7425116017208648,253.63482277576296,10.0,5.0,
2019-03-05T00:00:00,SPY,sell,0.43257096389257166,251.02079106045667,10.0,5.0,
2019-03-06T00:00:00,SPY,sell,0.16236566732517507,250.67124933652468,10.0,5.0,
2019-03-07T00:00:00,SPY,sell,0.7283691679245582,248.58667284496875,10.0,5.0,
2019-03-08T00:00:00,SPY,sell,1.0153908228035227,245.09314836980477,10.0,5.0,
2019-03-11T00:00:00,SPY,sell,0.24159452499581194,247.1778995172883,10.0,5.0,
2019-03-12T00:00:00,SPY,buy,1.7438951721806395,251.3483535677009,10.0,5.0,
2019-03-13T00:00:00,SPY,buy,0.4517865868551272,252.62547068790994,10.0,5.0,
2019-03-14T00:00:00,SPY,buy,0.7848207729092044,253.427740448046,10.0,5.0,
2019-03-15T00:00:00,SPY,sell,0.07538686569674317,253.0294619694659,10.0,5.0,
2019-03-18T00:00:00,SPY,buy,0.5819347030583686,254.70649276921557,10.0,5.0,
2019-03-19T00:00:00,SPY,buy,0.42540041050159244,256.47928673555924,10.0,5.0,
2019-03-20T00:00:00,SPY,buy,0.029636941378821197,255.25656767812143,10.0,5.0,
2019-03-21T00:00:00,SPY,sell,0.3534670411798436,253.11881959849373,10.0,5.0,
2019-03-22T00:00:00,SPY,buy,1.3130054352929055,256.21835590153097,10.0,5.0,
2019-03-25T00:00:00,SPY,sell,2.275359891178531,251.51972020460363,10.0,5.0,
2019-03-26T00:00:00,SPY,sell,0.0877450320300859,253.4353866485736,10.0,5.0,
2019-03-27T00:00:00,SPY,buy,0.879197374499758,254.308861918971,10.0,5.0,
2019-03-28T00:00:00,SPY,sell,0.6185835730696383,252.85673261946812,10.0,5.0,
2019-03-29T00:00:00,SPY,buy,0.4473562096996806,255.46605282392755,10.0,5.0,
2019-04-01T00:00:00,SPY,buy,0.739898250537244,257.5564639994484,10.0,5.0,
2019-04-02T00:00:00,SPY,buy,1.3733137955723256,258.76952516142325,10.0,5.0,
2019-04-03T00:00:00,SPY,buy,0.05716988391784939,259.92477703415045,10.0,5.0,
2019-04-04T00:00:00,SPY,buy,0.18117368548624246,259.4367772988493,10.0,5.0,
2019-04-05T00:00:00,SPY,buy,0.30446189001959933,260.4685469246252,10.0,5.0,
2019-04-08T00:00:00,SPY,buy,0.5524988541139217,260.63189047623183,10.0,5.0,
2019-04-09T00:00:00,SPY,buy,0.08674512705419414,260.286895583082,10.0,5.0,
2019-04-10T00:00:00,SPY,sell,0.5863579904361865,259.54883458098317,10.0,5.0,
2019-04-11T00:00:00,SPY,buy,0.3893638110091209,261.2920287937438,10.0,5.0,
2019-04-12T00:00:00,SPY,sell,0.03129656037094064,261.56216599577215,10.0,5.0,
2019-04-15T00:00:00,SPY,buy,0.7669145747194183,262.5683958860898,10.0,5.0,
2019-04-16T00:00:00,SPY,sell,0.07384493726678226,262.4187000579464,10.0,5.0,
2019-04-17T00:00:00,SPY,buy,0.07416500009468721,263.6159318633129,10.0,5.0,
2019-04-18T00:00:00,SPY,sell,0.27748223050702797,261.65109219643597,10.0,5.0,
2019-04-22T00:00:00,SPY,buy,0.22299633993630186,261.5993480897296,10.0,5.0,
2019-04-23T00:00:00,SPY,buy,0.09749388287024431,262.9647312497547,10.0,5.0,
2019-04-24T00:00:00,SPY,buy,1.0079631566941551,264.87605822944937,10.0,5.0,
2019-04-25T00:00:00,SPY,sell,0.24843640476299136,263.4730335849834,10.0,5.0,
2019-04-26T00:00:00,SPY,sell,0.0690356711609351,263.4557555428305,10.0,5.0,
2019-04-29T00:00:00,SPY,buy,0.5202541529942211,265.5263432078287,10.0,5.0,
2019-04-30T00:00:00,SPY,buy,0.17490780114953702,265.5072230249503,10.0,5.0,
2019-05-01T00:00:00,SPY,buy,0.05685514547511148,266.61936589553363,10.0,5.0,
2019-05-02T00:00:00,SPY,sell,0.8428473978294222,263.0746782614778,10.0,5.0,
2019-05-03T00:00:00,SPY,sell,0.2427246364134292,264.1044155820271,10.0,5.0,
2019-05-06T00:00:00,SPY,buy,1.0917537101707606,261.6734736752943,10.0,5.0,
2019-05-07T00:00:00,SPY,sell,0.463963889820882,261.6958414230503,10.0,5.0,
2019-05-08T00:00:00,SPY,sell,1.898649442827816,259.33047747982454,10.0,5.0,
2019-05-09T00:00:00,SPY,sell,0.15761308493339127,257.25919956767325,10.0,5.0,
2019-05-10T00:00:00,SPY,sell,0.346939292967212,257.61032976812095,10.0,5.0,
2019-05-13T00:00:00,SPY,buy,0.5746064481105431,255.4935041200145,10.0,5.0,
2019-05-14T00:00:00,SPY,sell,2.945473192593098,254.3331447946911,10.0,5.0,
2019-05-15T00:00:00,SPY,buy,1.0543336764020985,254.74329857865902,10.0,5.0,
2019-05-16T00:00:00,SPY,buy,0.6772647744511711,258.5875592476698,10.0,5.0,
2019-05-17T00:00:00,SPY,buy,1.0622168022900336,257.9548984317205,10.0,5.0,
2019-05-20T00:00:00,SPY,sell,0.746068465652718,256.2026754960326,10.0,5.0,
2019-05-21T00:00:00,SPY,sell,0.7658676588160148,257.79909122096586,10.0,5.0,
2019-05-22T00:00:00,SPY,buy,1.0376535165111986,258.235275628153,10.0,5.0,
2019-05-23T00:00:00,SPY,sell,0.35471919705401034,255.39166878655828,10.0,5.0,
2019-05-24T00:00:00,SPY,sell,1.4263856865709639,255.91313600436825,10.0,5.0,
2019-05-28T00:00:00,SPY,buy,0.2637039375465066,256.0988225511428,10.0,5.0,
2019-05-29T00:00:00,SPY,sell,1.0966668476984227,251.55728850801458,10.0,5.0,
2019-05-30T00:00:00,SPY,sell,0.7970031286351114,251.73813207798997,10.0,5.0,
2019-05-31T00:00:00,SPY,buy,0.32441422027675404,249.86588212506035,10.0,5.0,
2019-06-03T00:00:00,SPY,sell,1.6234611609719178,248.30982465946968,10.0,5.0,
2019-06-04T00:00:00,SPY,sell,0.3074766986264809,249.94423177313462,10.0,5.0,
2019-06-05T00:00:00,SPY,buy,191.36716610667875,255.4485197038352,10.0,5.0,
2019-06-06T00:00:00,SPY,sell,0.9911262707541414,255.50776407448424,10.0,5.0,
2019-06-07T00:00:00,SPY,sell,0.45268473652500785,257.8897223427953,10.0,5.0,
2019-06-10T00:00:00,SPY,sell,0.6904407027360767,260.9918829259998,10.0,5.0,
2019-06-11T00:00:00,SPY,sell,0.3153283810580563,262.45381494247164,10.0,5.0,
2019-06-12T00:00:00,SPY,buy,0.01713287446463562,261.1186326629007,10.0,5.0,
2019-06-13T00:00:00,SPY,buy,0.12195889746114973,261.8067999154351,10.0,5.0,
2019-06-14T00:00:00,SPY,sell,0.2839488423548391,260.89352237295833,10.0,5.0,
2019-06-17T00:00:00,SPY,buy,0.07597689206420492,261.9151389727109,10.0,5.0,
2019-06-18T00:00:00,SPY,sell,0.026232875178012843,262.81588571835283,10.0,5.0,
2019-06-19T00:00:00,SPY,sell,0.7138442723816191,263.85983722595495,10.0,5.0,
2019-06-20T00:00:00,SPY,sell,0.15409677144900252,267.00914970360685,10.0,5.0,
2019-06-21T00:00:00,SPY,sell,0.6454774545461239,266.5753451154119,10.0,5.0,
2019-06-24T00:00:00,SPY,buy,0.09823447478342413,267.47074175162305,10.0,5.0,
2019-06-25T00:00:00,SPY,buy,0.08310306476717799,266.98890063511374,10.0,5.0,
2019-06-26T00:00:00,SPY,buy,0.6724062212085506,265.21794272231944,10.0,5.0,
2019-06-27T00:00:00,SPY,buy,0.06745926956938114,264.8161568947504,10.0,5.0,
2019-06-28T00:00:00,SPY,sell,0.24191564034918542,265.17152394777406,10.0,5.0,
2019-07-01T00:00:00,SPY,sell,0.3493477918356618,268.8870801380611,10.0,5.0,
2019-07-02T00:00:00,SPY,sell,0.6108326597103904,267.91665863270356,10.0,5.0,
2019-07-03T00:00:00,SPY,sell,0.1757020728928936,269.3407555490136,10.0,5.0,
2019-07-05T00:00:00,SPY,sell,179.22844630575412,269.5317511617154,10.0,5.0,
2019-07-08T00:00:00,SPY,buy,0.15155540259102446,269.99830897200036,10.0,5.0,
2019-07-09T00:00:00,SPY,sell,0.6161374850338583,267.85309708558736,10.0,5.0,
2019-07-10T00:00:00,SPY,buy,0.14063845509341416,271.2346097800834,10.0,5.0,
2019-07-11T00:00:00,SPY,buy,0.5332486145556122,272.0994238164574,10.0,5.0,
2019-07-12T00:00:00,SPY,buy,0.261086510433236,272.58040701911517,10.0,5.0,
2019-07-15T00:00:00,SPY,buy,0.4953473896182603,273.74469000557036,10.0,5.0,
2019-07-16T00:00:00,SPY,buy,0.0371145648170318,273.3065303841918,10.0,5.0,
2019-07-17T00:00:00,SPY,sell,0.357297986647955,271.66935694599755,10.0,5.0,
2019-07-18T00:00:00,SPY,sell,0.7595147858517256,269.34810982908067,10.0,5.0,
2019-07-19T00:00:00,SPY,buy,0.4085018607631928,272.75375118345596,10.0,5.0,
2019-07-22T00:00:00,SPY,sell,0.621232277667751,269.7289477322155,10.0,5.0,
2019-07-23T00:00:00,SPY,buy,0.2746914789230767,271.93521030722195,10.0,5.0,
2019-07-24T00:00:00,SPY,buy,0.7937120551261306,271.9821902405427,10.0,5.0,
2019-07-25T00:00:00,SPY,buy,0.5178406747269692,273.57237891774633,10.0,5.0,
2019-07-26T00:00:00,SPY,sell,0.528542231985323,272.5839740722446,10.0,5.0,
2019-07-29T00:00:00,SPY,buy,0.7370395784828987,274.42744973992836,10.0,5.0,
2019-07-30T00:00:00,SPY,sell,0.20018062973594802,271.8146939660344,10.0,5.0,
2019-07-31T00:00:00,SPY,sell,0.27060696558457703,272.79320762055045,10.0,5.0,
2019-08-01T00:00:00,SPY,sell,1.2215759078538777,269.7187987804355,10.0,5.0,
2019-08-02T00:00:00,SPY,sell,0.9832268897863194,266.3205867601437,10.0,5.0,
2019-08-05T00:00:00,SPY,buy,181.9664685466183,261.9322320525709,10.0,5.0,
2019-08-06T00:00:00,SPY,buy,2.774710478185309,259.91158594066144,10.0,5.0,
2019-08-07T00:00:00,SPY,sell,0.982947496155983,257.75635850398885,10.0,5.0,
2019-08-08T00:00:00,SPY,sell,0.04454816857172013,262.4896907547337,10.0,5.0,
2019-08-09T00:00:00,SPY,sell,1.3444071352383062,265.1695906745465,10.0,5.0,
2019-08-12T00:00:00,SPY,buy,0.4705392523827438,263.5901627621823,10.0,5.0,
2019-08-13T00:00:00,SPY,buy,0.8534499990535716,261.57270326759755,10.0,5.0,
2019-08-14T00:00:00,SPY,sell,1.069793783711517,261.0827111197955,10.0,5.0,
2019-08-15T00:00:00,SPY,buy,2.0992622862087864,258.97403628757536,10.0,5.0,
2019-08-16T00:00:00,SPY,sell,0.18866161451129823,259.64340042725115,10.0,5.0,
2019-08-19T00:00:00,SPY,sell,1.0246801777179202,264.8168927630007,10.0,5.0,
2019-08-20T00:00:00,SPY,sell,0.8273854146253212,264.4364511515812,10.0,5.0,
2019-08-21T00:00:00,SPY,buy,0.5328365406684512,265.8809500523772,10.0,5.0,
2019-08-22T00:00:00,SPY,sell,0.5620932170016028,265.76015470577806,10.0,5.0,
2019-08-23T00:00:00,SPY,buy,0.02141902983816453,264.4612553335671,10.0,5.0,
2019-08-26T00:00:00,SPY,buy,1.8215462997256002,261.1462972801638,10.0,5.0,
2019-08-27T00:00:00,SPY,sell,0.7751105603465732,262.4156303349494,10.0,5.0,
2019-08-28T00:00:00,SPY,buy,0.27596346937183175,260.11688271176195,10.0,5.0,
2019-08-29T00:00:00,SPY,sell,0.48992509543962454,264.3917167490487,10.0,5.0,
2019-08-30T00:00:00,SPY,sell,0.8782364834264741,266.6567923342115,10.0,5.0,
2019-09-03T00:00:00,SPY,buy,0.03158945150335619,264.14318265794634,10.0,5.0,
2019-09-04T00:00:00,SPY,buy,0.40632525003918446,266.4808715520568,10.0,5.0,
2019-09-05T00:00:00,SPY,sell,0.7796877738971763,268.9860756985772,10.0,5.0,
2019-09-06T00:00:00,SPY,sell,0.871707480953351,270.2365446777089,10.0,5.0,
2019-09-09T00:00:00,SPY,sell,0.0526453499003446,271.1178983477447,10.0,5.0,
2019-09-10T00:00:00,SPY,sell,0.0342342877920371,269.5047932781401,10.0,5.0,
2019-09-11T00:00:00,SPY,buy,0.015940253712112433,271.32458111952417,10.0,5.0,
2019-09-12T00:00:00,SPY,sell,0.4807909374739586,273.0286973329401,10.0,5.0,
2019-09-13T00:00:00,SPY,sell,0.23358833100923154,273.5096389536127,10.0,5.0,
2019-09-16T00:00:00,SPY,buy,0.0449068550218066,272.5702221238871,10.0,5.0,
2019-09-17T00:00:00,SPY,buy,0.20944653091224671,272.66197707612423,10.0,5.0,
2019-09-18T00:00:00,SPY,sell,0.17114334368009343,272.34071842444126,10.0,5.0,
2019-09-19T00:00:00,SPY,sell,0.04055020697439746,273.2840495416596,10.0,5.0,
2019-09-20T00:00:00,SPY,buy,0.004489989155566807,274.3033663315089,10.0,5.0,
2019-09-23T00:00:00,SPY,buy,0.32086261140330385,271.73888718869074,10.0,5.0,
2019-09-24T00:00:00,SPY,buy,0.015993459363882367,273.4360085078242,10.0,5.0,
2019-09-25T00:00:00,SPY,buy,0.5365557125209083,270.2873522472303,10.0,5.0,
2019-09-26T00:00:00,SPY,sell,0.4015404809258792,270.993699405295,10.0,5.0,
2019-09-27T00:00:00,SPY,buy,0.14168413439711713,271.99385469073417,10.0,5.0,
2019-09-30T00:00:00,SPY,buy,0.3684668874534425,270.29604646009,10.0,5.0,
2019-10-01T00:00:00,SPY,sell,0.3157572193658571,271.0940201029492,10.0,5.0,
2019-10-02T00:00:00,SPY,buy,0.8198343374530667,266.2147213867793,10.0,5.0,
2019-10-03T00:00:00,SPY,sell,184.45321810735825,262.01261859389723,10.0,5.0,
2019-10-04T00:00:00,SPY,buy,1.0586486991216733,265.8862402567109,10.0,5.0,
2019-10-07T00:00:00,SPY,buy,1.5328609944917668,268.0148511758627,10.0,5.0,
2019-10-08T00:00:00,SPY,sell,0.48942045588011396,264.9933421430321,10.0,5.0,
2019-10-09T00:00:00,SPY,sell,1.787691594222492,264.7273329588971,10.0,5.0,
2019-10-10T00:00:00,SPY,buy,1.0853138312902924,265.92274183174686,10.0,5.0,
2019-10-11T00:00:00,SPY,buy,0.7682324415242319,270.57068058909636,10.0,5.0,
2019-10-14T00:00:00,SPY,buy,1.1652530834437087,270.26088705253864,10.0,5.0,
2019-10-15T00:00:00,SPY,sell,0.12464685043327951,270.512078726419,10.0,5.0,
2019-10-16T00:00:00,SPY,buy,1.0983263404811758,272.48915990919147,10.0,5.0,
2019-10-17T00:00:00,SPY,sell,0.17808393283151147,272.8608941035102,10.0,5.0,
2019-10-18T00:00:00,SPY,buy,0.3259410855645373,272.7799166923342,10.0,5.0,
2019-10-21T00:00:00,SPY,sell,0.4857697682851811,272.62335150928294,10.0,5.0,
2019-10-22T00:00:00,SPY,buy,0.7476765094265588,274.5070187320394,10.0,5.0,
2019-10-23T00:00:00,SPY,sell,0.3603969173391152,271.9953054405908,10.0,5.0,
2019-10-24T00:00:00,SPY,buy,0.32110618447889744,274.80731725122587,10.0,5.0,
2019-10-25T00:00:00,SPY,buy,0.18014111021767748,273.73844175554456,10.0,5.0,
2019-10-28T00:00:00,SPY,buy,0.44856486387366895,276.661738380256,10.0,5.0,
2019-10-29T00:00:00,SPY,buy,0.6139740445442643,276.7169998175328,10.0,5.0,
2019-10-30T00:00:00,SPY,sell,0.032168965238742395,276.2760661840915,10.0,5.0,
2019-10-31T00:00:00,SPY,buy,0.33237941099449814,277.7483528049405,10.0,5.0,
2019-11-01T00:00:00,SPY,sell,0.2890111291900507,277.63135726959325,10.0,5.0,
2019-11-04T00:00:00,SPY,buy,0.9969112102133413,281.14723177290506,10.0,5.0,
2019-11-05T00:00:00,SPY,buy,0.43154109417233816,280.90856744082714,10.0,5.0,
2019-11-06T00:00:00,SPY,sell,0.11807466769669055,279.5532060691592,10.0,5.0,
2019-11-07T00:00:00,SPY,buy,0.024404066838633998,281.8015266257674,10.0,5.0,
2019-11-08T00:00:00,SPY,buy,0.3749219352996418,281.1002154816238,10.0,5.0,
2019-11-11T00:00:00,SPY,buy,0.26205123206286746,280.7528434046767,10.0,5.0,
2019-11-12T00:00:00,SPY,sell,0.2033679470438856,281.1188169519339,10.0,5.0,
2019-11-13T00:00:00,SPY,buy,0.22385752414670299,281.2000919581143,10.0,5.0,
2019-11-14T00:00:00,SPY,buy,0.034239765581070204,282.00259874228834,10.0,5.0,
2019-11-15T00:00:00,SPY,buy,0.15425465620223008,284.0400393267671,10.0,5.0,
2019-11-18T00:00:00,SPY,buy,0.761205380753028,284.507727808943,10.0,5.0,
2019-11-19T00:00:00,SPY,buy,0.07748449222050652,285.55547452353164,10.0,5.0,
2019-11-20T00:00:00,SPY,sell,0.030206656275388245,283.42355763617593,10.0,5.0,
2019-11-21T00:00:00,SPY,sell,0.3915568329386458,283.0667633192609,10.0,5.0,
2019-11-22T00:00:00,SPY,sell,0.1697196007515693,283.2496924228775,10.0,5.0,
2019-11-25T00:00:00,SPY,buy,0.23429242209603213,284.9170030632673,10.0,5.0,
2019-11-26T00:00:00,SPY,buy,0.8102068099132933,286.22450671058795,10.0,5.0,
2019-11-27T00:00:00,SPY,buy,0.23607722482600305,287.3187919322086,10.0,5.0,
2019-11-29T00:00:00,SPY,buy,0.46174942597149987,287.54790313928265,10.0,5.0,
2019-12-02T00:00:00,SPY,sell,0.38507108486029834,286.43552891228,10.0,5.0,
2019-12-03T00:00:00,SPY,sell,0.8901909995623069,281.02596522546617,10.0,5.0,
2019-12-04T00:00:00,SPY,sell,0.7065898481593548,282.89287539444814,10.0,5.0,
2019-12-05T00:00:00,SPY,buy,168.8012595311729,285.1944166770584,10.0,5.0,
2019-12-06T00:00:00,SPY,sell,0.2882503494761762,286.0079630119593,10.0,5.0,
2019-12-09T00:00:00,SPY,sell,0.5684070402456094,286.2985114474623,10.0,5.0,
2019-12-10T00:00:00,SPY,buy,0.19643251520105995,286.59725088419896,10.0,5.0,
2019-12-11T00:00:00,SPY,buy,0.06978004877080421,286.7883410943568,10.0,5.0,
2019-12-12T00:00:00,SPY,sell,0.17729942889345282,286.290737725218,10.0,5.0,
2019-12-13T00:00:00,SPY,sell,0.5339776950830492,288.511185782098,10.0,5.0,
2019-12-16T00:00:00,SPY,sell,0.03748051486309221,290.653026162388,10.0,5.0,
2019-12-17T00:00:00,SPY,sell,0.4233636795884436,291.2885772683411,10.0,5.0,
2019-12-18T00:00:00,SPY,sell,0.013532930671487057,291.36354538224435,10.0,5.0,
2019-12-19T00:00:00,SPY,sell,0.0038787444721290086,291.18163158496054,10.0,5.0,
2019-12-20T00:00:00,SPY,sell,0.25196411434013116,293.21543702974697,10.0,5.0,
2019-12-23T00:00:00,SPY,sell,0.26845889862742073,294.24934143596374,10.0,5.0,
2019-12-24T00:00:00,SPY,sell,0.09348279039821651,294.1403452856091,10.0,5.0,
2019-12-26T00:00:00,SPY,sell,0.0019286925087217772,294.30595263938983,10.0,5.0,
2019-12-27T00:00:00,SPY,sell,0.32436120149929193,296.21633401727075,10.0,5.0,
2019-12-30T00:00:00,SPY,buy,0.01518369565675384,296.3839548168682,10.0,5.0,
2019-12-31T00:00:00,SPY,buy,0.33832928155305014,294.16480879094956,10.0,5.0,
2020-01-02T00:00:00,SPY,sell,0.1485046348286479,296.03401551383047,10.0,5.0,
2020-01-03T00:00:00,SPY,sell,0.5666160182836054,293.8550289234259,10.0,5.0,
2020-01-06T00:00:00,SPY,buy,0.4616340541294207,294.12844019300195,10.0,5.0,
2020-01-07T00:00:00,SPY,sell,0.23167077807379372,295.55786639296076,10.0,5.0,
2020-01-08T00:00:00,SPY,buy,0.17158515460978752,296.3758450194984,10.0,5.0,
2020-01-09T00:00:00,SPY,sell,0.32371792344122713,298.4305903545414,10.0,5.0,
2020-01-10T00:00:00,SPY,sell,0.4092082810132799,299.46421300938994,10.0,5.0,
2020-01-13T00:00:00,SPY,buy,0.1746488463343188,299.54215413998935,10.0,5.0,
2020-01-14T00:00:00,SPY,sell,0.41428759813276805,299.6289019940449,10.0,5.0,
2020-01-15T00:00:00,SPY,buy,0.09179558670998353,300.42273992758703,10.0,5.0,
2020-01-16T00:00:00,SPY,sell,0.13618431502819583,301.67033232703443,10.0,5.0,
2020-01-17T00:00:00,SPY,sell,0.49721301884094343,303.4990303255954,10.0,5.0,
2020-01-21T00:00:00,SPY,sell,0.18579737689875947,302.7681446978972,10.0,5.0,
2020-01-22T00:00:00,SPY,buy,0.11704869395326686,304.91073659424,10.0,5.0,
2020-01-23T00:00:00,SPY,sell,0.007365002861607445,302.5224550054839,10.0,5.0,
2020-01-24T00:00:00,SPY,sell,0.06856384809042877,304.17783240830465,10.0,5.0,
2020-01-27T00:00:00,SPY,buy,0.5366253105873471,296.45969991603806,10.0,5.0,
2020-01-28T00:00:00,SPY,buy,0.9829410414608906,298.32363628762823,10.0,5.0,
2020-01-29T00:00:00,SPY,sell,0.6335442067542887,300.4609999545824,10.0,5.0,
2020-01-30T00:00:00,SPY,buy,0.050483301782382285,297.678335236249,10.0,5.0,
2020-01-31T00:00:00,SPY,sell,0.19566964812387574,299.19977932508544,10.0,5.0,
2020-02-03T00:00:00,SPY,buy,1.1160694255968788,296.75437306180083,10.0,5.0,
2020-02-04T00:00:00,SPY,sell,0.45304381594806786,300.17793765874404,10.0,5.0,
2020-02-05T00:00:00,SPY,sell,0.9124080196966667,304.0198421035923,10.0,5.0,
2020-02-06T00:00:00,SPY,sell,0.685078673515197,305.52078325658766,10.0,5.0,
2020-02-07T00:00:00,SPY,sell,0.19977142015303798,304.5248571238704,10.0,5.0,
2020-02-10T00:00:00,SPY,buy,0.3186130396020813,303.9845227879231,10.0,5.0,
2020-02-11T00:00:00,SPY,sell,0.4426386935329954,307.5801405756624,10.0,5.0,
2020-02-12T00:00:00,SPY,sell,0.10245517288866736,308.19451330829395,10.0,5.0,
2020-02-13T00:00:00,SPY,sell,0.37978222729683303,307.30571657137676,10.0,5.0,
2020-02-14T00:00:00,SPY,buy,0.06251415962162861,309.74670172496974,10.0,5.0,
2020-02-18T00:00:00,SPY,sell,0.09458902680126573,307.9017327346868,10.0,5.0,
2020-02-19T00:00:00,SPY,buy,0.15239454278301037,310.00424604609543,10.0,5.0,
2020-02-20T00:00:00,SPY,sell,0.28160497060046885,309.026332085746,10.0,5.0,
2020-02-21T00:00:00,SPY,buy,0.24285927687831996,307.87543483497865,10.0,5.0,
2020-02-24T00:00:00,SPY,buy,0.6152970685425438,296.56064397347103,10.0,5.0,
2020-02-25T00:00:00,SPY,buy,2.048329626327446,297.2968389467936,10.0,5.0,
2020-02-26T00:00:00,SPY,buy,1.9063946639213438,288.3391476789475,10.0,5.0,
2020-02-27T00:00:00,SPY,buy,0.22782667775645918,280.3336044278166,10.0,5.0,
2020-02-28T00:00:00,SPY,buy,2.9500325426072194,264.955200096217,10.0,5.0,
2020-03-02T00:00:00,SPY,buy,0.2947693065157011,273.6799591554839,10.0,5.0,
2020-03-03T00:00:00,SPY,sell,2.7047040761522565,283.1850068961308,10.0,5.0,
2020-03-04T00:00:00,SPY,buy,1.8603472457035246,280.9412010602117,10.0,5.0,
2020-03-05T00:00:00,SPY,sell,2.61172249978702,279.04947379734136,10.0,5.0,
2020-03-06T00:00:00,SPY,buy,2.1329129756250365,269.03803807292456,10.0,5.0,
2020-03-09T00:00:00,SPY,buy,1.0942480340164713,252.6552984715333,10.0,5.0,
2020-03-10T00:00:00,SPY,buy,5.52566882402598,261.22932466502897,10.0,5.0,
2020-03-11T00:00:00,SPY,sell,3.452497297778285,256.8339586167181,10.0,5.0,
2020-03-12T00:00:00,SPY,buy,3.383771785600828,234.94383250507084,10.0,5.0,
2020-03-13T00:00:00,SPY,buy,7.368582978963352,241.45175789371046,10.0,5.0,
2020-03-16T00:00:00,SPY,sell,5.979732983502404,220.67357302022083,10.0,5.0,
2020-03-17T00:00:00,SPY,buy,8.436482921978685,224.88639357971658,10.0,5.0,
2020-03-18T00:00:00,SPY,sell,3.961940438445377,216.16356300735004,10.0,5.0,
2020-03-19T00:00:00,SPY,buy,3.8483470509978153,219.57125322360938,10.0,5.0,
2020-03-20T00:00:00,SPY,sell,0.1603376545675158,223.216666967584,10.0,5.0,
2020-03-23T00:00:00,SPY,buy,3.4335729340142738,210.65218592289398,10.0,5.0,
2020-03-24T00:00:00,SPY,buy,2.068831768674124,216.40286166926646,10.0,5.0,
2020-03-25T00:00:00,SPY,sell,6.700957807816149,225.3675305418644,10.0,5.0,
2020-03-26T00:00:00,SPY,sell,1.101950706403155,229.64915301114596,10.0,5.0,
2020-03-27T00:00:00,SPY,sell,4.107862347144099,233.09908845046095,10.0,5.0,
2020-03-30T00:00:00,SPY,buy,2.1590470688759105,236.04753049474053,10.0,5.0,
2020-03-31T00:00:00,SPY,sell,2.3030248653606344,239.809164295118,10.0,5.0,
2020-04-01T00:00:00,SPY,buy,1.0757637357994283,228.92035981482422,10.0,5.0,
2020-04-02T00:00:00,SPY,buy,3.409126293062857,226.34583810049983,10.0,5.0,
2020-04-03T00:00:00,SPY,sell,197.46472488799853,230.77180626156004,10.0,5.0,
2020-04-06T00:00:00,SPY,sell,1.5026439159280858,237.30621930244027,10.0,5.0,
2020-04-07T00:00:00,SPY,buy,7.806535025941809,253.137313250502,10.0,5.0,
2020-04-08T00:00:00,SPY,buy,0.18849753724590773,247.36376598334417,10.0,5.0,
2020-04-09T00:00:00,SPY,buy,3.7110953140132987,256.2470406902303,10.0,5.0,
2020-04-13T00:00:00,SPY,buy,1.656246699671359,255.83981339318453,10.0,5.0,
2020-04-14T00:00:00,SPY,sell,0.9918763285369409,258.60361434515545,10.0,5.0,
2020-04-15T00:00:00,SPY,buy,3.112047754982174,256.23773587716073,10.0,5.0,
2020-04-16T00:00:00,SPY,sell,2.2933501401362526,256.9182476960763,10.0,5.0,
2020-04-17T00:00:00,SPY,buy,0.515371021267584,263.4455007559023,10.0,5.0,
2020-04-20T00:00:00,SPY,buy,2.8205375637287795,260.8904293796342,10.0,5.0,
2020-04-21T00:00:00,SPY,sell,1.8667044756090243,254.6910174990635,10.0,5.0,
2020-04-22T00:00:00,SPY,sell,3.3077652590437805,256.1811572959652,10.0,5.0,
2020-04-23T00:00:00,SPY,buy,2.3751105601967457,258.93319154445743,10.0,5.0,
2020-04-24T00:00:00,SPY,sell,0.0038514018709332994,258.37513054081,10.0,5.0,
2020-04-27T00:00:00,SPY,buy,1.472184620049767,263.2068806959985,10.0,5.0,
2020-04-28T00:00:00,SPY,buy,1.499290206845184,268.6535477726669,10.0,5.0,
2020-04-29T00:00:00,SPY,sell,0.47175716401498174,268.313634578623,10.0,5.0,
2020-04-30T00:00:00,SPY,buy,2.650041218220391,269.29152182063797,10.0,5.0,
2020-05-01T00:00:00,SPY,sell,0.9483616849469417,262.5882800195121,10.0,5.0,
2020-05-04T00:00:00,SPY,sell,2.7646158086413033,258.3805451154347,10.0,5.0,
2020-05-05T00:00:00,SPY,buy,0.2956214586914261,264.60860420012466,10.0,5.0,
2020-05-06T00:00:00,SPY,buy,0.9614810551573756,265.9020564495371,10.0,5.0,
2020-05-07T00:00:00,SPY,sell,0.706000111856062,264.8341368903753,10.0,5.0,
2020-05-08T00:00:00,SPY,buy,1.2453503809203108,268.71808467848575,10.0,5.0,
2020-05-11T00:00:00,SPY,buy,1.6813672686622099,268.0263112127044,10.0,5.0,
2020-05-12T00:00:00,SPY,buy,0.01834064550933564,271.20805801787185,10.0,5.0,
2020-05-13T00:00:00,SPY,sell,2.0524420472966196,263.27710842497186,10.0,5.0,
2020-05-14T00:00:00,SPY,sell,1.8613333511426553,256.7335218162607,10.0,5.0,
2020-05-15T00:00:00,SPY,buy,1.256346544862888,260.6684895213826,10.0,5.0,
2020-05-18T00:00:00,SPY,buy,0.47468260267660306,270.52641598304416,10.0,5.0,
2020-05-19T00:00:00,SPY,buy,3.066758110202149,271.7294575667837,10.0,5.0,
2020-05-20T00:00:00,SPY,sell,1.036441325379315,272.2609394223397,10.0,5.0,
2020-05-21T00:00:00,SPY,buy,1.6861183991372592,273.98063893081473,10.0,5.0,
2020-05-22T00:00:00,SPY,sell,0.6879270046551272,271.1109017630747,10.0,5.0,
2020-05-26T00:00:00,SPY,buy,0.18978726383635314,278.7233116930042,10.0,5.0,
2020-05-27T00:00:00,SPY,buy,1.2136613566154948,278.9006251778352,10.0,5.0,
2020-05-28T00:00:00,SPY,buy,1.4419044455277539,281.23642967771895,10.0,5.0,
2020-05-29T00:00:00,SPY,sell,0.17616450614183907,278.37365437722207,10.0,5.0,
2020-06-01T00:00:00,SPY,buy,0.4283652017446664,280.2840932663209,10.0,5.0,
2020-06-02T00:00:00,SPY,buy,0.38635545762941553,282.98867290353957,10.0,5.0,
2020-06-03T00:00:00,SPY,buy,0.7847731592911598,286.3960340071785,10.0,5.0,
2020-06-04T00:00:00,SPY,buy,1.2432226022098825,287.1998616977522,10.0,5.0,
2020-06-05T00:00:00,SPY,sell,0.24546986589400369,291.9672303940291,10.0,5.0,
2020-06-08T00:00:00,SPY,buy,2.330002533919169,295.6108800997657,10.0,5.0,
2020-06-09T00:00:00,SPY,buy,1.0817740871008166,295.68321116452285,10.0,5.0,
2020-06-10T00:00:00,SPY,sell,0.6708123545573841,295.82257384187426,10.0,5.0,
2020-06-11T00:00:00,SPY,sell,0.504280744298455,286.6561422552078,10.0,5.0,
2020-06-12T00:00:00,SPY,sell,5.532276054191604,283.68796399045766,10.0,5.0,
2020-06-15T00:00:00,SPY,buy,1.1200607146815922,275.1154012744659,10.0,5.0,
2020-06-16T00:00:00,SPY,buy,0.88276448607637,291.2330973933867,10.0,5.0,
2020-06-17T00:00:00,SPY,buy,1.7983562327263882,289.9327560052588,10.0,5.0,
2020-06-18T00:00:00,SPY,sell,0.3841409606810967,285.32195456257296,10.0,5.0,
2020-06-19T00:00:00,SPY,buy,0.03648261260328508,291.29791149891116,10.0,5.0,
2020-06-22T00:00:00,SPY,sell,0.5349384936672485,284.70998105685777,10.0,5.0,
2020-06-23T00:00:00,SPY,buy,0.5981443309357728,290.66910322007027,10.0,5.0,
2020-06-24T00:00:00,SPY,buy,0.42778885677856227,287.2844838400523,10.0,5.0,
2020-06-25T00:00:00,SPY,sell,2.4212052288860426,280.52939858400435,10.0,5.0,
2020-06-26T00:00:00,SPY,buy,1.0150710407279535,283.87336790595924,10.0,5.0,
2020-06-29T00:00:00,SPY,sell,2.293160300517376,278.6253533436556,10.0,5.0,
2020-06-30T00:00:00,SPY,buy,1.404721274506629,281.8616641904197,10.0,5.0,
2020-07-01T00:00:00,SPY,buy,1.2057734246194625,287.03523924579764,10.0,5.0,
2020-07-02T00:00:00,SPY,buy,0.6543236046649081,291.36455719401664,10.0,5.0,
2020-07-06T00:00:00,SPY,buy,148.31300353991517,293.37220047441446,10.0,5.0,
2020-07-07T00:00:00,SPY,sell,1.3866914493586897,291.54003134141163,10.0,5.0,
2020-07-08T00:00:00,SPY,buy,0.5643930899168961,291.7074883785535,10.0,5.0,
2020-07-09T00:00:00,SPY,sell,0.41659998574379026,292.89120485653166,10.0,5.0,
2020-07-10T00:00:00,SPY,buy,0.31206294054277744,291.4289690568933,10.0,5.0,
2020-07-13T00:00:00,SPY,sell,0.5532827176574744,295.9321472412979,10.0,5.0,
2020-07-14T00:00:00,SPY,buy,0.47532454940330005,290.49292776443775,10.0,5.0,
2020-07-15T00:00:00,SPY,sell,0.6990267805655582,298.03942013451655,10.0,5.0,
2020-07-16T00:00:00,SPY,sell,0.4913083145264451,295.61778209555933,10.0,5.0,
2020-07-17T00:00:00,SPY,buy,0.17674745053338387,298.4474599440343,10.0,5.0,
2020-07-20T00:00:00,SPY,sell,0.1560578789234825,297.13482151199213,10.0,5.0,
2020-07-21T00:00:00,SPY,sell,0.4313643164249186,301.77447910731763,10.0,5.0,
2020-07-22T00:00:00,SPY,sell,0.11297399059545526,300.0838635522873,10.0,5.0,
2020-07-23T00:00:00,SPY,sell,0.30223195338116504,301.7933172370292,10.0,5.0,
2020-07-24T00:00:00,SPY,buy,0.6417301681356945,297.5865512410502,10.0,5.0,
2020-07-27T00:00:00,SPY,buy,0.3484860685521458,298.2164155604971,10.0,5.0,
2020-07-28T00:00:00,SPY,sell,0.3905768082348746,298.0582730188629,10.0,5.0,
2020-07-29T00:00:00,SPY,buy,0.3418043609045875,298.6707488384118,10.0,5.0,
2020-07-30T00:00:00,SPY,sell,0.6548145154865342,297.56765303093,10.0,5.0,
2020-07-31T00:00:00,SPY,buy,0.18924130891959245,302.17504393049325,10.0,5.0,
2020-08-03T00:00:00,SPY,sell,0.4199341536982777,303.5029670266002,10.0,5.0,
2020-08-04T00:00:00,SPY,sell,0.36689487473873994,303.0778191164398,10.0,5.0,
2020-08-05T00:00:00,SPY,sell,140.93338011869315,306.37157658514644,10.0,5.0,
2020-08-06T00:00:00,SPY,buy,0.45131476905359175,307.34985159472353,10.0,5.0,
2020-08-07T00:00:00,SPY,buy,0.5802594795174978,309.0191550886441,10.0,5.0,
2020-08-10T00:00:00,SPY,buy,0.06193330749586131,310.66769371735575,10.0,5.0,
2020-08-11T00:00:00,SPY,buy,0.25811623110861276,312.3283685936313,10.0,5.0,
2020-08-12T00:00:00,SPY,sell,0.7177080760907211,310.083710736931,10.0,5.0,
2020-08-13T00:00:00,SPY,buy,1.1974053303159435,312.1082782225939,10.0,5.0,
2020-08-14T00:00:00,SPY,sell,0.15543134205134873,310.9822510802527,10.0,5.0,
2020-08-17T00:00:00,SPY,buy,0.0026611849264841863,313.3371388733836,10.0,5.0,
2020-08-18T00:00:00,SPY,buy,0.27188629746652765,313.7100365719116,10.0,5.0,
2020-08-19T00:00:00,SPY,buy,0.1845384130569685,314.36794041065804,10.0,5.0,
2020-08-20T00:00:00,SPY,sell,0.3564699241542168,310.01067534685956,10.0,5.0,
2020-08-21T00:00:00,SPY,buy,0.2667204924545521,313.3206462891795,10.0,5.0,
2020-08-24T00:00:00,SPY,buy,0.30191476870537315,317.21503318074764,10.0,5.0,
2020-08-25T00:00:00,SPY,buy,0.8535924098379986,318.52415666766007,10.0,5.0,
2020-08-26T00:00:00,SPY,buy,0.293470443503636,319.66284951067206,10.0,5.0,
2020-08-27T00:00:00,SPY,buy,0.8299351171006503,323.1415932563949,10.0,5.0,
2020-08-28T00:00:00,SPY,buy,0.1809860360222848,324.0015937208297,10.0,5.0,
2020-08-31T00:00:00,SPY,buy,0.5285411533244059,324.8468592562825,10.0,5.0,
2020-09-01T00:00:00,SPY,sell,0.29676525283787425,323.73838274396985,10.0,5.0,
2020-09-02T00:00:00,SPY,buy,0.7653516533108372,328.8529567683971,10.0,5.0,
2020-09-03T00:00:00,SPY,buy,128.56744947763457,330.01213365931056,10.0,5.0,
2020-09-04T00:00:00,SPY,sell,129.22847936106547,319.9224913424114,10.0,5.0,
2020-09-08T00:00:00,SPY,sell,0.6902766572645803,311.2580031607643,10.0,5.0,
2020-09-09T00:00:00,SPY,sell,2.3216785758523044,312.03199485044854,10.0,5.0,
2020-09-10T00:00:00,SPY,buy,1.6524578093464395,316.9393502716168,10.0,5.0,
2020-09-11T00:00:00,SPY,sell,1.4741770282250277,310.4340833935492,10.0,5.0,
2020-09-14T00:00:00,SPY,buy,0.041920818784555176,312.92042421779627,10.0,5.0,
2020-09-15T00:00:00,SPY,buy,1.1102466342812098,316.28932781960174,10.0,5.0,
2020-09-16T00:00:00,SPY,buy,0.4248895326191741,316.6494565706419,10.0,5.0,
2020-09-17T00:00:00,SPY,sell,0.3320114945636059,308.34735087870797,10.0,5.0,
2020-09-18T00:00:00,SPY,sell,0.7429561363926742,311.26050054240534,10.0,5.0,
2020-09-21T00:00:00,SPY,sell,0.9880929628824694,302.28534046785114,10.0,5.0,
2020-09-22T00:00:00,SPY,sell,0.9643988306117193,304.9490587845721,10.0,5.0,
2020-09-23T00:00:00,SPY,buy,0.8789110436963851,308.0406886797475,10.0,5.0,
2020-09-24T00:00:00,SPY,sell,2.0448418839158564,298.12611944435696,10.0,5.0,
2020-09-25T00:00:00,SPY,buy,0.2388585718835128,300.29395803633577,10.0,5.0,
2020-09-28T00:00:00,SPY,buy,1.4066299431772595,310.20119024652297,10.0,5.0,
2020-09-29T00:00:00,SPY,buy,1.4211029159296644,310.8995260579626,10.0,5.0,
2020-09-30T00:00:00,SPY,sell,0.4644846228564946,309.14523207089275,10.0,5.0,
2020-10-01T00:00:00,SPY,buy,0.6430305680091825,314.3611603025855,10.0,5.0,
2020-10-02T00:00:00,SPY,buy,0.5416293884582309,308.78478572897643,10.0,5.0,
2020-10-05T00:00:00,SPY,buy,135.18036659945167,312.88148529541456,10.0,5.0,
2020-10-06T00:00:00,SPY,sell,1.163841252102073,315.4733597306805,10.0,5.0,
2020-10-07T00:00:00,SPY,buy,0.7225110561714879,314.7617987072418,10.0,5.0,
2020-10-08T00:00:00,SPY,sell,0.8687766981565757,318.2024903893703,10.0,5.0,
2020-10-09T00:00:00,SPY,sell,0.43835196261973197,320.7185974890653,10.0,5.0,
2020-10-12T00:00:00,SPY,sell,0.43935406909991287,324.4589217005789,10.0,5.0,
2020-10-13T00:00:00,SPY,sell,0.7807377581807409,326.9546615499566,10.0,5.0,
2020-10-14T00:00:00,SPY,buy,0.3199857198832591,326.51830017474873,10.0,5.0,
2020-10-15T00:00:00,SPY,buy,0.309622848200456,319.9645673482595,10.0,5.0,
2020-10-16T00:00:00,SPY,buy,0.06176500600199315,324.8507801022873,10.0,5.0,
2020-10-19T00:00:00,SPY,buy,0.02969981664834367,324.56184729392277,10.0,5.0,
2020-10-20T00:00:00,SPY,buy,0.7612185311181477,319.7331452427625,10.0,5.0,
2020-10-21T00:00:00,SPY,sell,0.20011207059865274,318.6496612414617,10.0,5.0,
2020-10-22T00:00:00,SPY,buy,0.09423813100143658,319.2655244421041,10.0,5.0,
2020-10-23T00:00:00,SPY,sell,0.27173530992400213,321.06249542391174,10.0,5.0,
2020-10-26T00:00:00,SPY,sell,0.1676716461955531,317.5360653894955,10.0,5.0,
2020-10-27T00:00:00,SPY,buy,0.9309382770802168,316.28912124150264,10.0,5.0,
2020-10-28T00:00:00,SPY,buy,0.1729377108981246,309.1561536284708,10.0,5.0,
2020-10-29T00:00:00,SPY,buy,1.7807815669261606,304.32805750042644,10.0,5.0,
2020-10-30T00:00:00,SPY,sell,0.520540109306245,304.68061700731346,10.0,5.0,
2020-11-02T00:00:00,SPY,buy,0.5389898910506951,307.3884845900184,10.0,5.0,
2020-11-03T00:00:00,SPY,sell,0.5741812404515692,309.70157928783004,10.0,5.0,
2020-11-04T00:00:00,SPY,sell,0.8873384893699898,316.35562115053114,10.0,5.0,
2020-11-05T00:00:00,SPY,sell,1.1023485829677881,324.1327018701108,10.0,5.0,
2020-11-06T00:00:00,SPY,sell,0.947159279728143,324.77343190719387,10.0,5.0,
2020-11-09T00:00:00,SPY,buy,0.010619079892551711,338.82309781166305,10.0,5.0,
2020-11-10T00:00:00,SPY,sell,0.608471087553198,328.0782793161258,10.0,5.0,
2020-11-11T00:00:00,SPY,buy,0.07063887178117918,331.77674313256034,10.0,5.0,
2020-11-12T00:00:00,SPY,sell,0.3586603314606194,330.0187163279822,10.0,5.0,
2020-11-13T00:00:00,SPY,buy,0.47323097209601334,330.72634161202956,10.0,5.0,
2020-11-16T00:00:00,SPY,sell,0.6659592266064293,335.02969291526534,10.0,5.0,
2020-11-17T00:00:00,SPY,sell,0.593248529314984,334.09236244710746,10.0,5.0,
2020-11-18T00:00:00,SPY,buy,0.25698648241867666,335.97603400226404,10.0,5.0,
2020-11-19T00:00:00,SPY,buy,0.5839905759379157,331.0338161457034,10.0,5.0,
2020-11-20T00:00:00,SPY,sell,0.20283029406597372,331.801278733457,10.0,5.0,
2020-11-23T00:00:00,SPY,buy,0.33249671476010156,332.596970040271,10.0,5.0,
2020-11-24T00:00:00,SPY,sell,0.2894961997162294,334.31605231992637,10.0,5.0,
2020-11-25T00:00:00,SPY,sell,0.765084331520144,337.02486502951314,10.0,5.0,
2020-11-27T00:00:00,SPY,buy,0.07331017361773551,338.7027207188143,10.0,5.0,
2020-11-30T00:00:00,SPY,sell,0.1327027637102013,336.7482344446135,10.0,5.0,
2020-12-01T00:00:00,SPY,buy,0.2117857780449985,340.3140131785568,10.0,5.0,
2020-12-02T00:00:00,SPY,sell,0.5178901702957928,338.59381266235687,10.0,5.0,
2020-12-03T00:00:00,SPY,sell,126.36569267204244,340.27686394796945,10.0,5.0,
2020-12-04T00:00:00,SPY,buy,0.03962308212582285,341.9421537710362,10.0,5.0,
2020-12-07T00:00:00,SPY,buy,0.6738715589280256,343.5273114145533,10.0,5.0,
2020-12-08T00:00:00,SPY,sell,0.16079000536401988,341.2865144006923,10.0,5.0,
2020-12-09T00:00:00,SPY,buy,0.22844364249947774,345.25746700181776,10.0,5.0,
2020-12-10T00:00:00,SPY,sell,0.7051662775880569,339.10341204611996,10.0,5.0,
2020-12-11T00:00:00,SPY,sell,0.0248287711508189,338.67021129740846,10.0,5.0,
2020-12-14T00:00:00,SPY,sell,0.09252362912844898,342.1407501022504,10.0,5.0,
2020-12-15T00:00:00,SPY,sell,0.35525312880934035,340.98856683891563,10.0,5.0,
2020-12-16T00:00:00,SPY,buy,1.0587525797116875,344.2732198276188,10.0,5.0,
2020-12-17T00:00:00,SPY,buy,0.12293915594534094,346.24364787952373,10.0,5.0,
2020-12-18T00:00:00,SPY,buy,0.4335624709013566,346.81402198038046,10.0,5.0,
2020-12-21T00:00:00,SPY,sell,0.3100066312803795,340.1774048806927,10.0,5.0,
2020-12-22T00:00:00,SPY,sell,0.27810186743594517,343.1974963382474,10.0,5.0,
2020-12-23T00:00:00,SPY,sell,0.13184353310882704,343.26343121260305,10.0,5.0,
2020-12-24T00:00:00,SPY,buy,0.07024596613772714,344.1105295044599,10.0,5.0,
2020-12-28T00:00:00,SPY,buy,0.30312024524669295,347.5333611911567,10.0,5.0,
2020-12-29T00:00:00,SPY,buy,0.663546171414317,349.46978025104863,10.0,5.0,
2020-12-30T00:00:00,SPY,sell,0.14619431468705413,347.0475327596613,10.0,5.0,
2020-12-31T00:00:00,SPY,buy,0.10996016622220108,347.56986182806247,10.0,5.0,
2021-01-04T00:00:00,SPY,buy,0.3894684519004819,350.8713075165786,10.0,5.0,
2021-01-05T00:00:00,SPY,sell,1.0560641339340666,343.0927847024646,10.0,5.0,
2021-01-06T00:00:00,SPY,buy,124.06644039419415,345.68028826183246,10.0,5.0,
2021-01-07T00:00:00,SPY,sell,0.1910519370157779,350.55200809894035,10.0,5.0,
2021-01-08T00:00:00,SPY,sell,0.6758398902480923,354.7352976743543,10.0,5.0,
2021-01-11T00:00:00,SPY,sell,0.25835915455511077,352.1828406583447,10.0,5.0,
2021-01-12T00:00:00,SPY,buy,0.30797369310611655,354.2177878795038,10.0,5.0,
2021-01-13T00:00:00,SPY,sell,0.009799451397829895,352.96742404108994,10.0,5.0,
2021-01-14T00:00:00,SPY,sell,0.12274899867906397,354.73730241605966,10.0,5.0,
2021-01-15T00:00:00,SPY,buy,0.16030678408181134,352.18846128570607,10.0,5.0,
2021-01-19T00:00:00,SPY,buy,0.33608139862584524,353.7036909709928,10.0,5.0,
2021-01-20T00:00:00,SPY,sell,0.3589638415771159,355.22082892071955,10.0,5.0,
2021-01-21T00:00:00,SPY,sell,0.6235648302257929,358.37024401095005,10.0,5.0,
2021-01-22T00:00:00,SPY,sell,0.041200820544266104,356.28513604811764,10.0,5.0,
2021-01-25T00:00:00,SPY,buy,0.1605394413293275,358.68593758943575,10.0,5.0,
2021-01-26T00:00:00,SPY,sell,0.1782489045173708,359.22950225109173,10.0,5.0,
2021-01-27T00:00:00,SPY,buy,0.07072857576007699,355.45996914470044,10.0,5.0,
2021-01-28T00:00:00,SPY,buy,1.1339353979850735,351.8546289429897,10.0,5.0,
2021-01-29T00:00:00,SPY,sell,0.3950413778972983,350.1131985002264,10.0,5.0,
2021-02-01T00:00:00,SPY,buy,0.93517236381366,349.38592452536693,10.0,5.0,
2021-02-02T00:00:00,SPY,sell,0.7641586960385361,353.859002550729,10.0,5.0,
2021-02-03T00:00:00,SPY,sell,0.6391064207888536,356.4597823650951,10.0,5.0,
2021-02-04T00:00:00,SPY,sell,0.035590645974986054,356.9470501318259,10.0,5.0,
2021-02-05T00:00:00,SPY,sell,0.5105664053537318,361.82875443943277,10.0,5.0,
2021-02-08T00:00:00,SPY,sell,0.17614469260529564,362.82735939438146,10.0,5.0,
2021-02-09T00:00:00,SPY,sell,0.32196228573119823,363.14350963672405,10.0,5.0,
2021-02-10T00:00:00,SPY,buy,0.02946636647105409,366.5846057029939,10.0,5.0,
2021-02-11T00:00:00,SPY,buy,0.019426183372958216,365.7617080338555,10.0,5.0,
2021-02-12T00:00:00,SPY,sell,0.07211389303569202,363.3686912224215,10.0,5.0,
2021-02-16T00:00:00,SPY,sell,0.2195968648255786,367.1985442834369,10.0,5.0,
2021-02-17T00:00:00,SPY,buy,0.038664457780119184,364.995448635911,10.0,5.0,
2021-02-18T00:00:00,SPY,sell,0.010176748040104332,363.12699921899156,10.0,5.0,
2021-02-19T00:00:00,SPY,buy,0.19025636734544168,366.5390738312449,10.0,5.0,
2021-02-22T00:00:00,SPY,buy,0.07876178164521741,361.8546010373364,10.0,5.0,
2021-02-23T00:00:00,SPY,buy,0.34674126009048756,359.61219376183664,10.0,5.0,
2021-02-24T00:00:00,SPY,sell,0.05414767768089836,360.08792483290523,10.0,5.0,
2021-02-25T00:00:00,SPY,sell,0.48984334163924526,363.8887720019406,10.0,5.0,
2021-02-26T00:00:00,SPY,buy,1.099829001198968,359.3242273787453,10.0,5.0,
2021-03-01T00:00:00,SPY,buy,0.2332371290943362,360.4810947771183,10.0,5.0,
2021-03-02T00:00:00,SPY,sell,1.0793418321546084,363.3373609399218,10.0,5.0,
2021-03-03T00:00:00,SPY,buy,0.35178134411766443,360.66850299104453,10.0,5.0,
2021-03-04T00:00:00,SPY,buy,0.6044121411091422,356.39675942678406,10.0,5.0,
2021-03-05T00:00:00,SPY,buy,0.5696636271121811,355.68601726586434,10.0,5.0,
2021-03-08T00:00:00,SPY,sell,0.8308350035412173,358.52895670152117,10.0,5.0,
2021-03-09T00:00:00,SPY,buy,0.22681929283295046,360.72388038837926,10.0,5.0,
2021-03-10T00:00:00,SPY,sell,0.6404847551068774,363.21777594153303,10.0,5.0,
2021-03-11T00:00:00,SPY,sell,0.27740153317217736,365.58628023284575,10.0,5.0,
2021-03-12T00:00:00,SPY,sell,0.4489417091388033,365.4365937714491,10.0,5.0,
2021-03-15T00:00:00,SPY,sell,0.06033355402874495,367.54460122679325,10.0,5.0,
2021-03-16T00:00:00,SPY,sell,0.2631077969878731,370.09754098556004,10.0,5.0,
2021-03-17T00:00:00,SPY,buy,0.05580659074986984,368.8376850775421,10.0,5.0,
2021-03-18T00:00:00,SPY,sell,0.15026299064888785,367.6839562079947,10.0,5.0,
2021-03-19T00:00:00,SPY,buy,0.6509813193485112,365.6863333224698,10.0,5.0,
2021-03-22T00:00:00,SPY,buy,0.08256089122543937,365.8251405496197,10.0,5.0,
2021-03-23T00:00:00,SPY,sell,0.35386241593307116,366.4842771369038,10.0,5.0,
2021-03-24T00:00:00,SPY,buy,0.35192133220671357,366.73608601766995,10.0,5.0,
2021-03-25T00:00:00,SPY,buy,0.22772037289667346,362.02721102978757,10.0,5.0,
2021-03-26T00:00:00,SPY,sell,0.2506555553475791,365.56808968504345,10.0,5.0,
2021-03-29T00:00:00,SPY,sell,0.7079201800608583,368.81175221105383,10.0,5.0,
2021-03-30T00:00:00,SPY,buy,0.021316930909118858,369.9422371617085,10.0,5.0,
2021-03-31T00:00:00,SPY,buy,0.11739380767299609,370.8059149721837,10.0,5.0,
2021-04-01T00:00:00,SPY,sell,0.17860271228289798,372.5537063639954,10.0,5.0,
2021-04-05T00:00:00,SPY,sell,0.47079648615007186,377.28445011526514,10.0,5.0,
2021-04-06T00:00:00,SPY,sell,0.6181433352353762,379.43485129931014,10.0,5.0,
2021-04-07T00:00:00,SPY,buy,0.02510006952604321,380.7474095922426,10.0,5.0,
2021-04-08T00:00:00,SPY,sell,0.05003758731677452,381.46621291944956,10.0,5.0,
2021-04-09T00:00:00,SPY,sell,0.20429595170359582,381.8953650010427,10.0,5.0,
2021-04-12T00:00:00,SPY,sell,0.3111288961968611,384.1953397986947,10.0,5.0,
2021-04-13T00:00:00,SPY,sell,0.015862342590063635,384.83303140094597,10.0,5.0,
2021-04-14T00:00:00,SPY,sell,0.1266248345129821,386.0477598645677,10.0,5.0,
2021-04-15T00:00:00,SPY,buy,0.14645732153180183,388.06427058118385,10.0,5.0,
2021-04-16T00:00:00,SPY,sell,0.45582564675663995,390.17952529905614,10.0,5.0,
2021-04-19T00:00:00,SPY,sell,0.14144932310863356,389.2551057113654,10.0,5.0,
2021-04-20T00:00:00,SPY,buy,0.20927929008161034,388.22409829959355,10.0,5.0,
2021-04-21T00:00:00,SPY,buy,0.3140923269594284,385.97348344670803,10.0,5.0,
2021-04-22T00:00:00,SPY,sell,0.4012580362018299,388.9079731902938,10.0,5.0,
2021-04-23T00:00:00,SPY,buy,0.3916096917389425,387.2494876258107,10.0,5.0,
2021-04-26T00:00:00,SPY,sell,0.4593912664838581,390.35709099089564,10.0,5.0,
2021-04-27T00:00:00,SPY,sell,0.08842170313581604,390.8170018032206,10.0,5.0,
2021-04-28T00:00:00,SPY,buy,0.0091215699466855,391.88055036206896,10.0,5.0,
2021-04-29T00:00:00,SPY,buy,0.012178802574286557,394.2348300561878,10.0,5.0,
2021-04-30T00:00:00,SPY,sell,0.26856138020583487,390.5354008843386,10.0,5.0,
2021-05-03T00:00:00,SPY,buy,0.2786534317401167,393.4021246853523,10.0,5.0,
2021-05-04T00:00:00,SPY,sell,0.09174772068491031,389.0776245478315,10.0,5.0,
2021-05-05T00:00:00,SPY,buy,0.2627230075557457,391.47919289559735,10.0,5.0,
2021-05-06T00:00:00,SPY,sell,0.013685022032183693,388.8540835422846,10.0,5.0,
2021-05-07T00:00:00,SPY,sell,0.3369586390722989,392.64860453616967,10.0,5.0,
2021-05-10T00:00:00,SPY,sell,0.30545720038596214,395.08931555280026,10.0,5.0,
2021-05-11T00:00:00,SPY,buy,0.4205290611473266,387.465295799548,10.0,5.0,
2021-05-12T00:00:00,SPY,buy,0.3825790066285585,385.71110157389415,10.0,5.0,
2021-05-13T00:00:00,SPY,buy,0.9264027162234406,381.8106855888894,10.0,5.0,
2021-05-14T00:00:00,SPY,sell,0.5158261090897346,386.40147404265315,10.0,5.0,
2021-05-17T00:00:00,SPY,sell,0.6489817103062632,388.43962907155435,10.0,5.0,
2021-05-18T00:00:00,SPY,buy,0.10764432467681596,389.9963088626599,10.0,5.0,
2021-05-19T00:00:00,SPY,buy,0.3697536357261691,381.66841396993846,10.0,5.0,
2021-05-20T00:00:00,SPY,buy,0.11360076286891906,386.2444729991119,10.0,5.0,
2021-05-21T00:00:00,SPY,sell,0.4569035442373816,389.82415588521775,10.0,5.0,
2021-05-24T00:00:00,SPY,buy,0.03515348174980522,391.4400904351695,10.0,5.0,
2021-05-25T00:00:00,SPY,sell,0.4299781362078181,393.0598071498778,10.0,5.0,
2021-05-26T00:00:00,SPY,buy,0.09415229005152151,392.87563814964346,10.0,5.0,
2021-05-27T00:00:00,SPY,sell,0.0839489005601428,392.91180702330513,10.0,5.0,
2021-05-28T00:00:00,SPY,sell,0.022162596939035228,393.660542235817,10.0,5.0,
2021-06-01T00:00:00,SPY,sell,0.07546297961313816,395.1561309207606,10.0,5.0,
2021-06-02T00:00:00,SPY,buy,0.037306433388153974,394.28206142854185,10.0,5.0,
2021-06-03T00:00:00,SPY,sell,0.06635523283659592,390.7424295302653,10.0,5.0,
2021-06-04T00:00:00,SPY,buy,0.1570449946328049,394.6394253166184,10.0,5.0,
2021-06-07T00:00:00,SPY,sell,0.38368636418456503,395.1732459058962,10.0,5.0,
2021-06-08T00:00:00,SPY,buy,0.04065382623028682,396.8520860064085,10.0,5.0,
2021-06-09T00:00:00,SPY,sell,0.008993556443630953,395.7273842055653,10.0,5.0,
2021-06-10T00:00:00,SPY,buy,0.06282006084666084,396.7117286657213,10.0,5.0,
2021-06-11T00:00:00,SPY,sell,0.194827781467328,396.67938134756764,10.0,5.0,
2021-06-14T00:00:00,SPY,sell,0.06920284726965721,396.89539211669455,10.0,5.0,
2021-06-15T00:00:00,SPY,sell,0.09361620484651473,397.8209144508609,10.0,5.0,
2021-06-16T00:00:00,SPY,buy,0.07683029480810874,398.27824755059834,10.0,5.0,
2021-06-17T00:00:00,SPY,buy,0.23511968723783472,395.5031243209764,10.0,5.0,
2021-06-18T00:00:00,SPY,buy,0.01391569773604059,392.48517502960163,10.0,5.0,
2021-06-21T00:00:00,SPY,buy,0.5753142698948751,392.21559680700386,10.0,5.0,
2021-06-22T00:00:00,SPY,sell,0.6007042532792666,394.8325392636969,10.0,5.0,
2021-06-23T00:00:00,SPY,sell,0.22383202481369222,397.02943657125826,10.0,5.0,
2021-06-24T00:00:00,SPY,buy,0.05046526196663296,399.82570335559024,10.0,5.0,
2021-06-25T00:00:00,SPY,sell,0.24661644630273047,399.5718047423043,10.0,5.0,
2021-06-28T00:00:00,SPY,sell,0.14769384347011386,400.7638405763663,10.0,5.0,
2021-06-29T00:00:00,SPY,sell,0.08374276071875146,401.4304679565869,10.0,5.0,
2021-06-30T00:00:00,SPY,sell,0.022366138938042145,400.80263377917623,10.0,5.0,
2021-07-01T00:00:00,SPY,sell,0.034953556381490974,402.35976188777266,10.0,5.0,
2021-07-02T00:00:00,SPY,sell,0.2285910929547779,404.98523000372575,10.0,5.0,
2021-07-06T00:00:00,SPY,sell,0.31356553913368934,406.96427464258613,10.0,5.0,
2021-07-07T00:00:00,SPY,buy,0.07491993722882884,408.0785404317728,10.0,5.0,
2021-07-08T00:00:00,SPY,sell,0.1450356032461155,402.2744199495329,10.0,5.0,
2021-07-09T00:00:00,SPY,buy,0.3367561766166884,407.01683243246106,10.0,5.0,
2021-07-12T00:00:00,SPY,sell,0.4367740477743893,408.51189661683355,10.0,5.0,
2021-07-13T00:00:00,SPY,sell,0.1464520536168206,409.27331868251,10.0,5.0,
2021-07-14T00:00:00,SPY,buy,0.13968187458930637,411.5983643658797,10.0,5.0,
2021-07-15T00:00:00,SPY,sell,0.061247482625213866,407.9323950448664,10.0,5.0,
2021-07-16T00:00:00,SPY,buy,0.14020600584951748,410.29035890940753,10.0,5.0,
2021-07-19T00:00:00,SPY,buy,0.3242819851772698,401.0506226536403,10.0,5.0,
2021-07-20T00:00:00,SPY,buy,0.6196237315742732,400.57169760519173,10.0,5.0,
2021-07-21T00:00:00,SPY,sell,0.5902648180369958,405.6124652228232,10.0,5.0,
2021-07-22T00:00:00,SPY,sell,0.33150051791576013,407.8650748987038,10.0,5.0,
2021-07-23T00:00:00,SPY,sell,0.08588523911565697,410.47465951225865,10.0,5.0,
2021-07-26T00:00:00,SPY,sell,0.41734096108667695,412.1522261890377,10.0,5.0,
2021-07-27T00:00:00,SPY,sell,0.09991847079306902,412.7167588346271,10.0,5.0,
2021-07-28T00:00:00,SPY,buy,0.18579923661184156,413.7441511820688,10.0,5.0,
2021-07-29T00:00:00,SPY,buy,0.016567400474038794,413.87436908286196,10.0,5.0,
2021-07-30T00:00:00,SPY,sell,0.1683373559545442,410.84000134590735,10.0,5.0,
2021-08-02T00:00:00,SPY,buy,0.19793646035192175,414.3653114863073,10.0,5.0,
2021-08-03T00:00:00,SPY,buy,0.08544738061574748,412.57663952462997,10.0,5.0,
2021-08-04T00:00:00,SPY,sell,0.3296443340608759,412.5935253659026,10.0,5.0,
2021-08-05T00:00:00,SPY,buy,0.20028078507927743,414.25240570535505,10.0,5.0,
2021-08-06T00:00:00,SPY,sell,0.25660629689716513,414.770314551034,10.0,5.0,
2021-08-09T00:00:00,SPY,sell,0.06694330313343001,415.1093335683415,10.0,5.0,
2021-08-10T00:00:00,SPY,buy,0.032950799939319646,416.5000727792602,10.0,5.0,
2021-08-11T00:00:00,SPY,sell,0.050374416332406725,416.38550305963764,10.0,5.0,
2021-08-12T00:00:00,SPY,sell,0.10034359226251026,416.197295108539,10.0,5.0,
2021-08-13T00:00:00,SPY,sell,0.12079261007112428,418.0453283782751,10.0,5.0,
2021-08-16T00:00:00,SPY,sell,0.07325869656010055,417.0512397822088,10.0,5.0,
2021-08-17T00:00:00,SPY,sell,0.09467571372441541,416.77896487009417,10.0,5.0,
2021-08-18T00:00:00,SPY,buy,0.2650454649843578,416.83137419345826,10.0,5.0,
2021-08-19T00:00:00,SPY,buy,0.4470666332864327,410.53671497789446,10.0,5.0,
2021-08-20T00:00:00,SPY,sell,0.06238940196680008,413.0172859246718,10.0,5.0,
2021-08-23T00:00:00,SPY,sell,0.3211743266732273,417.640801475339,10.0,5.0,
2021-08-24T00:00:00,SPY,sell,0.35244291928594423,420.27686341864194,10.0,5.0,
2021-08-25T00:00:00,SPY,sell,0.06366869225562588,420.4664642091385,10.0,5.0,
2021-08-26T00:00:00,SPY,sell,0.08405147746367005,420.87897117369425,10.0,5.0,
2021-08-27T00:00:00,SPY,buy,0.2378852017190403,420.74583245384673,10.0,5.0,
2021-08-30T00:00:00,SPY,sell,0.3568499367210397,423.09133631757567,10.0,5.0,
2021-08-31T00:00:00,SPY,sell,0.17501786258838606,424.1806691069678,10.0,5.0,
2021-09-01T00:00:00,SPY,buy,0.05904466767115165,425.8635418830043,10.0,5.0,
2021-09-02T00:00:00,SPY,sell,0.021247081124109148,425.29867141331425,10.0,5.0,
2021-09-03T00:00:00,SPY,sell,0.12229025937539763,424.0403876594142,10.0,5.0,
2021-09-07T00:00:00,SPY,buy,0.009528880179780198,426.0038611254316,10.0,5.0,
2021-09-08T00:00:00,SPY,buy,0.14277974937497023,424.2928193897018,10.0,5.0,
2021-09-09T00:00:00,SPY,buy,0.0486537513084388,424.11311039251126,10.0,5.0,
2021-09-10T00:00:00,SPY,buy,0.17164913948295935,424.43405186837293,10.0,5.0,
2021-09-13T00:00:00,SPY,buy,0.3181216702449196,422.17634943740114,10.0,5.0,
2021-09-14T00:00:00,SPY,sell,0.10356433817700433,420.4192165560992,10.0,5.0,
2021-09-15T00:00:00,SPY,buy,0.21829014048345058,418.3929891167417,10.0,5.0,
2021-09-16T00:00:00,SPY,sell,0.3346796314514724,419.66726327971276,10.0,5.0,
2021-09-17T00:00:00,SPY,buy,0.06349828946739626,420.0154730207596,10.0,5.0,
2021-09-20T00:00:00,SPY,buy,0.3952834149481187,410.539311862975,10.0,5.0,
2021-09-21T00:00:00,SPY,buy,0.68774673111658,412.0978581057164,10.0,5.0,
2021-09-22T00:00:00,SPY,buy,0.037513734134940954,411.6415590147716,10.0,5.0,
2021-09-23T00:00:00,SPY,sell,0.396374900159527,413.9811407839005,10.0,5.0,
2021-09-24T00:00:00,SPY,sell,0.48859291093591445,415.4773058782259,10.0,5.0,
2021-09-27T00:00:00,SPY,sell,0.06703701199932922,416.76881578432113,10.0,5.0,
2021-09-28T00:00:00,SPY,buy,0.11558848234093036,415.07842559135463,10.0,5.0,
2021-09-29T00:00:00,SPY,buy,0.8309684504529575,410.83290713122636,10.0,5.0,
2021-09-30T00:00:00,SPY,sell,0.06994597398126608,410.37810122813164,10.0,5.0,
2021-10-01T00:00:00,SPY,buy,0.5069542062498358,406.85753531945255,10.0,5.0,
2021-10-04T00:00:00,SPY,sell,109.77396628875493,407.4929304510338,10.0,5.0,
2021-10-05T00:00:00,SPY,sell,0.768400583154957,404.9356703143763,10.0,5.0,
2021-10-06T00:00:00,SPY,buy,0.7128581740652654,405.2436507416772,10.0,5.0,
2021-10-07T00:00:00,SPY,buy,0.28168722521075434,413.8518657450061,10.0,5.0,
2021-10-08T00:00:00,SPY,buy,0.5837138832900244,414.8818624605901,10.0,5.0,
2021-10-11T00:00:00,SPY,sell,0.12245424801153999,411.45085856600866,10.0,5.0,
2021-10-12T00:00:00,SPY,sell,0.491749483493253,410.04702278364266,10.0,5.0,
2021-10-13T00:00:00,SPY,sell,0.16803951223395275,409.14466589151596,10.0,5.0,
2021-10-14T00:00:00,SPY,buy,0.24468633087016664,414.50315016281553,10.0,5.0,
2021-10-15T00:00:00,SPY,buy,1.1249297601014014,419.85830518919335,10.0,5.0,
2021-10-18T00:00:00,SPY,buy,0.5049050536047092,419.1205171944125,10.0,5.0,
2021-10-19T00:00:00,SPY,buy,0.19425235558477258,423.7922767740671,10.0,5.0,
2021-10-20T00:00:00,SPY,buy,0.5031261436309968,425.87986692433805,10.0,5.0,
2021-10-21T00:00:00,SPY,buy,0.2548436790908608,426.48309572306965,10.0,5.0,
2021-10-22T00:00:00,SPY,buy,0.16841595825955563,427.76650958637936,10.0,5.0,
2021-10-25T00:00:00,SPY,sell,0.06691378901672677,427.5642085715085,10.0,5.0,
2021-10-26T00:00:00,SPY,buy,0.3446149868484897,431.60964569956116,10.0,5.0,
2021-10-27T00:00:00,SPY,buy,0.05816189892492722,430.89993383470755,10.0,5.0,
2021-10-28T00:00:00,SPY,sell,0.28522460990203224,428.67348745853786,10.0,5.0,
2021-10-29T00:00:00,SPY,buy,0.6159304009083839,430.3553099061565,10.0,5.0,
2021-11-01T00:00:00,SPY,buy,0.12838021113289366,434.5351090458493,10.0,5.0,
2021-11-02T00:00:00,SPY,buy,0.10921785140067662,434.45950452400075,10.0,5.0,
2021-11-03T00:00:00,SPY,buy,0.2553399821032306,435.4800637483302,10.0,5.0,
2021-11-04T00:00:00,SPY,buy,0.3827727663982948,439.3135195039464,10.0,5.0,
2021-11-05T00:00:00,SPY,buy,0.29389031024239454,443.0137096645781,10.0,5.0,
2021-11-08T00:00:00,SPY,buy,0.2156561297659183,443.40978117662297,10.0,5.0,
2021-11-09T00:00:00,SPY,buy,0.05306960278210776,443.0496417862209,10.0,5.0,
2021-11-10T00:00:00,SPY,sell,0.20523799509859392,438.1983819507244,10.0,5.0,
2021-11-11T00:00:00,SPY,sell,0.5037769778232806,437.84856056577115,10.0,5.0,
2021-11-12T00:00:00,SPY,buy,0.020059884769359704,439.08421692773084,10.0,5.0,
2021-11-15T00:00:00,SPY,buy,0.4700878862786466,442.4105164559972,10.0,5.0,
2021-11-16T00:00:00,SPY,buy,0.021802589078402317,441.0006598215149,10.0,5.0,
2021-11-17T00:00:00,SPY,buy,0.24498553717393146,442.74923222483636,10.0,5.0,
2021-11-18T00:00:00,SPY,sell,0.15052090998987214,441.64349658872504,10.0,5.0,
2021-11-19T00:00:00,SPY,buy,0.20991330534015623,443.3248518836558,10.0,5.0,
2021-11-22T00:00:00,SPY,sell,0.11057529720452575,443.1968392884612,10.0,5.0,
2021-11-23T00:00:00,SPY,sell,0.17482739803332353,439.74217403495066,10.0,5.0,
2021-11-24T00:00:00,SPY,buy,0.08235699906114087,439.97238747094457,10.0,5.0,
2021-11-26T00:00:00,SPY,buy,0.1650534199326178,436.4613384877056,10.0,5.0,
2021-11-29T00:00:00,SPY,sell,1.4105363384835303,436.77320987368535,10.0,5.0,
2021-11-30T00:00:00,SPY,buy,0.7670261805862538,436.1427124509992,10.0,5.0,
2021-12-01T00:00:00,SPY,sell,1.2432916836394488,434.4869726278165,10.0,5.0,
2021-12-02T00:00:00,SPY,sell,0.7244203520990036,424.2201074765915,10.0,5.0,
2021-12-03T00:00:00,SPY,buy,103.13427346343883,433.51647310123644,10.0,5.0,
2021-12-06T00:00:00,SPY,buy,0.19340930912149293,430.59869236612565,10.0,5.0,
2021-12-07T00:00:00,SPY,sell,0.450423953693312,437.0965993636023,10.0,5.0,
2021-12-08T00:00:00,SPY,sell,0.7712352216903003,441.1332958173687,10.0,5.0,
2021-12-09T00:00:00,SPY,sell,0.0992521580957855,440.6184079297137,10.0,5.0,
2021-12-10T00:00:00,SPY,buy,0.25453084109894003,442.96576454083953,10.0,5.0,
2021-12-13T00:00:00,SPY,sell,0.3516151889064038,442.5370607130428,10.0,5.0,
2021-12-14T00:00:00,SPY,buy,0.3339263190700846,437.1697398372666,10.0,5.0,
2021-12-15T00:00:00,SPY,buy,0.26125147664538745,437.4809105664362,10.0,5.0,
2021-12-16T00:00:00,SPY,sell,0.5821849800494802,444.77646426794894,10.0,5.0,
2021-12-17T00:00:00,SPY,buy,0.33312720985689864,437.24651070241345,10.0,5.0,
2021-12-20T00:00:00,SPY,buy,0.405464359088173,430.54906636167726,10.0,5.0,
2021-12-21T00:00:00,SPY,buy,0.40894541477214713,434.46156244511434,10.0,5.0,
2021-12-22T00:00:00,SPY,sell,0.6685409540549742,437.10177248167446,10.0,5.0,
2021-12-23T00:00:00,SPY,sell,0.374131800517605,442.7318959873612,10.0,5.0,
2021-12-27T00:00:00,SPY,sell,0.23167808042080898,445.85873038751333,10.0,5.0,
2021-12-28T00:00:00,SPY,sell,0.5204657463827382,451.20334518023213,10.0,5.0,
2021-12-29T00:00:00,SPY,buy,0.030124179389312687,451.86221612153173,10.0,5.0,
2021-12-30T00:00:00,SPY,sell,0.047201046672500524,451.4040673910437,10.0,5.0,
2021-12-31T00:00:00,SPY,buy,0.10228336432881616,450.59352083489955,10.0,5.0,
2022-01-03T00:00:00,SPY,buy,0.09342014379533779,451.2187665062261,10.0,5.0,
2022-01-04T00:00:00,SPY,sell,0.21337214612660407,452.62117461568164,10.0,5.0,
2022-01-05T00:00:00,SPY,sell,98.3776756162467,450.62703770403147,10.0,5.0,
2022-01-06T00:00:00,SPY,sell,1.143052640316053,441.91705594366454,10.0,5.0,
2022-01-07T00:00:00,SPY,sell,0.0584335598046957,441.97781760285903,10.0,5.0,
2022-01-10T00:00:00,SPY,sell,0.25002281594876674,437.0179895906782,10.0,5.0,
2022-01-11T00:00:00,SPY,sell,0.07832715894729449,439.40867001148246,10.0,5.0,
2022-01-12T00:00:00,SPY,buy,0.572355620454442,446.75902954499236,10.0,5.0,
2022-01-13T00:00:00,SPY,buy,0.1698030973533557,447.3257523959844,10.0,5.0,
2022-01-14T00:00:00,SPY,sell,0.8727197399667304,435.5896059516366,10.0,5.0,
2022-01-18T00:00:00,SPY,buy,0.02787999333006582,435.5301097476442,10.0,5.0,
2022-01-19T00:00:00,SPY,sell,1.1455197616580932,432.69883037399836,10.0,5.0,
2022-01-20T00:00:00,SPY,sell,0.6822597493864848,428.5631397395774,10.0,5.0,
2022-01-21T00:00:00,SPY,sell,0.7371590677117995,420.8278827137711,10.0,5.0,
2022-01-24T00:00:00,SPY,sell,1.3355946607588274,408.0478897507599,10.0,5.0,
2022-01-25T00:00:00,SPY,buy,0.2942993396509978,410.25643204730466,10.0,5.0,
2022-01-26T00:00:00,SPY,sell,0.842038012973032,416.2566817908863,10.0,5.0,
2022-01-27T00:00:00,SPY,sell,0.17649159004546,413.93518499681016,10.0,5.0,
2022-01-28T00:00:00,SPY,sell,0.3444092857032537,408.66428722556185,10.0,5.0,
2022-01-31T00:00:00,SPY,buy,1.6900356924136164,418.0083350186094,10.0,5.0,
2022-02-01T00:00:00,SPY,buy,1.1965621270700546,426.95056901841275,10.0,5.0,
2022-02-02T00:00:00,SPY,buy,0.4448518745464424,431.51512266800506,10.0,5.0,
2022-02-03T00:00:00,SPY,buy,0.6317199477147473,427.20523522086336,10.0,5.0,
2022-02-04T00:00:00,SPY,sell,1.56161101459652,421.5732227502894,10.0,5.0,
2022-02-07T00:00:00,SPY,buy,0.31317691582778456,425.84009744900425,10.0,5.0,
2022-02-08T00:00:00,SPY,sell,0.21337304130257603,421.9349716272777,10.0,5.0,
2022-02-09T00:00:00,SPY,buy,0.543799765195764,431.250116998276,10.0,5.0,
2022-02-10T00:00:00,SPY,buy,0.9526558318729648,427.5753287317308,10.0,5.0,
2022-02-11T00:00:00,SPY,sell,1.1874520548466787,424.4639733893166,10.0,5.0,
2022-02-14T00:00:00,SPY,sell,1.3319139474709922,415.50061902392963,10.0,5.0,
2022-02-15T00:00:00,SPY,sell,0.22178860767339068,419.1015689683267,10.0,5.0,
2022-02-16T00:00:00,SPY,buy,1.0815020247263156,420.55565117513237,10.0,5.0,
2022-02-17T00:00:00,SPY,buy,0.07390535653155336,419.88024977398504,10.0,5.0,
2022-02-18T00:00:00,SPY,sell,1.4566996263894025,413.05409912766044,10.0,5.0,
2022-02-22T00:00:00,SPY,sell,0.4464365222033914,407.91800918880983,10.0,5.0,
2022-02-23T00:00:00,SPY,sell,0.7489201418753131,408.64455566025975,10.0,5.0,
2022-02-24T00:00:00,SPY,sell,1.2660379015611862,388.20479692549185,10.0,5.0,
2022-02-25T00:00:00,SPY,buy,1.0704879379353052,406.98972406540054,10.0,5.0,
2022-02-28T00:00:00,SPY,buy,1.5186011444394787,409.28310731023305,10.0,5.0,
2022-03-01T00:00:00,SPY,sell,0.17983655482810754,410.89388537240444,10.0,5.0,
2022-03-02T00:00:00,SPY,sell,1.0609952854117557,408.36986599543377,10.0,5.0,
2022-03-03T00:00:00,SPY,buy,1.2623962020642203,417.27835731848336,10.0,5.0,
2022-03-04T00:00:00,SPY,sell,0.33969739562148715,407.78591340510815,10.0,5.0,
2022-03-07T00:00:00,SPY,sell,0.5625692445360158,407.5965015583061,10.0,5.0,
2022-03-08T00:00:00,SPY,sell,2.110378382733019,396.3262863454732,10.0,5.0,
2022-03-09T00:00:00,SPY,sell,0.5504967162675148,401.5423735414957,10.0,5.0,
2022-03-10T00:00:00,SPY,buy,1.898699136490207,400.2742559377921,10.0,5.0,
2022-03-11T00:00:00,SPY,sell,0.3242769808180342,404.3575304519643,10.0,5.0,
2022-03-14T00:00:00,SPY,sell,0.9128688140243258,397.527447136524,10.0,5.0,
2022-03-15T00:00:00,SPY,sell,0.5301188214732118,396.47037492588834,10.0,5.0,
2022-03-16T00:00:00,SPY,buy,1.5626637892319564,407.2558327707712,10.0,5.0,
2022-03-17T00:00:00,SPY,buy,1.5376653526532642,410.76094459554855,10.0,5.0,
2022-03-18T00:00:00,SPY,buy,0.8486534639099907,416.22669406741824,10.0,5.0,
2022-03-21T00:00:00,SPY,buy,0.7331807899024256,422.2512672876118,10.0,5.0,
2022-03-22T00:00:00,SPY,sell,0.01934483277125078,422.42263388563794,10.0,5.0,
2022-03-23T00:00:00,SPY,buy,0.7729039173548496,424.6937601806676,10.0,5.0,
2022-03-24T00:00:00,SPY,sell,0.8600990588839635,422.49524378147186,10.0,5.0,
2022-03-25T00:00:00,SPY,buy,0.9933135403806423,428.7330755463152,10.0,5.0,
2022-03-28T00:00:00,SPY,buy,0.320002477744742,429.58654053676815,10.0,5.0,
2022-03-29T00:00:00,SPY,buy,0.4611607128683374,437.1514308744771,10.0,5.0,
2022-03-30T00:00:00,SPY,buy,0.7920331991830235,437.45649056820895,10.0,5.0,
2022-03-31T00:00:00,SPY,sell,0.3961737687705224,433.8181904302012,10.0,5.0,
2022-04-01T00:00:00,SPY,sell,1.0035765165216912,429.47723683943195,10.0,5.0,
2022-04-04T00:00:00,SPY,buy,0.18448469812481352,430.6028821593464,10.0,5.0,
2022-04-05T00:00:00,SPY,buy,0.5542798082524111,432.5904591856425,10.0,5.0,
2022-04-06T00:00:00,SPY,sell,0.82610232128179,423.3950177587409,10.0,5.0,
2022-04-07T00:00:00,SPY,sell,0.6602145732629111,422.1637740465514,10.0,5.0,
2022-04-08T00:00:00,SPY,buy,0.33355373327405013,425.7000954589845,10.0,5.0,
2022-04-11T00:00:00,SPY,sell,0.17696072224781928,420.76331052014024,10.0,5.0,
2022-04-12T00:00:00,SPY,sell,1.1510402748605777,419.78454529044296,10.0,5.0,
2022-04-13T00:00:00,SPY,sell,0.25324503300029516,415.0025806345043,10.0,5.0,
2022-04-14T00:00:00,SPY,buy,0.7698330468776099,421.50131177800205,10.0,5.0,
2022-04-18T00:00:00,SPY,sell,0.844487675527517,413.844839122932,10.0,5.0,
2022-04-19T00:00:00,SPY,buy,0.028760906310369663,416.0909043906948,10.0,5.0,
2022-04-20T00:00:00,SPY,buy,1.0807113885925728,424.7047101902122,10.0,5.0,
2022-04-21T00:00:00,SPY,sell,0.04790920664001319,424.9613811541674,10.0,5.0,
2022-04-22T00:00:00,SPY,sell,1.0132051196821636,413.9392356108999,10.0,5.0,
2022-04-25T00:00:00,SPY,sell,1.9175343117631793,401.3938013853698,10.0,5.0,
2022-04-26T00:00:00,SPY,buy,0.4091609885097514,404.6610374589555,10.0,5.0,
2022-04-27T00:00:00,SPY,sell,2.084899539154606,395.3017654660615,10.0,5.0,
2022-04-28T00:00:00,SPY,buy,0.20261666990129937,401.2961009760932,10.0,5.0,
2022-04-29T00:00:00,SPY,buy,1.780507181366771,402.5351732069138,10.0,5.0,
2022-05-02T00:00:00,SPY,sell,2.6906541845117182,390.4030324414851,10.0,5.0,
2022-05-03T00:00:00,SPY,buy,0.4399574230852377,394.3788096511484,10.0,5.0,
2022-05-04T00:00:00,SPY,buy,0.33263687429464645,396.3455246411815,10.0,5.0,
2022-05-05T00:00:00,SPY,buy,2.1403073988664176,403.4476470075067,10.0,5.0,
2022-05-06T00:00:00,SPY,sell,2.575055371109813,389.48454139332955,10.0,5.0,
2022-05-09T00:00:00,SPY,sell,0.43286658158246855,383.80345023450565,10.0,5.0,
2022-05-10T00:00:00,SPY,sell,2.4292047733973425,383.2224747227998,10.0,5.0,
2022-05-11T00:00:00,SPY,buy,0.1677539721593716,378.27989272970825,10.0,5.0,
2022-05-12T00:00:00,SPY,sell,1.2321365935465742,368.89903880888573,10.0,5.0,
2022-05-13T00:00:00,SPY,sell,0.07825642180662808,375.855880008174,10.0,5.0,
2022-05-16T00:00:00,SPY,buy,1.8202242467821128,380.0981067949635,10.0,5.0,
2022-05-17T00:00:00,SPY,sell,0.30964896981641776,385.15872409265216,10.0,5.0,
2022-05-18T00:00:00,SPY,buy,1.5322486169438665,383.44277673078597,10.0,5.0,
2022-05-19T00:00:00,SPY,sell,3.1191807636490365,368.18634678651074,10.0,5.0,
2022-05-20T00:00:00,SPY,sell,0.47337251498973926,372.57645854888824,10.0,5.0,
2022-05-23T00:00:00,SPY,buy,0.033353456645070695,373.29955472059925,10.0,5.0,
2022-05-24T00:00:00,SPY,buy,1.4438355282104505,373.0464062946287,10.0,5.0,
2022-05-25T00:00:00,SPY,sell,0.5942650674060991,371.68552884363686,10.0,5.0,
2022-05-26T00:00:00,SPY,buy,0.6799357144309346,378.85145964982485,10.0,5.0,
2022-05-27T00:00:00,SPY,buy,1.503279915007174,387.6336710769986,10.0,5.0,
2022-05-31T00:00:00,SPY,buy,1.795622827337037,392.99382818391,10.0,5.0,
2022-06-01T00:00:00,SPY,sell,0.41068800725289206,393.34402562965016,10.0,5.0,
2022-06-02T00:00:00,SPY,sell,0.5963959421908854,387.8958612380928,10.0,5.0,
2022-06-03T00:00:00,SPY,buy,1.3800403530342502,391.90058299709347,10.0,5.0,
2022-06-06T00:00:00,SPY,sell,1.2068097685187162,392.97261833167556,10.0,5.0,
2022-06-07T00:00:00,SPY,buy,0.2208250774948832,387.8117205261526,10.0,5.0,
2022-06-08T00:00:00,SPY,buy,0.6963939858860893,393.35348586007285,10.0,5.0,
2022-06-09T00:00:00,SPY,sell,0.797049421205071,387.8191788164664,10.0,5.0,
2022-06-10T00:00:00,SPY,sell,1.7885600757457731,374.1177080766823,10.0,5.0,
2022-06-13T00:00:00,SPY,sell,2.25233479647077,359.87750762311043,10.0,5.0,
2022-06-14T00:00:00,SPY,sell,3.0829780095943136,357.0345043279163,10.0,5.0,
2022-06-15T00:00:00,SPY,sell,0.25158576260243615,357.5221442927322,10.0,5.0,
2022-06-16T00:00:00,SPY,buy,1.1617146665493687,352.09257058509064,10.0,5.0,
2022-06-17T00:00:00,SPY,sell,2.7869218584786055,347.78705354333835,10.0,5.0,
2022-06-21T00:00:00,SPY,buy,0.1824394486500849,354.92821255848276,10.0,5.0,
2022-06-22T00:00:00,SPY,buy,2.0754508397556126,353.7197007933441,10.0,5.0,
2022-06-23T00:00:00,SPY,sell,0.15413910129069866,358.38182289735204,10.0,5.0,
2022-06-24T00:00:00,SPY,buy,0.7966781414114709,364.00615679134677,10.0,5.0,
2022-06-27T00:00:00,SPY,buy,2.5007406034021216,373.218853713535,10.0,5.0,
2022-06-28T00:00:00,SPY,sell,0.29641554264562603,371.3123891222157,10.0,5.0,
2022-06-29T00:00:00,SPY,sell,1.6342226429641087,362.7460009916572,10.0,5.0,
2022-06-30T00:00:00,SPY,sell,0.06550141872481911,358.00167968546697,10.0,5.0,
2022-07-01T00:00:00,SPY,sell,0.6588409558685352,358.3041450051677,10.0,5.0,
2022-07-05T00:00:00,SPY,buy,0.8512461705207856,358.7381048256667,10.0,5.0,
2022-07-06T00:00:00,SPY,buy,0.14854403795105464,364.6819352438727,10.0,5.0,
2022-07-07T00:00:00,SPY,buy,0.26945858623983904,367.55511404167567,10.0,5.0,
2022-07-08T00:00:00,SPY,buy,1.176431785503095,369.60925068909114,10.0,5.0,
2022-07-11T00:00:00,SPY,sell,0.06525451455393301,367.1458264382031,10.0,5.0,
2022-07-12T00:00:00,SPY,sell,0.9047453281502925,365.0497408987957,10.0,5.0,
2022-07-13T00:00:00,SPY,sell,0.7085375793064309,356.91459866454454,10.0,5.0,
2022-07-14T00:00:00,SPY,sell,0.4211295532321581,355.4976115003688,10.0,5.0,
2022-07-15T00:00:00,SPY,sell,0.1951996575940438,364.0049662856822,10.0,5.0,
2022-07-18T00:00:00,SPY,buy,1.5197572220754574,370.6696953717889,10.0,5.0,
2022-07-19T00:00:00,SPY,sell,0.6555230531996749,367.3622858994082,10.0,5.0,
2022-07-20T00:00:00,SPY,buy,2.103567879599171,374.5742494214171,10.0,5.0,
2022-07-21T00:00:00,SPY,buy,0.49113574068819815,376.18392067784214,10.0,5.0,
2022-07-22T00:00:00,SPY,buy,0.7738785198161156,380.72767117106014,10.0,5.0,
2022-07-25T00:00:00,SPY,sell,0.7095417350854157,376.5631972823995,10.0,5.0,
2022-07-26T00:00:00,SPY,buy,0.0930334462488697,375.87687499490966,10.0,5.0,
2022-07-27T00:00:00,SPY,sell,0.9168579094793599,375.2400991043713,10.0,5.0,
2022-07-28T00:00:00,SPY,buy,1.9653989607297901,383.56473084806424,10.0,5.0,
2022-07-29T00:00:00,SPY,buy,0.9340664009001127,388.9932264888876,10.0,5.0,
2022-08-01T00:00:00,SPY,buy,1.0658996600826196,390.4919307152321,10.0,5.0,
2022-08-02T00:00:00,SPY,sell,0.21756176006565778,389.28663574684913,10.0,5.0,
2022-08-03T00:00:00,SPY,sell,0.4847322998517037,390.40838550917624,10.0,5.0,
2022-08-04T00:00:00,SPY,buy,1.1349469501351546,395.47423797327247,10.0,5.0,
2022-08-05T00:00:00,SPY,sell,0.048443853320961926,389.80166942124896,10.0,5.0,
2022-08-08T00:00:00,SPY,sell,0.12223346359525625,395.1200308563799,10.0,5.0,
2022-08-09T00:00:00,SPY,sell,0.08428241172725272,392.23722621983035,10.0,5.0,
2022-08-10T00:00:00,SPY,sell,0.2891356502090675,398.4779264076282,10.0,5.0,
2022-08-11T00:00:00,SPY,buy,1.4985737110624284,403.7019959310982,10.0,5.0,
2022-08-12T00:00:00,SPY,buy,0.0032478897456923546,402.7799601567757,10.0,5.0,
2022-08-15T00:00:00,SPY,buy,1.1824047280313188,405.40024142211183,10.0,5.0,
2022-08-16T00:00:00,SPY,buy,0.28424169944848543,408.22241655433265,10.0,5.0,
2022-08-17T00:00:00,SPY,buy,0.135185007497015,406.4845964564958,10.0,5.0,
2022-08-18T00:00:00,SPY,sell,0.4936760409657798,406.16528030482675,10.0,5.0,
2022-08-19T00:00:00,SPY,buy,0.20194087689559306,405.5974777501713,10.0,5.0,
2022-08-22T00:00:00,SPY,sell,0.9454081920651028,396.8295309120145,10.0,5.0,
2022-08-23T00:00:00,SPY,sell,1.4974387260530315,392.879628192522,10.0,5.0,
2022-08-24T00:00:00,SPY,sell,0.17469006369899512,392.13187514956377,10.0,5.0,
2022-08-25T00:00:00,SPY,buy,0.23194623118961658,396.3017951439576,10.0,5.0,
2022-08-26T00:00:00,SPY,buy,1.0077672036432097,400.26524977360685,10.0,5.0,
2022-08-29T00:00:00,SPY,sell,2.491033662327591,382.6966474765974,10.0,5.0,
2022-08-30T00:00:00,SPY,sell,0.4883052114123767,384.27091112062277,10.0,5.0,
2022-08-31T00:00:00,SPY,sell,0.8308405346377268,380.54005980083167,10.0,5.0,
2022-09-01T00:00:00,SPY,sell,0.582317018626545,373.8421039884119,10.0,5.0,
2022-09-02T00:00:00,SPY,buy,0.240661862566269,382.023997390487,10.0,5.0,
2022-09-06T00:00:00,SPY,sell,0.8124309507966296,374.069899032933,10.0,5.0,
2022-09-07T00:00:00,SPY,sell,0.2929924357907649,371.5024879301573,10.0,5.0,
2022-09-08T00:00:00,SPY,buy,1.3711129549826562,377.36004017659855,10.0,5.0,
2022-09-09T00:00:00,SPY,buy,0.49178631650220533,384.37268105234307,10.0,5.0,
2022-09-12T00:00:00,SPY,buy,1.1536208455178463,390.13899209302343,10.0,5.0,
2022-09-13T00:00:00,SPY,buy,0.787894775504748,383.50497023176433,10.0,5.0,
2022-09-14T00:00:00,SPY,sell,3.3194661129283247,375.3411806254839,10.0,5.0,
2022-09-15T00:00:00,SPY,buy,0.2913725084330326,375.0379162452402,10.0,5.0,
2022-09-16T00:00:00,SPY,sell,0.8811225834843764,367.0174003224341,10.0,5.0,
2022-09-19T00:00:00,SPY,sell,0.5953574165873177,365.22190259731946,10.0,5.0,
2022-09-20T00:00:00,SPY,buy,0.6060076133091099,369.00872880674046,10.0,5.0,
2022-09-21T00:00:00,SPY,sell,0.9045605057383097,368.89961382713454,10.0,5.0,
2022-09-22T00:00:00,SPY,sell,1.4021370333144256,359.79354485836745,10.0,5.0,
2022-09-23T00:00:00,SPY,sell,0.6821813655964458,354.0623969366247,10.0,5.0,
2022-09-26T00:00:00,SPY,sell,1.3874607510122474,350.07705443932406,10.0,5.0,
2022-09-27T00:00:00,SPY,sell,0.8299909717210355,351.6162937565585,10.0,5.0,
2022-09-28T00:00:00,SPY,sell,0.21757111967015397,348.14014805113334,10.0,5.0,
2022-09-29T00:00:00,SPY,buy,1.6320385861131321,351.52102882235243,10.0,5.0,
2022-09-30T00:00:00,SPY,sell,1.7645244552572734,345.6721636373609,10.0,5.0,
2022-10-03T00:00:00,SPY,sell,1.3291414753014987,344.98490149821123,10.0,5.0,
2022-10-04T00:00:00,SPY,buy,2.2195335197748425,356.8786739423486,10.0,5.0,
2022-10-05T00:00:00,SPY,buy,2.5229166749761625,357.82789126472323,10.0,5.0,
2022-10-06T00:00:00,SPY,sell,0.19451560933339618,358.8792494764039,10.0,5.0,
2022-10-07T00:00:00,SPY,sell,0.841135279236793,352.52397396070353,10.0,5.0,
2022-10-10T00:00:00,SPY,sell,2.34365151094184,347.73527804293855,10.0,5.0,
2022-10-11T00:00:00,SPY,sell,0.6526993096185442,342.272688092638,10.0,5.0,
2022-10-12T00:00:00,SPY,sell,0.5439830502804988,342.20601820232025,10.0,5.0,
2022-10-13T00:00:00,SPY,sell,0.2852348601122248,333.6460734720156,10.0,5.0,
2022-10-14T00:00:00,SPY,buy,2.2270910468429124,353.18914027860734,10.0,5.0,
2022-10-17T00:00:00,SPY,sell,1.9486737503468925,347.7835640635949,10.0,5.0,
2022-10-18T00:00:00,SPY,buy,2.152020219497331,359.4947730362981,10.0,5.0,
2022-10-19T00:00:00,SPY,buy,0.9827703967586441,353.60901082912767,10.0,5.0,
2022-10-20T00:00:00,SPY,sell,0.5883678379986302,351.6264411572767,10.0,5.0,
2022-10-21T00:00:00,SPY,sell,0.7016525573911425,348.84596203784025,10.0,5.0,
2022-10-24T00:00:00,SPY,buy,1.9909569967884182,360.22294327270663,10.0,5.0,
2022-10-25T00:00:00,SPY,buy,0.9869928818677884,363.0006325305325,10.0,5.0,
2022-10-26T00:00:00,SPY,buy,1.2605416614952123,365.7131553569643,10.0,5.0,
2022-10-27T00:00:00,SPY,sell,0.5989486368229329,365.9960463393069,10.0,5.0,
2022-10-28T00:00:00,SPY,sell,0.4261845838802621,362.93908141206845,10.0,5.0,
2022-10-31T00:00:00,SPY,buy,1.8565281483460991,370.33324464316263,10.0,5.0,
2022-11-01T00:00:00,SPY,sell,0.5667532761767409,372.7508715540643,10.0,5.0,
2022-11-02T00:00:00,SPY,sell,0.34524842191261695,366.7896441010055,10.0,5.0,
2022-11-03T00:00:00,SPY,sell,2.0257379035999783,354.9107286083184,10.0,5.0,
2022-11-04T00:00:00,SPY,sell,0.8397573524459981,360.1961051996132,10.0,5.0,
2022-11-07T00:00:00,SPY,buy,1.164526290866552,361.96597941215964,10.0,5.0,
2022-11-08T00:00:00,SPY,buy,0.7673314669638915,365.22351921408693,10.0,5.0,
2022-11-09T00:00:00,SPY,buy,0.4294964760076184,364.0919228099276,10.0,5.0,
2022-11-10T00:00:00,SPY,sell,1.6692529468090769,370.7521052136718,10.0,5.0,
2022-11-11T00:00:00,SPY,buy,4.227222592289742,379.1046904893074,10.0,5.0,
2022-11-14T00:00:00,SPY,buy,0.7338111795372567,380.1253552567,10.0,5.0,
2022-11-15T00:00:00,SPY,sell,0.6459468313702104,383.26992306170916,10.0,5.0,
2022-11-16T00:00:00,SPY,buy,0.6407512672519079,380.24013842279936,10.0,5.0,
2022-11-17T00:00:00,SPY,sell,0.5787359108804133,373.05654385635285,10.0,5.0,
2022-11-18T00:00:00,SPY,sell,0.23106655724993913,380.0131299711697,10.0,5.0,
2022-11-21T00:00:00,SPY,buy,0.3441561637067714,378.18850384788146,10.0,5.0,
2022-11-22T00:00:00,SPY,sell,0.27681845138436245,378.9524713987272,10.0,5.0,
2022-11-23T00:00:00,SPY,buy,1.0109541147338945,382.89560771394895,10.0,5.0,
2022-11-25T00:00:00,SPY,buy,0.4691306470342837,385.07929785679255,10.0,5.0,
2022-11-28T00:00:00,SPY,sell,0.016617358267573535,381.30437476106505,10.0,5.0,
2022-11-29T00:00:00,SPY,sell,1.2052019460076795,378.39576467267443,10.0,5.0,
2022-11-30T00:00:00,SPY,sell,0.1301051706223875,377.8638706232649,10.0,5.0,
2022-12-01T00:00:00,SPY,buy,2.320763284653731,391.7338136809003,10.0,5.0,
2022-12-02T00:00:00,SPY,sell,0.051376802092790816,384.32323039066955,10.0,5.0,
2022-12-05T00:00:00,SPY,sell,0.08431450307146933,385.9471043484162,10.0,5.0,
2022-12-06T00:00:00,SPY,sell,1.3419079618592373,381.6152709859531,10.0,5.0,
2022-12-07T00:00:00,SPY,sell,1.0953834082608147,375.42460310542765,10.0,5.0,
2022-12-08T00:00:00,SPY,sell,0.12900340383032113,377.5294538062717,10.0,5.0,
2022-12-09T00:00:00,SPY,buy,0.5942917393815863,378.4769879732015,10.0,5.0,
2022-12-12T00:00:00,SPY,sell,0.5702173958229418,376.543592775141,10.0,5.0,
2022-12-13T00:00:00,SPY,buy,1.0863102923845591,393.1212958311292,10.0,5.0,
2022-12-14T00:00:00,SPY,buy,0.5721359908227868,384.8689002332157,10.0,5.0,
2022-12-15T00:00:00,SPY,sell,0.4784400097884652,376.72544878170237,10.0,5.0,
2022-12-16T00:00:00,SPY,sell,1.8780274175879,369.6992463492087,10.0,5.0,
2022-12-19T00:00:00,SPY,sell,0.919674234635809,368.05960993824976,10.0,5.0,
2022-12-20T00:00:00,SPY,sell,0.6708015559873272,363.99060372185943,10.0,5.0,
2022-12-21T00:00:00,SPY,buy,0.10896752528900543,368.9588662397495,10.0,5.0,
2022-12-22T00:00:00,SPY,buy,1.1665042247043316,368.76929319660996,10.0,5.0,
2022-12-23T00:00:00,SPY,sell,1.1266046263104823,364.3928400801717,10.0,5.0,
2022-12-27T00:00:00,SPY,buy,0.4536864628319838,368.5173509329973,10.0,5.0,
2022-12-28T00:00:00,SPY,sell,0.3108411433131815,366.0072446893544,10.0,5.0,
2022-12-29T00:00:00,SPY,sell,0.9932293858090943,364.3738774421267,10.0,5.0,
2022-12-30T00:00:00,SPY,buy,1.4161696263999288,366.44964478209505,10.0,5.0,
2023-01-03T00:00:00,SPY,sell,0.20914194838630618,368.9255328472967,10.0,5.0,
2023-01-04T00:00:00,SPY,sell,0.33276399840626913,367.7828312677135,10.0,5.0,
2023-01-05T00:00:00,SPY,buy,0.6054771670343454,367.48766764435106,10.0,5.0,
2023-01-06T00:00:00,SPY,sell,0.9049097633538139,367.2342489613385,10.0,5.0,
2023-01-09T00:00:00,SPY,buy,1.7797802087720052,375.8174225108287,10.0,5.0,
2023-01-10T00:00:00,SPY,sell,0.04050502180259139,371.69079700250035,10.0,5.0,
2023-01-11T00:00:00,SPY,buy,0.5382469346473415,377.6057207358241,10.0,5.0,
2023-01-12T00:00:00,SPY,buy,0.9576484289713365,381.88123214819973,10.0,5.0,
2023-01-13T00:00:00,SPY,buy,0.2746217446196656,378.9430946057192,10.0,5.0,
2023-01-17T00:00:00,SPY,buy,0.28965307334845086,383.6220143251846,10.0,5.0,
2023-01-18T00:00:00,SPY,sell,0.13700373635112484,382.97750088164116,10.0,5.0,
2023-01-19T00:00:00,SPY,sell,1.2012562110496525,373.71211218395916,10.0,5.0,
2023-01-20T00:00:00,SPY,sell,0.5580307856825222,374.4239091549017,10.0,5.0,
2023-01-23T00:00:00,SPY,buy,1.4093589797649606,381.9303747977402,10.0,5.0,
2023-01-24T00:00:00,SPY,buy,0.894273581257763,384.00893897572604,10.0,5.0,
2023-01-25T00:00:00,SPY,sell,0.0803522581699398,380.0408667244535,10.0,5.0,
2023-01-26T00:00:00,SPY,buy,0.02807100303745555,388.0969126729682,10.0,5.0,
2023-01-27T00:00:00,SPY,buy,0.8073951101269039,388.6103888768732,10.0,5.0,
2023-01-30T00:00:00,SPY,buy,0.16769355086359206,387.78027376388303,10.0,5.0,
2023-01-31T00:00:00,SPY,sell,0.9283906646240901,385.0097855092628,10.0,5.0,
2023-02-01T00:00:00,SPY,buy,1.0753337947828077,390.1031905888518,10.0,5.0,
2023-02-02T00:00:00,SPY,buy,0.7658037712041224,399.3926851330136,10.0,5.0,
2023-02-03T00:00:00,SPY,buy,1.033873093002896,396.2451886459811,10.0,5.0,
2023-02-06T00:00:00,SPY,sell,0.7614980831260922,393.3222314536681,10.0,5.0,
2023-02-07T00:00:00,SPY,sell,0.43855775411171877,392.44007562390743,10.0,5.0,
2023-02-08T00:00:00,SPY,buy,0.931377167229281,397.7275531267269,10.0,5.0,
2023-02-09T00:00:00,SPY,sell,0.7852130675532162,397.756490617294,10.0,5.0,
2023-02-10T00:00:00,SPY,sell,0.6305469236874,389.55048665374716,10.0,5.0,
2023-02-13T00:00:00,SPY,buy,0.17002412752156715,393.47950026581583,10.0,5.0,
2023-02-14T00:00:00,SPY,buy,0.8414083385972836,395.90770975936215,10.0,5.0,
2023-02-15T00:00:00,SPY,sell,0.0333967742854554,393.86271799067663,10.0,5.0,
2023-02-16T00:00:00,SPY,buy,0.23148862529806058,393.5472189664341,10.0,5.0,
2023-02-17T00:00:00,SPY,sell,0.9947782790962287,389.74152560509947,10.0,5.0,
2023-02-21T00:00:00,SPY,sell,0.17972221023329074,386.86461897664697,10.0,5.0,
2023-02-22T00:00:00,SPY,sell,1.487239607803283,383.46348134658325,10.0,5.0,
2023-02-23T00:00:00,SPY,sell,0.10270179254388785,385.4254215859447,10.0,5.0,
2023-02-24T00:00:00,SPY,buy,0.39492333620328907,380.6763497294298,10.0,5.0,
2023-02-27T00:00:00,SPY,sell,0.8020256005021126,383.80086723129534,10.0,5.0,
2023-02-28T00:00:00,SPY,buy,0.2536905072942423,382.41833458717974,10.0,5.0,
2023-03-01T00:00:00,SPY,sell,0.2776593057231442,379.52163525631795,10.0,5.0,
2023-03-02T00:00:00,SPY,sell,0.28933867106943884,376.901288099299,10.0,5.0,
2023-03-03T00:00:00,SPY,buy,120.31812509994968,384.8493091386192,10.0,5.0,
2023-03-06T00:00:00,SPY,sell,0.8982766671519201,388.77243009678307,10.0,5.0,
2023-03-07T00:00:00,SPY,sell,0.030486892527899573,388.17107578323237,10.0,5.0,
2023-03-08T00:00:00,SPY,buy,0.688126296995426,383.5363361254334,10.0,5.0,
2023-03-09T00:00:00,SPY,sell,0.07317345206439269,383.6786778718316,10.0,5.0,
2023-03-10T00:00:00,SPY,buy,0.8395595583304074,376.41252045028455,10.0,5.0,
2023-03-13T00:00:00,SPY,buy,0.6631257427664545,367.5742517783135,10.0,5.0,
2023-03-14T00:00:00,SPY,buy,0.06688243877874807,375.938137562109,10.0,5.0,
2023-03-15T00:00:00,SPY,sell,0.7456982208969452,370.38320908354996,10.0,5.0,
2023-03-16T00:00:00,SPY,buy,0.28191723195785096,372.39625689516527,10.0,5.0,
2023-03-17T00:00:00,SPY,sell,0.784099463312837,378.8590216465903,10.0,5.0,
2023-03-20T00:00:00,SPY,buy,0.530289651853179,377.6644282843072,10.0,5.0,
2023-03-21T00:00:00,SPY,sell,0.43194888081580946,382.7330161142704,10.0,5.0,
2023-03-22T00:00:00,SPY,sell,0.5821708113310596,384.16825112523406,10.0,5.0,
2023-03-23T00:00:00,SPY,buy,0.772186562153725,381.8107831418592,10.0,5.0,
2023-03-24T00:00:00,SPY,sell,0.12341480367475106,377.5313040027119,10.0,5.0,
2023-03-27T00:00:00,SPY,sell,0.29370210475333125,383.581354911354,10.0,5.0,
2023-03-28T00:00:00,SPY,sell,0.08331104857576914,381.31804676548416,10.0,5.0,
2023-03-29T00:00:00,SPY,buy,0.10060132359555589,386.48610801415214,10.0,5.0,
2023-03-30T00:00:00,SPY,sell,0.6424720491307453,389.3323451553366,10.0,5.0,
2023-03-31T00:00:00,SPY,sell,0.2572689141920347,389.8825835560678,10.0,5.0,
2023-04-03T00:00:00,SPY,sell,0.6135385956049174,393.9185246075717,10.0,5.0,
2023-04-04T00:00:00,SPY,sell,0.16627543966458028,396.5888094931966,10.0,5.0,
2023-04-05T00:00:00,SPY,buy,0.24304262409041677,394.198555826635,10.0,5.0,
2023-04-06T00:00:00,SPY,buy,0.1148611401277866,393.09628318533004,10.0,5.0,
2023-04-10T00:00:00,SPY,sell,0.17030135586729972,391.761611790088,10.0,5.0,
2023-04-11T00:00:00,SPY,sell,0.0451374775838115,395.2791417472918,10.0,5.0,
2023-04-12T00:00:00,SPY,sell,0.01172648178860815,396.8307934828592,10.0,5.0,
2023-04-13T00:00:00,SPY,buy,0.17869786017001563,395.4256892740004,10.0,5.0,
2023-04-14T00:00:00,SPY,sell,0.5742745625306748,397.73361047489504,10.0,5.0,
2023-04-17T00:00:00,SPY,buy,0.10573389734188994,398.5081687044859,10.0,5.0,
2023-04-18T00:00:00,SPY,sell,0.15536230562903366,400.4039852015653,10.0,5.0,
2023-04-19T00:00:00,SPY,sell,0.02814701118759227,397.16766853136477,10.0,5.0,
2023-04-20T00:00:00,SPY,buy,0.007277707312096877,397.3861011912952,10.0,5.0,
2023-04-21T00:00:00,SPY,buy,0.2376595096597317,398.33500375879487,10.0,5.0,
2023-04-24T00:00:00,SPY,sell,0.033892687999293784,396.9459806684051,10.0,5.0,
2023-04-25T00:00:00,SPY,sell,0.04531391131635853,395.58732939848346,10.0,5.0,
2023-04-26T00:00:00,SPY,buy,0.7004534288159334,393.05048339061096,10.0,5.0,
2023-04-27T00:00:00,SPY,buy,0.1864265600067678,393.31923336501126,10.0,5.0,
2023-04-28T00:00:00,SPY,sell,0.8610917234390068,396.4608487428605,10.0,5.0,
2023-05-01T00:00:00,SPY,sell,0.3685058506330134,400.29687274630516,10.0,5.0,
2023-05-02T00:00:00,SPY,buy,0.04340248373546325,400.82693255105323,10.0,5.0,
2023-05-03T00:00:00,SPY,buy,0.49112453314797205,397.5338109679852,10.0,5.0,
2023-05-04T00:00:00,SPY,buy,0.3008156449120483,393.2520665603487,10.0,5.0,
2023-05-05T00:00:00,SPY,buy,0.3125259768076742,395.1655064984541,10.0,5.0,
2023-05-08T00:00:00,SPY,sell,0.8011992837795563,397.8870414541889,10.0,5.0,
2023-05-09T00:00:00,SPY,sell,0.01171286312206978,396.1177645460508,10.0,5.0,
2023-05-10T00:00:00,SPY,buy,0.19125625404401797,399.9679552002587,10.0,5.0,
2023-05-11T00:00:00,SPY,sell,0.20303659254595668,396.90630303431925,10.0,5.0,
2023-05-12T00:00:00,SPY,buy,0.07566221037804564,399.52271059703605,10.0,5.0,
2023-05-15T00:00:00,SPY,buy,0.05694663822141428,398.3628343227491,10.0,5.0,
2023-05-16T00:00:00,SPY,sell,0.14965284538879764,396.81980029073895,10.0,5.0,
2023-05-17T00:00:00,SPY,buy,0.2918389483855447,398.48978549657727,10.0,5.0,
2023-05-18T00:00:00,SPY,sell,0.5236490547765393,399.74730663081647,10.0,5.0,
2023-05-19T00:00:00,SPY,sell,0.4127642850798069,404.8252486775286,10.0,5.0,
2023-05-22T00:00:00,SPY,buy,0.06261803461961227,404.56711219201526,10.0,5.0,
2023-05-23T00:00:00,SPY,sell,0.017471484356578162,401.8504093998019,10.0,5.0,
2023-05-24T00:00:00,SPY,buy,0.487507528434328,398.5581744435323,10.0,5.0,
2023-05-25T00:00:00,SPY,buy,0.31643923972853494,400.7995144969123,10.0,5.0,
2023-05-26T00:00:00,SPY,sell,0.37476612608939475,400.1621243208126,10.0,5.0,
2023-05-30T00:00:00,SPY,sell,0.5532676989003655,406.6168670841715,10.0,5.0,
2023-05-31T00:00:00,SPY,sell,0.015871747403588318,403.00661852325624,10.0,5.0,
2023-06-01T00:00:00,SPY,buy,0.23890530306807203,404.03666699094686,10.0,5.0,
2023-06-02T00:00:00,SPY,sell,0.40508720345216204,408.99720629422495,10.0,5.0,
2023-06-05T00:00:00,SPY,sell,0.6085459300128653,412.6383760705775,10.0,5.0,
2023-06-06T00:00:00,SPY,buy,0.08105591327476237,412.32725244506116,10.0,5.0,
2023-06-07T00:00:00,SPY,sell,0.0919732499334727,412.79480281888465,10.0,5.0,
2023-06-08T00:00:00,SPY,buy,0.14661076304399823,412.27942686089716,10.0,5.0,
2023-06-09T00:00:00,SPY,sell,0.2547945097398679,414.25834899264305,10.0,5.0,
2023-06-12T00:00:00,SPY,sell,0.07551681449102794,415.1843974731943,10.0,5.0,
2023-06-13T00:00:00,SPY,sell,0.3786689878364507,419.4221506284826,10.0,5.0,
2023-06-14T00:00:00,SPY,sell,0.2738383456328131,421.05090736414866,10.0,5.0,
2023-06-15T00:00:00,SPY,sell,0.04956753199095677,420.39705167837883,10.0,5.0,
2023-06-16T00:00:00,SPY,sell,0.5094002392415614,428.4260670572482,10.0,5.0,
2023-06-20T00:00:00,SPY,buy,0.14125804637878145,424.31565116227944,10.0,5.0,
2023-06-21T00:00:00,SPY,buy,0.21559654691755523,423.064805348212,10.0,5.0,
2023-06-22T00:00:00,SPY,buy,0.21367032124905969,420.92111566540973,10.0,5.0,
2023-06-23T00:00:00,SPY,sell,0.14972483558198119,418.6699094457296,10.0,5.0,
2023-06-26T00:00:00,SPY,buy,0.31598491137250573,419.631480806886,10.0,5.0,
2023-06-27T00:00:00,SPY,buy,0.1713285673872042,419.36891140554116,10.0,5.0,
2023-06-28T00:00:00,SPY,sell,0.4544666193018116,420.71875265903753,10.0,5.0,
2023-06-29T00:00:00,SPY,sell,0.021410710582886607,421.6011899281843,10.0,5.0,
2023-06-30T00:00:00,SPY,sell,0.16308077231729573,426.8995107507998,10.0,5.0,
2023-07-03T00:00:00,SPY,sell,0.4827788979472099,428.32938345404983,10.0,5.0,
2023-07-05T00:00:00,SPY,sell,0.04746392295156523,427.35485988792186,10.0,5.0,
2023-07-06T00:00:00,SPY,buy,0.06103146650018389,426.22588149749095,10.0,5.0,
2023-07-07T00:00:00,SPY,buy,0.3241912560185172,425.46114634605556,10.0,5.0,
2023-07-10T00:00:00,SPY,buy,0.10461511106544094,425.02344738215413,10.0,5.0,
2023-07-11T00:00:00,SPY,sell,0.10449819790473786,425.9425128341583,10.0,5.0,
2023-07-12T00:00:00,SPY,sell,0.2613905174165971,431.68597138354437,10.0,5.0,
2023-07-13T00:00:00,SPY,sell,0.3276513662954847,433.14584990874886,10.0,5.0,
2023-07-14T00:00:00,SPY,sell,0.3215577241412288,435.6408739703475,10.0,5.0,
2023-07-17T00:00:00,SPY,buy,0.025359709238724014,435.6439571307501,10.0,5.0,
2023-07-18T00:00:00,SPY,sell,0.14063796843991314,435.66111125869986,10.0,5.0,
2023-07-19T00:00:00,SPY,sell,0.299067396484594,440.0216511670982,10.0,5.0,
2023-07-20T00:00:00,SPY,sell,0.08942365655275927,439.21063603072605,10.0,5.0,
2023-07-21T00:00:00,SPY,buy,0.26870350928713344,440.33081172005103,10.0,5.0,
2023-07-24T00:00:00,SPY,sell,0.00036601225110313463,438.4384284764392,10.0,5.0,
2023-07-25T00:00:00,SPY,sell,0.17988203639881956,438.9681504619298,10.0,5.0,
2023-07-26T00:00:00,SPY,sell,0.10984588253246966,439.50055142949117,10.0,5.0,
2023-07-27T00:00:00,SPY,sell,0.00628589914766509,443.9019878944952,10.0,5.0,
2023-07-28T00:00:00,SPY,buy,0.26848093274541046,442.19315437993964,10.0,5.0,
2023-07-31T00:00:00,SPY,sell,0.3925434828766395,442.342088912997,10.0,5.0,
2023-08-01T00:00:00,SPY,sell,0.07631083400604961,441.2415106627544,10.0,5.0,
2023-08-02T00:00:00,SPY,buy,0.1149130112119679,439.6412127171746,10.0,5.0,
2023-08-03T00:00:00,SPY,buy,0.5667030965761308,434.5897569198979,10.0,5.0,
2023-08-04T00:00:00,SPY,buy,0.11709476506794317,437.1871201058184,10.0,5.0,
2023-08-07T00:00:00,SPY,buy,0.18462695842518972,435.23797350514417,10.0,5.0,
2023-08-08T00:00:00,SPY,sell,0.353413616586034,433.31966457159416,10.0,5.0,
2023-08-09T00:00:00,SPY,buy,0.17644894647584564,435.54837335277233,10.0,5.0,
2023-08-10T00:00:00,SPY,buy,0.2736749101141363,434.7340697892069,10.0,5.0,
2023-08-11T00:00:00,SPY,sell,0.015145515461163606,429.3474954021253,10.0,5.0,
2023-08-14T00:00:00,SPY,buy,0.023828231161038643,431.34701582473724,10.0,5.0,
2023-08-15T00:00:00,SPY,sell,0.22447920382742753,431.56990367654856,10.0,5.0,
2023-08-16T00:00:00,SPY,buy,0.4796503762562832,429.1768376730687,10.0,5.0,
2023-08-17T00:00:00,SPY,buy,0.303633237138578,427.9152068217206,10.0,5.0,
2023-08-18T00:00:00,SPY,buy,0.31680664504045136,420.35908835658864,10.0,5.0,
2023-08-21T00:00:00,SPY,sell,0.019575150853908097,423.13888779647334,10.0,5.0,
2023-08-22T00:00:00,SPY,sell,0.26847523580659594,426.6475093040983,10.0,5.0,
2023-08-23T00:00:00,SPY,buy,0.11243376942211883,426.06142898273606,10.0,5.0,
2023-08-24T00:00:00,SPY,sell,0.45630339839019946,430.0410780084882,10.0,5.0,
2023-08-25T00:00:00,SPY,buy,0.5774959308204154,425.5105784172692,10.0,5.0,
2023-08-28T00:00:00,SPY,sell,0.29136736353107595,427.67244598785175,10.0,5.0,
2023-08-29T00:00:00,SPY,sell,0.25990947934496933,428.0691090664715,10.0,5.0,
2023-08-30T00:00:00,SPY,sell,0.5856414901074055,434.70185531270766,10.0,5.0,
2023-08-31T00:00:00,SPY,sell,0.16686694523161832,436.77313417330726,10.0,5.0,
2023-09-01T00:00:00,SPY,buy,0.059392272204799194,439.56308604344105,10.0,5.0,
2023-09-05T00:00:00,SPY,sell,0.07565069740383473,435.88410070076696,10.0,5.0,
2023-09-06T00:00:00,SPY,buy,0.1758210576617026,434.93714859444094,10.0,5.0,
2023-09-07T00:00:00,SPY,buy,0.2751265424835841,429.8065145032841,10.0,5.0,
2023-09-08T00:00:00,SPY,buy,0.12619525759234942,431.5418931502321,10.0,5.0,
2023-09-11T00:00:00,SPY,sell,0.06162627365335199,433.4762194587134,10.0,5.0,
2023-09-12T00:00:00,SPY,sell,0.2671852393765316,432.22737688971864,10.0,5.0,
2023-09-13T00:00:00,SPY,buy,0.22418528385442643,432.8229434968817,10.0,5.0,
2023-09-14T00:00:00,SPY,sell,0.04771122856336987,434.27906278326003,10.0,5.0,
2023-09-15T00:00:00,SPY,sell,0.3490381168395241,433.9359803202207,10.0,5.0,
2023-09-18T00:00:00,SPY,buy,0.49435023681511653,431.26514821644247,10.0,5.0,
2023-09-19T00:00:00,SPY,sell,0.024094579028163064,429.6098857558627,10.0,5.0,
2023-09-20T00:00:00,SPY,buy,0.08502557304269645,432.1975236775558,10.0,5.0,
2023-09-21T00:00:00,SPY,buy,0.3802372121924238,424.1101930380879,10.0,5.0,
2023-09-22T00:00:00,SPY,buy,0.6941757657418418,420.9476471353451,10.0,5.0,
2023-09-25T00:00:00,SPY,buy,0.0935010025483697,417.7524071438405,10.0,5.0,
2023-09-26T00:00:00,SPY,sell,0.17528542124979482,416.4198840459416,10.0,5.0,
2023-09-27T00:00:00,SPY,buy,0.6218852510779467,415.7299469050727,10.0,5.0,
2023-09-28T00:00:00,SPY,sell,0.017514730808691564,412.9178257921682,10.0,5.0,
2023-09-29T00:00:00,SPY,sell,0.24317850529989732,418.9233841975175,10.0,5.0,
2023-10-02T00:00:00,SPY,buy,0.10254766552392242,415.2702085170641,10.0,5.0,
2023-10-03T00:00:00,SPY,buy,0.016751204011517522,413.7507950273238,10.0,5.0,
2023-10-04T00:00:00,SPY,buy,0.5711483925688022,410.84318333582974,10.0,5.0,
2023-10-05T00:00:00,SPY,sell,0.30779611833782744,411.8290111598698,10.0,5.0,
2023-10-06T00:00:00,SPY,buy,0.015777375046231997,410.7429892587211,10.0,5.0,
2023-10-09T00:00:00,SPY,sell,0.49635756932192976,414.9533320416803,10.0,5.0,
2023-10-10T00:00:00,SPY,sell,0.26749866961507707,420.1559083859206,10.0,5.0,
2023-10-11T00:00:00,SPY,sell,0.21608029340978419,422.77645388950964,10.0,5.0,
2023-10-12T00:00:00,SPY,sell,0.16953205450236816,424.04796577968693,10.0,5.0,
2023-10-13T00:00:00,SPY,buy,0.25419975446080684,423.63248623708705,10.0,5.0,
2023-10-16T00:00:00,SPY,buy,0.20807816822850822,422.2792504701247,10.0,5.0,
2023-10-17T00:00:00,SPY,sell,0.43545509972681823,420.0290940430046,10.0,5.0,
2023-10-18T00:00:00,SPY,buy,0.0009356115408131459,422.63750260658225,10.0,5.0,
2023-10-19T00:00:00,SPY,buy,0.5599540418797443,419.48684931775114,10.0,5.0,
2023-10-20T00:00:00,SPY,buy,0.37080846815230956,414.6483850610832,10.0,5.0,
2023-10-23T00:00:00,SPY,buy,0.5244805697776074,408.4482863573083,10.0,5.0,
2023-10-24T00:00:00,SPY,buy,0.07417688081307233,411.40552736855506,10.0,5.0,
2023-10-25T00:00:00,SPY,sell,0.318973109679168,409.4320294760888,10.0,5.0,
2023-10-26T00:00:00,SPY,buy,0.6165137580488477,405.37257684395763,10.0,5.0,
2023-10-27T00:00:00,SPY,buy,0.5193054560487006,403.17250694818665,10.0,5.0,
2023-10-30T00:00:00,SPY,buy,0.19608310139907337,402.55802975792335,10.0,5.0,
2023-10-31T00:00:00,SPY,sell,0.5127959863963705,403.8900485274057,10.0,5.0,
2023-11-01T00:00:00,SPY,sell,0.2682909222536865,406.8216509458329,10.0,5.0,
2023-11-02T00:00:00,SPY,sell,0.45139627630893064,413.98308226769024,10.0,5.0,
2023-11-03T00:00:00,SPY,sell,0.7972837453648339,420.3483225637123,10.0,5.0,
2023-11-06T00:00:00,SPY,sell,0.37754002804766207,422.6107658109978,10.0,5.0,
2023-11-07T00:00:00,SPY,sell,0.09537632588840637,422.82561418458,10.0,5.0,
2023-11-08T00:00:00,SPY,sell,0.11778801252975962,424.63053163414776,10.0,5.0,
2023-11-09T00:00:00,SPY,sell,0.030305647156058216,425.4853521785886,10.0,5.0,
2023-11-10T00:00:00,SPY,buy,0.32526643968135893,424.3822319950346,10.0,5.0,
2023-11-13T00:00:00,SPY,sell,0.6400863084697533,426.25882174778815,10.0,5.0,
2023-11-14T00:00:00,SPY,buy,0.038511778779666495,434.4454965374934,10.0,5.0,
2023-11-15T00:00:00,SPY,sell,0.7837559185229972,436.81707991536103,10.0,5.0,
2023-11-16T00:00:00,SPY,sell,0.08543554082243465,435.95615932886534,10.0,5.0,
2023-11-17T00:00:00,SPY,sell,0.04955700766906874,436.94635601053517,10.0,5.0,
2023-11-20T00:00:00,SPY,sell,0.05031135394230865,437.22782309717803,10.0,5.0,
2023-11-21T00:00:00,SPY,sell,0.30899909501322304,439.79789432757457,10.0,5.0,
2023-11-22T00:00:00,SPY,buy,0.08753898464402804,442.8756167425911,10.0,5.0,
2023-11-24T00:00:00,SPY,sell,0.15503209709063998,441.6328366557232,10.0,5.0,
2023-11-27T00:00:00,SPY,sell,0.024758751802455372,441.22640246427835,10.0,5.0,
2023-11-28T00:00:00,SPY,buy,0.07241753991724606,441.99953766528336,10.0,5.0,
2023-11-29T00:00:00,SPY,sell,0.03977985294066881,443.6524345588058,10.0,5.0,
2023-11-30T00:00:00,SPY,buy,0.028308579317659423,443.36175364594163,10.0,5.0,
2023-12-01T00:00:00,SPY,sell,0.15765358974349933,442.3119959070957,10.0,5.0,
2023-12-04T00:00:00,SPY,sell,0.23578663376672843,442.14657843854235,10.0,5.0,
2023-12-05T00:00:00,SPY,buy,0.20999674749831151,443.14917395491943,10.0,5.0,
2023-12-06T00:00:00,SPY,buy,0.007979769260157733,446.6027163120194,10.0,5.0,
2023-12-07T00:00:00,SPY,buy,0.16207622227369378,444.75495758875456,10.0,5.0,
2023-12-08T00:00:00,SPY,sell,0.30453565865340615,443.95127927411625,10.0,5.0,
2023-12-11T00:00:00,SPY,sell,0.1712700053615347,446.11619774152643,10.0,5.0,
2023-12-12T00:00:00,SPY,sell,0.1544174932463061,447.9990853759963,10.0,5.0,
2023-12-13T00:00:00,SPY,sell,0.18062964221635588,450.7744019796685,10.0,5.0,
2023-12-14T00:00:00,SPY,sell,0.5383335699960705,458.54619335412053,10.0,5.0,
2023-12-15T00:00:00,SPY,sell,0.12494203688801865,457.4745323743068,10.0,5.0,
2023-12-18T00:00:00,SPY,buy,0.06435676058615107,460.30852497939736,10.0,5.0,
2023-12-19T00:00:00,SPY,sell,0.21892674526213776,460.43602875004325,10.0,5.0,
2023-12-20T00:00:00,SPY,sell,0.23549763485050065,461.8294110324553,10.0,5.0,
2023-12-21T00:00:00,SPY,buy,0.5447889150158371,460.6531250507372,10.0,5.0,
2023-12-22T00:00:00,SPY,sell,0.36922229539584367,461.7314121384787,10.0,5.0,
2023-12-26T00:00:00,SPY,sell,0.07796477781298948,461.9378215890241,10.0,5.0,
2023-12-27T00:00:00,SPY,sell,0.16340042383232506,463.27206400641376,10.0,5.0,
2023-12-28T00:00:00,SPY,sell,0.0699856343207725,464.67590506009043,10.0,5.0,
2023-12-29T00:00:00,SPY,sell,0.01461433529298634,464.29669916837264,10.0,5.0,
2024-01-02T00:00:00,SPY,buy,0.11226488027079301,461.462181023935,10.0,5.0,
2024-01-03T00:00:00,SPY,sell,103.56605219170339,458.3415635686151,10.0,5.0,
2024-01-04T00:00:00,SPY,sell,0.3696464456515069,456.3138439536051,10.0,5.0,
2024-01-05T00:00:00,SPY,buy,104.73446303793611,456.9461875694343,10.0,5.0,
2024-01-08T00:00:00,SPY,sell,0.1076898234558051,456.44199324269914,10.0,5.0,
2024-01-09T00:00:00,SPY,sell,0.5527902509997359,459.7918420850528,10.0,5.0,
2024-01-10T00:00:00,SPY,buy,0.05804091338920774,463.41632792444955,10.0,5.0,
2024-01-11T00:00:00,SPY,sell,0.21880555876026625,465.36678159869473,10.0,5.0,
2024-01-12T00:00:00,SPY,buy,0.01711811475117001,467.01232575827595,10.0,5.0,
2024-01-16T00:00:00,SPY,sell,0.026845519220916637,463.0979723628897,10.0,5.0,
2024-01-17T00:00:00,SPY,buy,0.1426809718118565,461.1300593674437,10.0,5.0,
2024-01-18T00:00:00,SPY,buy,0.2172801219261536,463.2709135177252,10.0,5.0,
2024-01-19T00:00:00,SPY,sell,0.3440536075834391,465.42460747064143,10.0,5.0,
2024-01-22T00:00:00,SPY,sell,0.47695053132072796,471.6212940650222,10.0,5.0,
2024-01-23T00:00:00,SPY,sell,0.08078222567490999,471.62345535882406,10.0,5.0,
2024-01-24T00:00:00,SPY,sell,0.11145977869739097,475.325875481644,10.0,5.0,
2024-01-25T00:00:00,SPY,sell,0.04162602777527253,475.10244656340575,10.0,5.0,
2024-01-26T00:00:00,SPY,sell,0.2066651709541821,475.11087059581774,10.0,5.0,
2024-01-29T00:00:00,SPY,buy,0.04828267743662751,476.67874917510045,10.0,5.0,
2024-01-30T00:00:00,SPY,sell,0.29931371898219367,478.004318729439,10.0,5.0,
2024-01-31T00:00:00,SPY,buy,0.02908610984122934,477.54834189350345,10.0,5.0,
2024-02-01T00:00:00,SPY,buy,0.6285220293738837,473.6520944628666,10.0,5.0,
2024-02-02T00:00:00,SPY,sell,0.49637284324827063,477.11681197855995,10.0,5.0,
2024-02-05T00:00:00,SPY,sell,0.3958227161747057,481.06352343587,10.0,5.0,
2024-02-06T00:00:00,SPY,buy,0.13746304171996737,482.33843971029006,10.0,5.0,
2024-02-07T00:00:00,SPY,sell,0.10952763361680665,483.58888422695725,10.0,5.0,
2024-02-08T00:00:00,SPY,sell,0.3118466225482309,485.3512359986044,10.0,5.0,
2024-02-09T00:00:00,SPY,sell,0.01666082572890941,486.0746863303133,10.0,5.0,
2024-02-12T00:00:00,SPY,sell,0.21528583419471212,488.3431470239612,10.0,5.0,
2024-02-13T00:00:00,SPY,buy,0.016299586768157556,483.32422445136007,10.0,5.0,
2024-02-14T00:00:00,SPY,buy,0.5211794538347849,485.5363147486877,10.0,5.0,
2024-02-15T00:00:00,SPY,sell,0.340487507323379,486.51063813392744,10.0,5.0,
2024-02-16T00:00:00,SPY,sell,0.25664040165872176,488.85934271513094,10.0,5.0,
2024-02-20T00:00:00,SPY,buy,0.18634279128632905,486.4437000951883,10.0,5.0,
2024-02-21T00:00:00,SPY,buy,0.20713116393734873,484.19589778182166,10.0,5.0,
2024-02-22T00:00:00,SPY,sell,0.03392226925778234,491.11208896272456,10.0,5.0,
2024-02-23T00:00:00,SPY,sell,0.7608316122619014,496.2334405087546,10.0,5.0,
2024-02-26T00:00:00,SPY,sell,0.025098047326093657,495.2924524911106,10.0,5.0,
2024-02-27T00:00:00,SPY,buy,0.13578389018947545,495.2199207929665,10.0,5.0,
2024-02-28T00:00:00,SPY,sell,0.06878234143637071,492.39782486372997,10.0,5.0,
2024-02-29T00:00:00,SPY,buy,0.04887108350048704,496.5579960603353,10.0,5.0,
2024-03-01T00:00:00,SPY,sell,0.13268991738002828,495.9537808113648,10.0,5.0,
2024-03-04T00:00:00,SPY,sell,0.34344756797150633,498.92429323692903,10.0,5.0,
2024-03-05T00:00:00,SPY,buy,0.03910182846934786,498.67872040472326,10.0,5.0,
2024-03-06T00:00:00,SPY,buy,0.37049687155584665,498.9841827399496,10.0,5.0,
2024-03-07T00:00:00,SPY,sell,0.18717564684835697,500.00680868239704,10.0,5.0,
2024-03-08T00:00:00,SPY,sell,0.3618167287321945,502.26646050378037,10.0,5.0,
2024-03-11T00:00:00,SPY,buy,0.22076891564001247,498.9149425479498,10.0,5.0,
2024-03-12T00:00:00,SPY,buy,0.03166021972403519,501.81582970930253,10.0,5.0,
2024-03-13T00:00:00,SPY,sell,0.3912115729938117,503.87397476284434,10.0,5.0,
2024-03-14T00:00:00,SPY,buy,0.057155537207300475,505.2564259001397,10.0,5.0,
2024-03-15T00:00:00,SPY,buy,0.07225361332175374,500.1991278313537,10.0,5.0,
2024-03-18T00:00:00,SPY,buy,0.2528447275833745,503.9161647103099,10.0,5.0,
2024-03-19T00:00:00,SPY,sell,0.2177145974521167,500.5926398564655,10.0,5.0,
2024-03-20T00:00:00,SPY,sell,0.20233514127554966,504.13101553311463,10.0,5.0,
2024-03-21T00:00:00,SPY,sell,0.33395209411520044,511.57820256722295,10.0,5.0,
2024-03-22T00:00:00,SPY,sell,0.11883464494674267,510.3285314293769,10.0,5.0,
2024-03-25T00:00:00,SPY,buy,0.06850321095705476,509.6009481252511,10.0,5.0,
2024-03-26T00:00:00,SPY,buy,0.10015052350297353,511.00309406907473,10.0,5.0,
2024-03-27T00:00:00,SPY,buy,0.06692050409545501,511.4733940001524,10.0,5.0,
2024-03-28T00:00:00,SPY,sell,0.30238207691943286,511.40260197346254,10.0,5.0,
2024-04-01T00:00:00,SPY,buy,0.006778847119869088,513.5506974254548,10.0,5.0,
2024-04-02T00:00:00,SPY,buy,0.06282408360808268,508.07146156820454,10.0,5.0,
2024-04-03T00:00:00,SPY,buy,0.2310505593888004,507.5629161047473,10.0,5.0,
2024-04-04T00:00:00,SPY,sell,0.03975222754690305,511.70771021638325,10.0,5.0,
2024-04-05T00:00:00,SPY,buy,0.44785542819056795,504.3679730928753,10.0,5.0,
2024-04-08T00:00:00,SPY,sell,0.37860266536758164,507.43378649292623,10.0,5.0,
2024-04-09T00:00:00,SPY,sell,0.020295130637174315,508.75606614121045,10.0,5.0,
2024-04-10T00:00:00,SPY,sell,0.04190058363530976,501.89416568559363,10.0,5.0,
2024-04-11T00:00:00,SPY,buy,0.3664404270543953,505.56361610631296,10.0,5.0,
2024-04-12T00:00:00,SPY,sell,0.27394626173693826,502.7622352858068,10.0,5.0,
2024-04-15T00:00:00,SPY,buy,0.5076523348508098,505.0251259083451,10.0,5.0,
2024-04-16T00:00:00,SPY,buy,0.4642616455375528,495.0348047201642,10.0,5.0,
2024-04-17T00:00:00,SPY,buy,0.06739377521209182,496.12056936142073,10.0,5.0,
2024-04-18T00:00:00,SPY,buy,0.22071980307114644,492.13166439056215,10.0,5.0,
2024-04-19T00:00:00,SPY,buy,0.07658101988482834,489.64037065942415,10.0,5.0,
2024-04-22T00:00:00,SPY,buy,0.3285447539250069,488.0635721041669,10.0,5.0,
2024-04-23T00:00:00,SPY,sell,0.3433167304705627,490.456109504823,10.0,5.0,
2024-04-24T00:00:00,SPY,sell,0.4372672100908159,495.12778150121983,10.0,5.0,
2024-04-25T00:00:00,SPY,buy,0.017589310622022847,489.3846583826781,10.0,5.0,
2024-04-26T00:00:00,SPY,buy,0.14110882965141103,496.4154373982724,10.0,5.0,
2024-04-29T00:00:00,SPY,sell,0.3483956638053608,498.5783669057883,10.0,5.0,
2024-04-30T00:00:00,SPY,sell,0.12980093680223567,497.08424805113356,10.0,5.0,
2024-05-01T00:00:00,SPY,buy,0.5911755782219874,491.5451435256395,10.0,5.0,
2024-05-02T00:00:00,SPY,buy,0.12107557331907152,494.25843387151235,10.0,5.0,
2024-05-03T00:00:00,SPY,sell,0.3456553769185522,499.62429344881417,10.0,5.0,
2024-05-06T00:00:00,SPY,sell,0.4522503343881389,502.1552924011063,10.0,5.0,
2024-05-07T00:00:00,SPY,sell,0.3744688893556165,505.87959513434845,10.0,5.0,
2024-05-08T00:00:00,SPY,sell,0.04007171290970126,503.63402884138213,10.0,5.0,
2024-05-09T00:00:00,SPY,sell,0.003569250161402641,505.70697938084044,10.0,5.0,
2024-05-10T00:00:00,SPY,sell,0.20829095424378294,510.03448878544367,10.0,5.0,
2024-05-13T00:00:00,SPY,sell,0.046488420847845796,510.76911366029447,10.0,5.0,
2024-05-14T00:00:00,SPY,sell,0.004838565579710718,509.35282512866263,10.0,5.0,
2024-05-15T00:00:00,SPY,sell,0.16517442644433458,513.9640203393714,10.0,5.0,
2024-05-16T00:00:00,SPY,sell,0.44068727095351334,517.920840794917,10.0,5.0,
2024-05-17T00:00:00,SPY,buy,0.07347764586813325,518.4342478825216,10.0,5.0,
2024-05-20T00:00:00,SPY,sell,0.05136551047379223,517.620859585211,10.0,5.0,
2024-05-21T00:00:00,SPY,sell,0.04114153263609564,517.3375867619792,10.0,5.0,
2024-05-22T00:00:00,SPY,sell,0.08736168194598795,518.675898415797,10.0,5.0,
2024-05-23T00:00:00,SPY,buy,0.10283237194912083,522.5033815300541,10.0,5.0,
2024-05-24T00:00:00,SPY,buy,0.262537039372951,517.4950778345693,10.0,5.0,
2024-05-28T00:00:00,SPY,sell,0.23633496114296698,518.3030591692046,10.0,5.0,
2024-05-29T00:00:00,SPY,sell,0.024937525432287486,513.8190114936485,10.0,5.0,
2024-05-30T00:00:00,SPY,buy,0.25174891074435457,514.2304426048435,10.0,5.0,
2024-05-31T00:00:00,SPY,buy,0.23981268702760544,513.3185053696028,10.0,5.0,
2024-06-03T00:00:00,SPY,sell,0.3258253755171062,517.0806424165644,10.0,5.0,
2024-06-04T00:00:00,SPY,sell,0.029063233881334027,514.581292874191,10.0,5.0,
2024-06-05T00:00:00,SPY,sell,0.040012559899690714,518.7938328791537,10.0,5.0,
2024-06-06T00:00:00,SPY,sell,0.42023222232926033,522.9053980902876,10.0,5.0,
2024-06-07T00:00:00,SPY,buy,0.0005639828200366629,523.187470627683,10.0,5.0,
2024-06-10T00:00:00,SPY,buy,0.0431693642552706,522.7182707578484,10.0,5.0,
2024-06-11T00:00:00,SPY,sell,0.10933921799517426,522.0183240989898,10.0,5.0,
2024-06-12T00:00:00,SPY,sell,0.08521369917379276,529.4079725066799,10.0,5.0,
2024-06-13T00:00:00,SPY,sell,0.2878271408463676,530.891721745743,10.0,5.0,
2024-06-14T00:00:00,SPY,sell,0.07047487520163122,528.6752322425788,10.0,5.0,
2024-06-17T00:00:00,SPY,sell,0.02142088342699605,529.8489789369904,10.0,5.0,
2024-06-18T00:00:00,SPY,sell,0.2769021914420841,534.8112367626775,10.0,5.0,
2024-06-20T00:00:00,SPY,sell,0.0884377771758637,537.04175873991,10.0,5.0,
2024-06-21T00:00:00,SPY,buy,0.0947757310422862,535.4407118451336,10.0,5.0,
2024-06-24T00:00:00,SPY,buy,0.046810694502176814,535.3711487350078,10.0,5.0,
2024-06-25T00:00:00,SPY,buy,0.11380379026615488,535.037788246875,10.0,5.0,
2024-06-26T00:00:00,SPY,sell,0.13432288033756906,533.135439916291,10.0,5.0,
2024-06-27T00:00:00,SPY,sell,0.04360398282996198,534.7840213398508,10.0,5.0,
2024-06-28T00:00:00,SPY,sell,0.05487427468702319,536.5390371839391,10.0,5.0,
2024-07-01T00:00:00,SPY,buy,0.13752614235422983,536.6511024342931,10.0,5.0,
2024-07-02T00:00:00,SPY,sell,0.07185297735203515,533.1458928181648,10.0,5.0,
2024-07-03T00:00:00,SPY,sell,0.23310158774636672,538.0373506046298,10.0,5.0,
2024-07-05T00:00:00,SPY,sell,0.1542217328542794,541.0583044841892,10.0,5.0,
2024-07-08T00:00:00,SPY,sell,0.198237991914483,544.6565592507895,10.0,5.0,
2024-07-09T00:00:00,SPY,sell,0.039672693906379175,545.4626751781026,10.0,5.0,
2024-07-10T00:00:00,SPY,sell,0.03341054645160109,546.2570349040806,10.0,5.0,
2024-07-11T00:00:00,SPY,sell,0.3367170656747578,550.5389349042275,10.0,5.0,
2024-07-12T00:00:00,SPY,buy,0.29659258658187443,548.4550680477585,10.0,5.0,
2024-07-15T00:00:00,SPY,sell,0.21548400085021852,551.1184988194321,10.0,5.0,
2024-07-16T00:00:00,SPY,sell,0.09360853252678386,551.9435504198062,10.0,5.0,
2024-07-17T00:00:00,SPY,sell,0.20103330739288805,547.951237252944,10.0,5.0,
2024-07-18T00:00:00,SPY,buy,0.48221541230711884,549.3217277137948,10.0,5.0,
2024-07-19T00:00:00,SPY,buy,0.26521929013687495,543.3304805312931,10.0,5.0,
2024-07-22T00:00:00,SPY,buy,0.23064836537798641,543.9007134490718,10.0,5.0,
2024-07-23T00:00:00,SPY,sell,0.3544699630579184,543.7728112708371,10.0,5.0,
2024-07-24T00:00:00,SPY,buy,0.053922458751110215,539.8267277967592,10.0,5.0,
2024-07-25T00:00:00,SPY,buy,0.7991947689302272,532.4453730381255,10.0,5.0,
2024-07-26T00:00:00,SPY,buy,0.18328527069528866,533.3565642770596,10.0,5.0,
2024-07-29T00:00:00,SPY,sell,0.39023903882225874,535.4181708884361,10.0,5.0,
2024-07-30T00:00:00,SPY,sell,0.0203691088931509,535.6572794375763,10.0,5.0,
2024-07-31T00:00:00,SPY,buy,0.1776759811346902,539.9461567656432,10.0,5.0,
2024-08-01T00:00:00,SPY,sell,0.5608093957255083,541.8401111544898,10.0,5.0,
2024-08-02T00:00:00,SPY,buy,0.4972844024003173,526.9358347035287,10.0,5.0,
2024-08-05T00:00:00,SPY,buy,0.6650497575601549,503.2229390313838,10.0,5.0,
2024-08-06T00:00:00,SPY,buy,1.0707248130900267,510.6794986855971,10.0,5.0,
2024-08-07T00:00:00,SPY,sell,0.33276051424692665,518.209841855049,10.0,5.0,
2024-08-08T00:00:00,SPY,buy,0.24332151378479927,515.2886778731835,10.0,5.0,
2024-08-09T00:00:00,SPY,sell,0.8188623790661249,519.5217472179326,10.0,5.0,
2024-08-12T00:00:00,SPY,sell,0.15691783708960838,523.8396354860906,10.0,5.0,
2024-08-13T00:00:00,SPY,sell,0.018596858732896574,526.1163333312663,10.0,5.0,
2024-08-14T00:00:00,SPY,sell,0.5737805557034387,532.3093563868058,10.0,5.0,
2024-08-15T00:00:00,SPY,sell,0.11017870000281457,538.8332140609925,10.0,5.0,
2024-08-16T00:00:00,SPY,sell,0.5887420382328373,540.7128600264389,10.0,5.0,
2024-08-19T00:00:00,SPY,sell,0.0778596541075925,543.961981309594,10.0,5.0,
2024-08-20T00:00:00,SPY,sell,0.3262994019987233,548.2941021671089,10.0,5.0,
2024-08-21T00:00:00,SPY,buy,0.05552531784200288,550.5570644029058,10.0,5.0,
2024-08-22T00:00:00,SPY,sell,0.11734099703318403,551.6394950608225,10.0,5.0,
2024-08-23T00:00:00,SPY,buy,0.27028791268177643,550.3231266805765,10.0,5.0,
2024-08-26T00:00:00,SPY,sell,0.36178559657663895,552.2455979065526,10.0,5.0,
2024-08-27T00:00:00,SPY,buy,0.081495482637883,550.2820399837632,10.0,5.0,
2024-08-28T00:00:00,SPY,sell,0.04681187176419062,550.3166278255626,10.0,5.0,
2024-08-29T00:00:00,SPY,buy,0.199195741100203,551.0897995866299,10.0,5.0,
2024-08-30T00:00:00,SPY,sell,0.0033212312649883013,549.8863880920095,10.0,5.0,
2024-09-03T00:00:00,SPY,sell,0.3240027469653344,549.5880682842101,10.0,5.0,
2024-09-04T00:00:00,SPY,sell,91.43941307321263,539.4471754879983,10.0,5.0,
2024-09-05T00:00:00,SPY,sell,0.0027311091159453707,540.1981350913811,10.0,5.0,
2024-09-06T00:00:00,SPY,sell,0.14042639311613314,539.2639668391527,10.0,5.0,
2024-09-09T00:00:00,SPY,sell,0.9889793644895629,534.0718949158494,10.0,5.0,
2024-09-10T00:00:00,SPY,buy,0.6518171785622273,539.3394746882881,10.0,5.0,
2024-09-11T00:00:00,SPY,buy,0.25321510544581166,539.6714977583381,10.0,5.0,
2024-09-12T00:00:00,SPY,buy,0.587843304671947,545.8797514199732,10.0,5.0,
2024-09-13T00:00:00,SPY,buy,0.47770670247122243,550.5018701729122,10.0,5.0,
2024-09-16T00:00:00,SPY,buy,0.2941062616372927,552.4973844869124,10.0,5.0,
2024-09-17T00:00:00,SPY,buy,0.08293598964800936,555.799970252965,10.0,5.0,
2024-09-18T00:00:00,SPY,buy,0.02301587774612005,554.4612013821942,10.0,5.0,
2024-09-19T00:00:00,SPY,sell,0.1667132058282421,559.9248357196224,10.0,5.0,
2024-09-20T00:00:00,SPY,buy,0.943240771193354,560.2133227203253,10.0,5.0,
2024-09-23T00:00:00,SPY,sell,0.09559361516912242,560.0003732159489,10.0,5.0,
2024-09-24T00:00:00,SPY,buy,0.1375649096297292,562.8129603368392,10.0,5.0,
2024-09-25T00:00:00,SPY,buy,0.15709754836911277,563.464317040198,10.0,5.0,
2024-09-26T00:00:00,SPY,sell,0.12114421942844342,564.95745587139,10.0,5.0,
2024-09-27T00:00:00,SPY,buy,0.21693444461895536,565.6846483533725,10.0,5.0,
2024-09-30T00:00:00,SPY,sell,0.07927438807701133,561.0629219854991,10.0,5.0,
2024-10-01T00:00:00,SPY,buy,0.2188186022693942,565.6945905142361,10.0,5.0,
2024-10-02T00:00:00,SPY,sell,0.4929034102040203,558.3942199931449,10.0,5.0,
2024-10-03T00:00:00,SPY,buy,88.21695906359685,559.8050215558178,10.0,5.0,
2024-10-04T00:00:00,SPY,buy,0.08290677433680475,564.6572002483272,10.0,5.0,
2024-10-07T00:00:00,SPY,sell,0.2985913573562704,561.9263808776029,10.0,5.0,
2024-10-08T00:00:00,SPY,buy,0.2999093577813581,562.7551355108994,10.0,5.0,
2024-10-09T00:00:00,SPY,sell,0.3109008654109856,563.7557201454165,10.0,5.0,
2024-10-10T00:00:00,SPY,sell,0.22644959821721652,566.3235814573139,10.0,5.0,
2024-10-11T00:00:00,SPY,buy,0.05716328649966382,568.3070442657746,10.0,5.0,
2024-10-14T00:00:00,SPY,sell,0.19511388717334968,571.6843605965822,10.0,5.0,
2024-10-15T00:00:00,SPY,sell,0.2646263691206273,574.9985864480007,10.0,5.0,
2024-10-16T00:00:00,SPY,buy,0.25387596397831647,571.98928804129,10.0,5.0,
2024-10-17T00:00:00,SPY,sell,0.14126658140462492,576.2978781212828,10.0,5.0,
2024-10-18T00:00:00,SPY,sell,0.002622917796382722,574.4908393265667,10.0,5.0,
2024-10-21T00:00:00,SPY,sell,0.12458306414362708,574.2717849635515,10.0,5.0,
2024-10-22T00:00:00,SPY,buy,0.053240389850888435,573.2399888492486,10.0,5.0,
2024-10-23T00:00:00,SPY,buy,0.017288481636958855,573.4462394711752,10.0,5.0,
2024-10-24T00:00:00,SPY,buy,0.29946410568489795,572.1871479833362,10.0,5.0,
2024-10-25T00:00:00,SPY,sell,0.07093660480654217,571.9709517601153,10.0,5.0,
2024-10-28T00:00:00,SPY,buy,0.011321803508900143,574.7483845086452,10.0,5.0,
2024-10-29T00:00:00,SPY,sell,0.10065446204263447,570.337565333401,10.0,5.0,
2024-10-30T00:00:00,SPY,sell,0.05271285174417444,571.754785756876,10.0,5.0,
2024-10-31T00:00:00,SPY,buy,0.09870020542364967,567.8246204899749,10.0,5.0,
2024-11-01T00:00:00,SPY,buy,0.6522213622329485,563.6457899381509,10.0,5.0,
2024-11-04T00:00:00,SPY,sell,0.140123001487623,561.809356693313,10.0,5.0,
2024-11-05T00:00:00,SPY,buy,0.07118199251677708,563.0688782176042,10.0,5.0,
2024-11-06T00:00:00,SPY,sell,0.3949038718444157,579.5315665729503,10.0,5.0,
2024-11-07T00:00:00,SPY,sell,0.7927181776905903,583.3455005018155,10.0,5.0,
2024-11-08T00:00:00,SPY,sell,0.24636571565818763,586.3884341241768,10.0,5.0,
2024-11-11T00:00:00,SPY,sell,0.13794380352390764,589.9697654706811,10.0,5.0,
2024-11-12T00:00:00,SPY,sell,0.030292958484233988,588.8600464568726,10.0,5.0,
2024-11-13T00:00:00,SPY,buy,0.09922874440034334,589.3414099079463,10.0,5.0,
2024-11-14T00:00:00,SPY,sell,0.015560110454800677,587.5229022454488,10.0,5.0,
2024-11-15T00:00:00,SPY,buy,0.20650933061853582,581.7952794979573,10.0,5.0,
2024-11-18T00:00:00,SPY,buy,0.41628128885632765,578.3439716216501,10.0,5.0,
2024-11-19T00:00:00,SPY,sell,0.13236181676166478,575.1177692095446,10.0,5.0,
2024-11-20T00:00:00,SPY,sell,0.11780546432466546,580.6949035333711,10.0,5.0,
2024-11-21T00:00:00,SPY,sell,0.010943131667090017,583.6673281962862,10.0,5.0,
2024-11-22T00:00:00,SPY,sell,0.1718209036990792,583.9204397442946,10.0,5.0,
2024-11-25T00:00:00,SPY,sell,0.09910827277560462,589.6852249517041,10.0,5.0,
2024-11-26T00:00:00,SPY,sell,0.10797655450854962,588.9769352305051,10.0,5.0,
2024-11-27T00:00:00,SPY,sell,0.16567157790931442,590.6089752187609,10.0,5.0,
2024-11-29T00:00:00,SPY,buy,0.09649404034965833,591.6005222256084,10.0,5.0,
2024-12-02T00:00:00,SPY,sell,0.19667461796818442,593.0772463195754,10.0,5.0,
2024-12-03T00:00:00,SPY,sell,0.05674726380889638,593.4922590300147,10.0,5.0,
2024-12-04T00:00:00,SPY,sell,0.014703540367108,595.696621475662,10.0,5.0,
2024-12-05T00:00:00,SPY,sell,0.19528089291993664,597.6902476894089,10.0,5.0,
2024-12-06T00:00:00,SPY,buy,0.051847798909109497,599.2752803624454,10.0,5.0,
2024-12-09T00:00:00,SPY,sell,0.059706423767013135,597.7215836371039,10.0,5.0,
2024-12-10T00:00:00,SPY,buy,0.1629864987762568,597.2348335059021,10.0,5.0,
2024-12-11T00:00:00,SPY,buy,0.09848487102904728,597.6385504263073,10.0,5.0,
2024-12-12T00:00:00,SPY,sell,0.24324784492720475,596.6273939679272,10.0,5.0,
2024-12-13T00:00:00,SPY,buy,0.16299983222167808,598.2510799032298,10.0,5.0,
2024-12-16T00:00:00,SPY,buy,0.006077848045900168,597.8533005132608,10.0,5.0,
2024-12-17T00:00:00,SPY,sell,0.1345006285485708,594.277793673029,10.0,5.0,
2024-12-18T00:00:00,SPY,buy,0.13025371258747628,595.8630065630073,10.0,5.0,
2024-12-19T00:00:00,SPY,buy,0.9715834216991265,583.4179249942407,10.0,5.0,
2024-12-20T00:00:00,SPY,buy,0.007467521547033172,575.8807464587494,10.0,5.0,
2024-12-23T00:00:00,SPY,sell,0.3841040396728885,583.1504026452897,10.0,5.0,
2024-12-24T00:00:00,SPY,sell,0.19111967760568246,588.2541255207011,10.0,5.0,
2024-12-26T00:00:00,SPY,sell,0.350982157617834,591.6477430888193,10.0,5.0,
2024-12-27T00:00:00,SPY,sell,0.0025052157901755395,589.7180314621813,10.0,5.0,
2024-12-30T00:00:00,SPY,buy,0.33688593997011507,581.942811066608,10.0,5.0,
