timestamp,symbol,side,qty,notional,reason
2015-01-02T00:00:00,SPY,sell,146.55055206909628,25000.0,rebalance
2015-01-05T00:00:00,SPY,sell,3.0809262363940304,516.0823640828603,rebalance
2015-01-06T00:00:00,SPY,sell,1.778714333921351,295.1439834127814,rebalance
2015-01-07T00:00:00,SPY,buy,2.3265687970487554,390.8607178543898,rebalance
2015-01-08T00:00:00,SPY,buy,3.254896116240505,556.521925385292,rebalance
2015-01-09T00:00:00,SPY,sell,1.4693441473376396,249.21510300015507,rebalance
2015-01-12T00:00:00,SPY,sell,1.4534825323071214,244.59361342759075,rebalance
2015-01-13T00:00:00,SPY,sell,0.5265600932022931,88.36086685832925,rebalance
2015-01-14T00:00:00,SPY,sell,1.1315148801716803,188.730711586526,rebalance
2015-01-15T00:00:00,SPY,sell,1.7389224196282773,287.3860640113089,rebalance
2015-01-16T00:00:00,SPY,buy,2.463019223471218,412.3933627072256,rebalance
2015-01-20T00:00:00,SPY,buy,0.40143827610112587,67.35778506145289,rebalance
2015-01-21T00:00:00,SPY,buy,0.9371308036174145,158.03600791282952,rebalance
2015-01-22T00:00:00,SPY,buy,2.7186371930695903,465.283994874746,rebalance
2015-01-23T00:00:00,SPY,sell,1.0035725959107011,170.8157553525234,rebalance
2015-01-26T00:00:00,SPY,buy,0.428884840307081,73.17042643352397,rebalance
2015-01-27T00:00:00,SPY,sell,2.4440025479546996,411.4620896075721,rebalance
2015-01-28T00:00:00,SPY,sell,2.4172420423301366,401.7378743792797,rebalance
2015-01-29T00:00:00,SPY,buy,1.7296209821152273,290.11451914902864,rebalance
2015-01-30T00:00:00,SPY,sell,2.3795592581023555,394.11177893374406,rebalance
2015-02-02T00:00:00,SPY,buy,2.3188974552916983,388.82092559134617,rebalance
2015-02-03T00:00:00,SPY,buy,2.6659330779592207,453.4742972174863,rebalance
2015-02-04T00:00:00,SPY,sell,0.7029946079566768,119.123850116619,rebalance
2015-02-05T00:00:00,SPY,buy,1.841350226056922,315.1702597900512,rebalance
2015-02-06T00:00:00,SPY,sell,0.5029771820454247,85.85280036499171,rebalance
2015-02-09T00:00:00,SPY,sell,0.8203554374881173,139.39913805367541,rebalance
2015-02-10T00:00:00,SPY,buy,1.9348403285779323,332.28086784879997,rebalance
2015-02-11T00:00:00,SPY,buy,0.10537918067777953,18.107854730689724,rebalance
2015-02-12T00:00:00,SPY,buy,1.7251422927046194,299.291076271209,rebalance
2015-02-13T00:00:00,SPY,buy,0.7344926953135978,127.95001500830404,rebalance
2015-02-17T00:00:00,SPY,buy,0.27957091360451325,48.77840134415601,rebalance
2015-02-18T00:00:00,SPY,buy,0.016812380641147116,2.9336344624243793,rebalance
2015-02-19T00:00:00,SPY,sell,0.12689285527230068,22.126049035472533,rebalance
2015-02-20T00:00:00,SPY,buy,1.0607004314437274,186.06199836510496,rebalance
2015-02-23T00:00:00,SPY,sell,0.025049456501615136,4.393408107105643,rebalance
2015-02-24T00:00:00,SPY,buy,0.49999459733670687,87.94283635975808,rebalance
2015-02-25T00:00:00,SPY,sell,0.14950171589690034,26.2731472210653,rebalance
2015-02-26T00:00:00,SPY,sell,0.20813176501822214,36.533479613935924,rebalance
2015-02-27T00:00:00,SPY,sell,0.6026119034274298,105.41646821977338,rebalance
2015-03-02T00:00:00,SPY,buy,1.1111743135906684,195.6078463555532,rebalance
2015-03-03T00:00:00,SPY,sell,0.7242864698298618,126.97799688140367,rebalance
2015-03-04T00:00:00,SPY,sell,0.7467506984171569,130.3644110996829,rebalance
2015-03-05T00:00:00,SPY,buy,0.1939577581062422,33.89732639266731,rebalance
2015-03-06T00:00:00,SPY,sell,2.529332950401623,435.8255722418944,rebalance
2015-03-09T00:00:00,SPY,buy,0.7450976930772618,128.91880703440984,rebalance
2015-03-10T00:00:00,SPY,sell,2.961507344890151,504.09562801705033,rebalance
2015-03-11T00:00:00,SPY,sell,0.4299600976089601,73.01470505043108,rebalance
2015-03-12T00:00:00,SPY,buy,2.3068090442569336,396.7168433814295,rebalance
2015-03-13T00:00:00,SPY,sell,1.1162022445527187,190.78324426300242,rebalance
2015-03-16T00:00:00,SPY,buy,2.402474921332644,416.121626278793,rebalance
2015-03-17T00:00:00,SPY,sell,0.5361318998150131,92.58491359401887,rebalance
2015-03-18T00:00:00,SPY,buy,2.1380379784889585,373.6575010165907,rebalance
2015-03-19T00:00:00,SPY,sell,0.8127394247143769,141.39178265289593,rebalance
2015-03-20T00:00:00,SPY,buy,1.559106141858892,273.6308596695526,rebalance
2015-03-23T00:00:00,SPY,sell,0.34367919102865513,60.19986572005655,rebalance
2015-03-24T00:00:00,SPY,sell,0.9987022621366431,173.95265739033857,rebalance
2015-03-25T00:00:00,SPY,sell,2.647255074845938,454.3387876720444,rebalance
2015-03-26T00:00:00,SPY,sell,0.4292519178990717,73.49551177740432,rebalance
2015-03-27T00:00:00,SPY,buy,0.4156327000707186,71.32658204562904,rebalance
2015-03-30T00:00:00,SPY,buy,2.1864949596095093,379.801407640105,rebalance
2015-03-31T00:00:00,SPY,sell,1.576565923232808,271.4612642641587,rebalance
2015-04-01T00:00:00,SPY,sell,0.6401611379866671,109.83646581548237,rebalance
2015-04-02T00:00:00,SPY,buy,0.650477841589767,112.00807392288698,rebalance
2015-04-06T00:00:00,SPY,buy,1.207087617183463,209.25221903312558,rebalance
2015-04-07T00:00:00,SPY,sell,0.47459188222410686,82.05419617824373,rebalance
2015-04-08T00:00:00,SPY,buy,0.6046447697423003,104.89260957705119,rebalance
2015-04-09T00:00:00,SPY,buy,0.7879367792013457,137.29440093342419,rebalance
2015-04-10T00:00:00,SPY,buy,0.9661862177790901,169.27228412672412,rebalance
2015-04-13T00:00:00,SPY,sell,0.8026448231273804,139.98443657535245,rebalance
2015-04-14T00:00:00,SPY,buy,0.3398159841382235,59.378622491291026,rebalance
2015-04-15T00:00:00,SPY,buy,0.7922683851061121,139.06024386777062,rebalance
2015-04-16T00:00:00,SPY,sell,0.05034521576694784,8.834155733820808,rebalance
2015-04-17T00:00:00,SPY,sell,2.052183050940273,355.9574380023114,rebalance
2015-04-20T00:00:00,SPY,buy,1.6180181609311088,283.21448094452353,rebalance
2015-04-21T00:00:00,SPY,sell,0.2088404108406764,36.51142601034371,rebalance
2015-04-22T00:00:00,SPY,buy,0.8662883453389248,152.19685321942234,rebalance
2015-04-23T00:00:00,SPY,buy,0.44175359700936195,77.8062856388824,rebalance
2015-04-24T00:00:00,SPY,buy,0.40683922042164605,71.8231014717021,rebalance
2015-04-27T00:00:00,SPY,sell,0.7302654332047228,128.3844762804256,rebalance
2015-04-28T00:00:00,SPY,buy,0.5578264549166293,98.38058061549964,rebalance
2015-04-29T00:00:00,SPY,sell,0.7244989448953925,127.2498666316169,rebalance
2015-04-30T00:00:00,SPY,sell,1.7819239100528403,309.83821918068134,rebalance
2015-05-01T00:00:00,SPY,buy,1.911574830564801,335.9850904324121,rebalance
2015-05-04T00:00:00,SPY,buy,0.5015218389589474,88.40023391272553,rebalance
2015-05-05T00:00:00,SPY,sell,2.0312505516315906,353.93617228354196,rebalance
2015-05-06T00:00:00,SPY,sell,0.7361289642252463,127.73911037102152,rebalance
2015-05-07T00:00:00,SPY,buy,0.7108584561085719,123.84606480248112,rebalance
2015-05-08T00:00:00,SPY,buy,2.31399608535631,408.4532874641882,rebalance
2015-05-11T00:00:00,SPY,sell,0.8386015547017879,147.318643512157,rebalance
2015-05-12T00:00:00,SPY,sell,0.5269756691259396,92.29783126543407,rebalance
2015-05-13T00:00:00,SPY,buy,0.03355802691520332,5.878683644012199,rebalance
2015-05-14T00:00:00,SPY,buy,1.8234579801657342,322.76360935001867,rebalance
2015-05-15T00:00:00,SPY,buy,0.1901031458135288,33.68594907395891,rebalance
2015-05-18T00:00:00,SPY,buy,0.5393950306498587,95.87677533475289,rebalance
2015-05-19T00:00:00,SPY,sell,0.05675520111966931,10.084848279813741,rebalance
2015-05-20T00:00:00,SPY,sell,0.12226254630998415,21.70957358654414,rebalance
2015-05-21T00:00:00,SPY,buy,0.5045415267348764,89.84993390477757,rebalance
2015-05-22T00:00:00,SPY,sell,0.41451804858116487,73.64201934529046,rebalance
2015-05-26T00:00:00,SPY,sell,1.886439720516688,331.5358224301526,rebalance
2015-05-27T00:00:00,SPY,buy,1.6540844079523565,293.45947508886456,rebalance
2015-05-28T00:00:00,SPY,sell,0.1965144420824009,34.82528514396836,rebalance
2015-05-29T00:00:00,SPY,sell,1.088670876661398,191.72998170312712,rebalance
2015-06-01T00:00:00,SPY,buy,0.3561210267608392,62.84557463318197,rebalance
2015-06-02T00:00:00,SPY,sell,0.1740549231405578,30.68541870406625,rebalance
2015-06-03T00:00:00,SPY,buy,0.4631234513608281,81.86376219581871,rebalance
2015-06-04T00:00:00,SPY,sell,1.4884450296399225,260.88187890810514,rebalance
2015-06-05T00:00:00,SPY,sell,0.30215215285737856,52.867899119039066,rebalance
2015-06-08T00:00:00,SPY,sell,1.0946516224967169,190.3545821953885,rebalance
2015-06-09T00:00:00,SPY,sell,0.02524125929699437,4.388699556475331,rebalance
2015-06-10T00:00:00,SPY,buy,2.1134918302622636,371.8802005982143,rebalance
2015-06-11T00:00:00,SPY,buy,0.5666954326734069,100.0345415542397,rebalance
2015-06-12T00:00:00,SPY,sell,1.3502893482002356,236.531975180671,rebalance
2015-06-15T00:00:00,SPY,sell,0.757698944375433,132.1583109533094,rebalance
2015-06-16T00:00:00,SPY,buy,0.9635460935604754,168.97852927499844,rebalance
2015-06-17T00:00:00,SPY,buy,0.2855988121854905,50.16689386894723,rebalance
2015-06-18T00:00:00,SPY,buy,1.812366448784471,321.6619975110152,rebalance
2015-06-19T00:00:00,SPY,sell,0.7748976083450423,136.91966360610968,rebalance
2015-06-22T00:00:00,SPY,buy,0.8900623300252969,158.07427394987462,rebalance
2015-06-23T00:00:00,SPY,buy,0.12346373795432976,21.942574742424767,rebalance
2015-06-24T00:00:00,SPY,sell,1.2693134931805048,223.950122242808,rebalance
2015-06-25T00:00:00,SPY,sell,0.534334500138746,93.9881878585802,rebalance
2015-06-26T00:00:00,SPY,sell,0.03363502043166926,5.915191745967604,rebalance
2015-06-29T00:00:00,SPY,sell,3.765259189264004,648.2880512125521,rebalance
2015-06-30T00:00:00,SPY,buy,0.3700877579658313,63.85369691467713,rebalance
2015-07-01T00:00:00,SPY,buy,1.432527408656644,249.14450853152084,rebalance
2015-07-02T00:00:00,SPY,sell,0.16184013754693377,28.12138833134668,rebalance
2015-07-06T00:00:00,SPY,sell,0.5088593470152653,88.16794926635339,rebalance
2015-07-07T00:00:00,SPY,buy,1.1191695563030706,195.13328136843484,rebalance
2015-07-08T00:00:00,SPY,sell,3.0336962428242,520.0672653363945,rebalance
2015-07-09T00:00:00,SPY,buy,0.31954257256034413,54.878345559300215,rebalance
2015-07-10T00:00:00,SPY,buy,2.2527970676466773,391.7678244304079,rebalance
2015-07-13T00:00:00,SPY,buy,1.9509037894089136,343.01220519655544,rebalance
2015-07-14T00:00:00,SPY,buy,0.7600890990663589,134.22030386765255,rebalance
2015-07-15T00:00:00,SPY,sell,0.057773996580815605,10.198630208069517,rebalance
2015-07-16T00:00:00,SPY,buy,1.3925717250245977,247.79810471006203,rebalance
2015-07-17T00:00:00,SPY,buy,0.14720239556861184,26.215808666755038,rebalance
2015-07-20T00:00:00,SPY,buy,0.08963856425258168,15.972322580179025,rebalance
2015-07-21T00:00:00,SPY,sell,0.685871509941009,121.72971805664565,rebalance
2015-07-22T00:00:00,SPY,sell,0.31154251364814806,55.19388065624662,rebalance
2015-07-23T00:00:00,SPY,sell,0.985924607784877,173.68627446396204,rebalance
2015-07-24T00:00:00,SPY,sell,1.8379967449393686,320.4338777685771,rebalance
2015-07-27T00:00:00,SPY,sell,1.036615309455059,179.67083918798016,rebalance
2015-07-28T00:00:00,SPY,buy,2.170933096426364,380.89775782756624,rebalance
2015-07-29T00:00:00,SPY,buy,1.2054183620600416,212.9496536932893,rebalance
2015-07-30T00:00:00,SPY,buy,0.041052462488613384,7.254064584496518,rebalance
2015-07-31T00:00:00,SPY,sell,0.2655839308701038,46.85804894033936,rebalance
2015-08-03T00:00:00,SPY,sell,0.5922378279891485,104.13851011068618,rebalance
2015-08-04T00:00:00,SPY,sell,0.3439030297434562,60.353391714208556,rebalance
2015-08-05T00:00:00,SPY,buy,0.5784707638112664,101.85348769783013,rebalance
2015-08-06T00:00:00,SPY,sell,1.4484166581563,252.93988122713563,rebalance
2015-08-07T00:00:00,SPY,sell,0.34008624625423806,59.27594400607268,rebalance
2015-08-10T00:00:00,SPY,buy,2.210920398459903,390.21152695127967,rebalance
2015-08-11T00:00:00,SPY,sell,1.59651560082009,279.23095861339243,rebalance
2015-08-12T00:00:00,SPY,buy,0.21535340852246818,37.71049277939164,rebalance
2015-08-13T00:00:00,SPY,sell,0.22010092066384826,38.49386968975159,rebalance
2015-08-14T00:00:00,SPY,buy,0.6423095155467733,112.74386321581551,rebalance
2015-08-17T00:00:00,SPY,buy,0.9784540249698446,172.7064965319587,rebalance
2015-08-18T00:00:00,SPY,sell,0.5082837583337485,89.45703403876541,rebalance
2015-08-19T00:00:00,SPY,sell,1.3982535333799453,244.14474051444267,rebalance
2015-08-20T00:00:00,SPY,sell,3.7780589362643613,645.9001517823817,rebalance
2015-08-21T00:00:00,SPY,sell,5.637775264967147,934.8253106071679,rebalance
2015-08-24T00:00:00,SPY,sell,8.233026264104874,1307.672807398776,rebalance
2015-08-25T00:00:00,SPY,sell,2.4361617570236174,382.3883296361273,rebalance
2015-08-26T00:00:00,SPY,buy,7.47044465628957,1217.6070176354406,rebalance
2015-08-27T00:00:00,SPY,buy,4.687555869518641,782.9223963648947,rebalance
2015-08-28T00:00:00,SPY,buy,0.006631848425210597,1.1077165212336695,rebalance
2015-08-31T00:00:00,SPY,sell,1.5248904762959798,252.64444791162168,rebalance
2015-09-01T00:00:00,SPY,sell,5.8090056002573105,933.7119369171523,rebalance
2015-09-02T00:00:00,SPY,buy,3.6392027024589337,596.0509926863742,rebalance
2015-09-03T00:00:00,SPY,buy,0.14267597753066305,23.385090393796418,rebalance
2015-09-04T00:00:00,SPY,sell,2.9461609723494155,475.57671631211633,rebalance
2015-09-08T00:00:00,SPY,buy,4.777511189815903,790.5791779233732,rebalance
2015-09-09T00:00:00,SPY,sell,2.5532023783937414,416.8523247926496,rebalance
2015-09-10T00:00:00,SPY,buy,1.0440079065826042,171.3791166306437,rebalance
2015-09-11T00:00:00,SPY,buy,0.8649006213610457,142.62289902367047,rebalance
2015-09-14T00:00:00,SPY,sell,0.7077170014830318,116.27015189005397,rebalance
2015-09-15T00:00:00,SPY,buy,2.358415452047145,392.3048993860466,rebalance
2015-09-16T00:00:00,SPY,buy,1.618201673751704,271.50861570757115,rebalance
2015-09-17T00:00:00,SPY,sell,0.41895662462336364,70.13627707939304,rebalance
2015-09-18T00:00:00,SPY,sell,3.098451149557324,510.22610564207207,rebalance
2015-09-21T00:00:00,SPY,buy,0.9766010134744905,161.6492689886145,rebalance
2015-09-22T00:00:00,SPY,sell,2.4918731605088205,407.1068878526421,rebalance
2015-09-23T00:00:00,SPY,sell,0.3077326697330181,50.19509768285934,rebalance
2015-09-24T00:00:00,SPY,sell,0.6988214828127325,113.57449637463651,rebalance
2015-09-25T00:00:00,SPY,sell,0.05155565063503727,8.376800442074455,rebalance
2015-09-28T00:00:00,SPY,sell,4.986421545770036,789.8640554191625,rebalance
2015-09-29T00:00:00,SPY,buy,0.11714291456563192,18.566649682667048,rebalance
2015-09-30T00:00:00,SPY,buy,3.659770494117335,590.880545403048,rebalance
2015-10-01T00:00:00,SPY,buy,0.5116372054236865,82.82087447278536,rebalance
2015-10-02T00:00:00,SPY,buy,2.8623882420831213,470.2682092077448,rebalance
2015-10-05T00:00:00,SPY,buy,3.3456139420708726,559.4392734722132,rebalance
2015-10-06T00:00:00,SPY,sell,0.6416508179660333,106.92651300572106,rebalance
2015-10-07T00:00:00,SPY,buy,1.5235824087051586,255.97365465794428,rebalance
2015-10-08T00:00:00,SPY,buy,1.6610866151668677,281.59455772003275,rebalance
2015-10-09T00:00:00,SPY,buy,0.11041839871641834,18.729764688399882,rebalance
2015-10-12T00:00:00,SPY,buy,0.17309696606353125,29.389356178249727,rebalance
2015-10-13T00:00:00,SPY,sell,1.1625704835473123,196.1436070567579,rebalance
2015-10-14T00:00:00,SPY,sell,0.8893680938420979,149.33078720299818,rebalance
2015-10-15T00:00:00,SPY,buy,2.809936677621188,479.0513701796008,rebalance
2015-10-16T00:00:00,SPY,buy,0.8279659934180561,141.7973504145557,rebalance
2015-10-19T00:00:00,SPY,buy,0.08869858219288734,15.197982881869393,rebalance
2015-10-20T00:00:00,SPY,sell,0.23193026625867222,39.68909512531536,rebalance
2015-10-21T00:00:00,SPY,sell,1.1329206618698182,192.66847828806203,rebalance
2015-10-22T00:00:00,SPY,buy,3.037306893535408,525.2612484351412,rebalance
2015-10-23T00:00:00,SPY,buy,1.9504070239973175,340.99397889991087,rebalance
2015-10-26T00:00:00,SPY,sell,0.43502428626207157,75.86932812965824,rebalance
2015-10-27T00:00:00,SPY,sell,0.34248414078291967,59.61468048189272,rebalance
2015-10-28T00:00:00,SPY,buy,1.9977412864755113,351.6932451298817,rebalance
2015-10-29T00:00:00,SPY,sell,0.10133634806803833,17.829554920892406,rebalance
2015-10-30T00:00:00,SPY,sell,0.7585461778844065,132.8867436844812,rebalance
2015-11-02T00:00:00,SPY,buy,2.0602076361457056,365.18956500149216,rebalance
2015-11-03T00:00:00,SPY,buy,0.501782287382378,89.20314864871398,rebalance
2015-11-04T00:00:00,SPY,sell,0.5259775065435923,93.22077296062344,rebalance
2015-11-05T00:00:00,SPY,sell,0.1733680359685301,30.695932941092906,rebalance
2015-11-06T00:00:00,SPY,sell,0.09094848918353231,16.094586646431708,rebalance
2015-11-09T00:00:00,SPY,sell,1.6387800995847712,287.29858619685547,rebalance
2015-11-10T00:00:00,SPY,buy,0.4068643172781429,71.49291321961937,rebalance
2015-11-11T00:00:00,SPY,sell,0.6925602849520733,121.21604654271869,rebalance
2015-11-12T00:00:00,SPY,sell,2.4960889115842173,430.7816561208674,rebalance
2015-11-13T00:00:00,SPY,sell,2.0361814536073832,347.46382001437814,rebalance
2015-11-16T00:00:00,SPY,buy,2.728579898730771,472.69882193122976,rebalance
2015-11-17T00:00:00,SPY,sell,0.12820220957585,22.193526681490766,rebalance
2015-11-18T00:00:00,SPY,buy,2.7927669488212805,491.1362103954889,rebalance
2015-11-19T00:00:00,SPY,sell,0.15073676986075363,26.485719637959846,rebalance
2015-11-20T00:00:00,SPY,buy,0.6371845767022625,112.36669700931088,rebalance
2015-11-23T00:00:00,SPY,sell,0.20030578645061645,35.28316313966934,rebalance
2015-11-24T00:00:00,SPY,buy,0.23443173648774987,41.34964674664661,rebalance
2015-11-25T00:00:00,SPY,sell,0.02495775926002231,4.401478843195946,rebalance
2015-11-27T00:00:00,SPY,buy,0.20010843679173057,35.33101686808004,rebalance
2015-11-30T00:00:00,SPY,sell,0.7271684843761425,127.85538406452906,rebalance
2015-12-01T00:00:00,SPY,buy,1.656053054122323,293.95434463273705,rebalance
2015-12-02T00:00:00,SPY,sell,1.7861949640087098,313.81937761508016,rebalance
2015-12-03T00:00:00,SPY,sell,2.4927532301425845,431.82309271941995,rebalance
2015-12-04T00:00:00,SPY,buy,3.4183435660547867,603.7132941688433,rebalance
2015-12-07T00:00:00,SPY,sell,1.0631477438809644,186.6248667112959,rebalance
2015-12-08T00:00:00,SPY,sell,1.185837524465862,206.7630476618724,rebalance
2015-12-09T00:00:00,SPY,sell,1.38764194285744,240.0674977644121,rebalance
2015-12-10T00:00:00,SPY,buy,0.46099367880588166,79.95956320819823,rebalance
2015-12-11T00:00:00,SPY,sell,3.526029956228651,599.7381181064375,rebalance
2015-12-14T00:00:00,SPY,buy,0.9192162817046002,157.1383374168945,rebalance
2015-12-15T00:00:00,SPY,buy,1.8889227104778303,326.2976498199314,rebalance
2015-12-16T00:00:00,SPY,buy,2.5885685206017777,453.69924513227306,rebalance
2015-12-17T00:00:00,SPY,sell,2.7213553492439764,469.70445500420465,rebalance
2015-12-18T00:00:00,SPY,sell,3.2499526229271507,550.9471075780748,rebalance
2015-12-21T00:00:00,SPY,buy,1.4966743914959701,255.81619741664326,rebalance
2015-12-22T00:00:00,SPY,buy,1.635560419700231,282.0918458835222,rebalance
2015-12-23T00:00:00,SPY,buy,2.1991538500785976,383.9939530966585,rebalance
2015-12-24T00:00:00,SPY,sell,0.2922322401024089,50.94242119624687,rebalance
2015-12-28T00:00:00,SPY,sell,0.4053271894705065,70.49588326139929,rebalance
2015-12-29T00:00:00,SPY,buy,1.8755382291043297,329.68102012167947,rebalance
2015-12-30T00:00:00,SPY,sell,1.2514626706717853,218.42226589883649,rebalance
2015-12-31T00:00:00,SPY,sell,1.7857290768406129,308.5519189963925,rebalance
2016-01-04T00:00:00,SPY,sell,2.531362080086153,431.2737459245145,rebalance
2016-01-05T00:00:00,SPY,buy,0.30748204093989007,52.474975377102965,rebalance
2016-01-06T00:00:00,SPY,sell,2.324943278542539,391.7705384406763,rebalance
2016-01-07T00:00:00,SPY,sell,4.531593681828729,745.2876393805527,rebalance
2016-01-08T00:00:00,SPY,sell,2.118901365763632,344.65963095429834,rebalance
2016-01-11T00:00:00,SPY,buy,0.18877743321449775,30.736855398718035,rebalance
2016-01-12T00:00:00,SPY,buy,1.5443245771279128,253.47662201560524,rebalance
2016-01-13T00:00:00,SPY,sell,4.882236842123454,781.3565038007437,rebalance
2016-01-14T00:00:00,SPY,buy,3.180092447019435,517.299324366948,rebalance
2016-01-15T00:00:00,SPY,sell,4.256330803843158,677.5065994608849,rebalance
2016-01-19T00:00:00,SPY,buy,0.2531797978645761,40.35383719853053,rebalance
2016-01-20T00:00:00,SPY,sell,2.572417959141348,404.75840223669366,rebalance
2016-01-21T00:00:00,SPY,buy,1.1204610701165727,177.2871309615948,rebalance
2016-01-22T00:00:00,SPY,buy,4.023661687764377,649.7128754797959,rebalance
2016-01-25T00:00:00,SPY,sell,2.992778523938336,475.9478212747599,rebalance
2016-01-26T00:00:00,SPY,buy,2.671368441187184,430.6294352268633,rebalance
2016-01-27T00:00:00,SPY,sell,2.1497579418369197,342.7734520166632,rebalance
2016-01-28T00:00:00,SPY,buy,1.0214374231710308,163.71394718631927,rebalance
2016-01-29T00:00:00,SPY,buy,4.682237818166483,768.7540620877699,rebalance
2016-02-01T00:00:00,SPY,sell,0.07442777383892414,12.215520843587,rebalance
2016-02-02T00:00:00,SPY,sell,3.503967067657487,564.7269340634848,rebalance
2016-02-03T00:00:00,SPY,buy,1.1595336910859284,187.99996243606802,rebalance
2016-02-04T00:00:00,SPY,buy,0.30307374172096335,49.215649907488114,rebalance
2016-02-05T00:00:00,SPY,sell,3.7575267078151926,598.5546366881099,rebalance
2016-02-08T00:00:00,SPY,sell,2.6915726568896305,422.982228337587,rebalance
2016-02-09T00:00:00,SPY,buy,0.019263441535509705,3.0274231424373284,rebalance
2016-02-10T00:00:00,SPY,sell,0.17395753770812916,27.31540789558494,rebalance
2016-02-11T00:00:00,SPY,sell,2.6579810060752367,411.93619674699585,rebalance
2016-02-12T00:00:00,SPY,buy,4.13585029899429,654.1929298781506,rebalance
2016-02-16T00:00:00,SPY,buy,3.3308563009479775,535.7542795081499,rebalance
2016-02-17T00:00:00,SPY,buy,3.1529249366918015,515.4186982014508,rebalance
2016-02-18T00:00:00,SPY,sell,0.7861861312945307,127.99398367360118,rebalance
2016-02-19T00:00:00,SPY,sell,0.08915837632196295,14.508506840295013,rebalance
2016-02-22T00:00:00,SPY,buy,2.752705609882759,454.42643380814116,rebalance
2016-02-23T00:00:00,SPY,sell,2.4248310480557307,395.2441308343914,rebalance
2016-02-24T00:00:00,SPY,buy,0.8827260723247784,144.54139722140462,rebalance
2016-02-25T00:00:00,SPY,buy,2.2909901549364067,379.68033518270386,rebalance
2016-02-26T00:00:00,SPY,sell,0.43083330834234496,71.23668610932873,rebalance
2016-02-29T00:00:00,SPY,sell,1.4941273635447072,245.11089179342162,rebalance
2016-03-01T00:00:00,SPY,buy,4.382390473750647,735.829011863927,rebalance
2016-03-02T00:00:00,SPY,buy,0.8289260094646185,139.80680292439865,rebalance
2016-03-03T00:00:00,SPY,buy,0.7199541140373936,121.90349274089385,rebalance
2016-03-04T00:00:00,SPY,buy,0.5955664106323137,101.17012644556235,rebalance
2016-03-07T00:00:00,SPY,buy,0.14519677474920065,24.684574979532044,rebalance
2016-03-08T00:00:00,SPY,sell,2.015395800753947,338.8920821132124,rebalance
2016-03-09T00:00:00,SPY,buy,0.9081165839030301,153.45558726843228,rebalance
2016-03-10T00:00:00,SPY,buy,0.14846770209996143,25.108535362101975,rebalance
2016-03-11T00:00:00,SPY,buy,2.918645900395152,501.56009705146425,rebalance
2016-03-14T00:00:00,SPY,sell,0.23222909648706605,39.85668366867685,rebalance
2016-03-15T00:00:00,SPY,sell,0.294147643939151,50.40125803356932,rebalance
2016-03-16T00:00:00,SPY,buy,1.0405243661280985,179.32237773382076,rebalance
2016-03-17T00:00:00,SPY,buy,1.131687765072794,196.27065572184802,rebalance
2016-03-18T00:00:00,SPY,buy,0.69817418562156,121.561408995909,rebalance
2016-03-21T00:00:00,SPY,buy,0.25108788836106194,43.779780150314764,rebalance
2016-03-22T00:00:00,SPY,sell,0.09527488045676469,16.603238354149653,rebalance
2016-03-23T00:00:00,SPY,sell,1.1757377926080266,203.53973816103098,rebalance
2016-03-24T00:00:00,SPY,sell,0.07690075576671752,13.306900394509285,rebalance
2016-03-28T00:00:00,SPY,buy,0.10538233648266535,18.246121187239623,rebalance
2016-03-29T00:00:00,SPY,buy,1.6353449912974722,285.76630634168396,rebalance
2016-03-30T00:00:00,SPY,buy,0.7734576286779095,135.7498864193076,rebalance
2016-03-31T00:00:00,SPY,sell,0.42656278440395007,74.68452667097881,rebalance
2016-04-01T00:00:00,SPY,buy,1.1911891271870483,209.97941895506665,rebalance
2016-04-04T00:00:00,SPY,sell,0.5663955397762165,99.5193071793874,rebalance
2016-04-05T00:00:00,SPY,sell,1.7659087423640565,307.18232628859914,rebalance
2016-04-06T00:00:00,SPY,buy,1.9169070256988354,337.0904228937288,rebalance
2016-04-07T00:00:00,SPY,sell,2.121370436306707,368.5818012472082,rebalance
2016-04-08T00:00:00,SPY,buy,0.47490433442033386,82.73571775462915,rebalance
2016-04-11T00:00:00,SPY,sell,0.41590143224005865,72.28642442261844,rebalance
2016-04-12T00:00:00,SPY,buy,1.6383188941614772,287.402471989466,rebalance
2016-04-13T00:00:00,SPY,buy,1.7578226885939254,311.481266583447,rebalance
2016-04-14T00:00:00,SPY,buy,0.009140574889768218,1.6197621453611646,rebalance
2016-04-15T00:00:00,SPY,sell,0.1918272715579887,33.955303306014684,rebalance
2016-04-18T00:00:00,SPY,buy,1.2110086371967888,215.86666899083502,rebalance
2016-04-19T00:00:00,SPY,buy,0.5420236120235007,96.92239185035214,rebalance
2016-04-20T00:00:00,SPY,buy,0.16335943588358026,29.23908565203601,rebalance
2016-04-21T00:00:00,SPY,sell,0.9253772788882342,164.73895713317324,rebalance
2016-04-22T00:00:00,SPY,buy,0.0008136486203033495,0.14484862362587592,rebalance
2016-04-25T00:00:00,SPY,sell,0.29732261896705986,52.83925070201076,rebalance
2016-04-26T00:00:00,SPY,buy,0.25614901879487745,45.58964750772793,rebalance
2016-04-27T00:00:00,SPY,buy,0.3539886863199318,63.13292831108629,rebalance
2016-04-28T00:00:00,SPY,sell,1.574762175575875,278.3055739836309,rebalance
2016-04-29T00:00:00,SPY,sell,0.9418401891791819,165.55149362152952,rebalance
2016-05-02T00:00:00,SPY,buy,1.3801261755411847,244.51922637139796,rebalance
2016-05-03T00:00:00,SPY,sell,1.5236642764907757,267.6006760851342,rebalance
2016-05-04T00:00:00,SPY,sell,0.9801972103944385,171.19145176936217,rebalance
2016-05-05T00:00:00,SPY,sell,0.03470336043777708,6.059760304411611,rebalance
2016-05-06T00:00:00,SPY,buy,0.6435137233746056,112.77891235901188,rebalance
2016-05-09T00:00:00,SPY,buy,0.14525336245551984,25.477403425895318,rebalance
2016-05-10T00:00:00,SPY,buy,2.15566089888328,382.80348340349883,rebalance
2016-05-11T00:00:00,SPY,sell,1.632511444749811,287.1904139652579,rebalance
2016-05-12T00:00:00,SPY,buy,0.049808676255625454,8.764855622106552,rebalance
2016-05-13T00:00:00,SPY,sell,1.536592564857359,268.03868558259273,rebalance
2016-05-16T00:00:00,SPY,buy,1.726511093136677,304.13851226402767,rebalance
2016-05-17T00:00:00,SPY,sell,1.6446238988938056,287.00943073424423,rebalance
2016-05-18T00:00:00,SPY,buy,0.053177128782214055,9.28285750150826,rebalance
2016-05-19T00:00:00,SPY,sell,0.6139051451856107,106.79493381071734,rebalance
2016-05-20T00:00:00,SPY,buy,1.1128039246972832,194.80624675783474,rebalance
2016-05-23T00:00:00,SPY,sell,0.23954242412992313,41.87691068441927,rebalance
2016-05-24T00:00:00,SPY,buy,2.254813360934283,399.2968388916597,rebalance
2016-05-25T00:00:00,SPY,buy,1.171339638412551,208.83536591856318,rebalance
2016-05-26T00:00:00,SPY,buy,0.050009852666624166,8.918697420420358,rebalance
2016-05-27T00:00:00,SPY,buy,0.7358175279973603,131.78897694948682,rebalance
2016-05-31T00:00:00,SPY,sell,0.3253862036909769,58.167565204228595,rebalance
2016-06-01T00:00:00,SPY,buy,273.8399025799459,49053.239757291645,rebalance
2016-06-02T00:00:00,SPY,sell,273.215930207774,49090.4107783547,rebalance
2016-06-03T00:00:00,SPY,sell,0.18198406358980299,32.600555618992075,rebalance
2016-06-06T00:00:00,SPY,buy,0.8647285287159292,155.69533744809087,rebalance
2016-06-07T00:00:00,SPY,buy,0.26513320051784334,47.812069285369944,rebalance
2016-06-08T00:00:00,SPY,buy,0.5505207450211766,99.60023738203745,rebalance
2016-06-09T00:00:00,SPY,sell,0.231042103059997,41.74307084507382,rebalance
2016-06-10T00:00:00,SPY,sell,1.6165368808221754,289.29653636654257,rebalance
2016-06-13T00:00:00,SPY,sell,1.327178502109416,235.68111012678855,rebalance
2016-06-14T00:00:00,SPY,sell,0.33907951660758184,60.0955062387402,rebalance
2016-06-15T00:00:00,SPY,sell,0.24150216493825127,42.742083927529166,rebalance
2016-06-16T00:00:00,SPY,buy,0.5160682762109546,91.6085446822508,rebalance
2016-06-17T00:00:00,SPY,sell,0.6457692396291356,114.20512167703055,rebalance
2016-06-20T00:00:00,SPY,buy,1.1091661439285665,197.420775767725,rebalance
2016-06-21T00:00:00,SPY,buy,0.48840712710306705,87.17848115250672,rebalance
2016-06-22T00:00:00,SPY,sell,0.2799856356114772,49.89466981714213,rebalance
2016-06-23T00:00:00,SPY,buy,2.2096254250952483,398.89268381125294,rebalance
2016-06-24T00:00:00,SPY,sell,6.3194509354766835,1099.853205292431,rebalance
2016-06-27T00:00:00,SPY,sell,3.213499414709862,549.2688682893968,rebalance
2016-06-28T00:00:00,SPY,buy,3.2018976231999217,557.1567646885414,rebalance
2016-06-29T00:00:00,SPY,buy,2.9722842830956546,526.0088721913453,rebalance
2016-06-30T00:00:00,SPY,buy,2.3367969452937998,419.18883882022783,rebalance
2016-07-01T00:00:00,SPY,buy,0.35815810061159403,64.3835365597115,rebalance
2016-07-05T00:00:00,SPY,buy,273.2212732873116,48761.75928685079,rebalance
2016-07-06T00:00:00,SPY,sell,0.5361393931933067,96.25861030943997,rebalance
2016-07-07T00:00:00,SPY,buy,0.06356623330909152,11.405618941127614,rebalance
2016-07-08T00:00:00,SPY,sell,1.5050052284420485,274.06254061931395,rebalance
2016-07-11T00:00:00,SPY,sell,0.3561110528022029,65.07678990699787,rebalance
2016-07-12T00:00:00,SPY,sell,0.7291839835030989,134.22109033401648,rebalance
2016-07-13T00:00:00,SPY,buy,0.014163799177340307,2.6067709905983065,rebalance
2016-07-14T00:00:00,SPY,sell,0.5587744631525745,103.41361323793171,rebalance
2016-07-15T00:00:00,SPY,buy,0.1348843257111426,24.929836608724145,rebalance
2016-07-18T00:00:00,SPY,sell,0.26895058763154284,49.84206850484043,rebalance
2016-07-19T00:00:00,SPY,buy,0.10161937749491964,18.813014484821906,rebalance
2016-07-20T00:00:00,SPY,sell,0.4153757971840517,77.21953071562166,rebalance
2016-07-21T00:00:00,SPY,buy,0.37845665070392,70.09041887138665,rebalance
2016-07-22T00:00:00,SPY,sell,0.44745095138038843,83.2398939367813,rebalance
2016-07-25T00:00:00,SPY,buy,0.2715849627648839,50.38608449931053,rebalance
2016-07-26T00:00:00,SPY,sell,0.046197299917950053,8.574756996771612,rebalance
2016-07-27T00:00:00,SPY,buy,0.10617089626983288,19.685654958542727,rebalance
2016-07-28T00:00:00,SPY,sell,0.11539304334868991,21.420273861127498,rebalance
2016-07-29T00:00:00,SPY,sell,0.16125629836826555,29.982143698678556,rebalance
2016-08-01T00:00:00,SPY,buy,0.08281660362776455,15.385202222551015,rebalance
2016-08-02T00:00:00,SPY,buy,0.6443713687822369,118.94072315793892,rebalance
2016-08-03T00:00:00,SPY,sell,0.29282420083188054,54.20867804615773,rebalance
2016-08-04T00:00:00,SPY,sell,0.10652830555164396,19.741883257320296,rebalance
2016-08-05T00:00:00,SPY,sell,0.8122248233043791,151.753058981325,rebalance
2016-08-08T00:00:00,SPY,buy,0.059231815887924213,11.06005666416604,rebalance
2016-08-09T00:00:00,SPY,sell,0.05935302639758638,11.08929825487212,rebalance
2016-08-10T00:00:00,SPY,buy,0.2468782172088361,46.01164143553615,rebalance
2016-08-11T00:00:00,SPY,sell,0.4607410995298926,86.26856842704728,rebalance
2016-08-12T00:00:00,SPY,buy,0.08600610628110618,16.0896839345005,rebalance
2016-08-15T00:00:00,SPY,sell,0.2859165867598618,53.642394691469235,rebalance
2016-08-16T00:00:00,SPY,buy,0.5139986285478972,95.93675070473182,rebalance
2016-08-17T00:00:00,SPY,sell,0.18720987950691143,35.00806464564448,rebalance
2016-08-18T00:00:00,SPY,sell,0.22268979494074045,41.736208346188505,rebalance
2016-08-19T00:00:00,SPY,buy,0.14515502422804405,27.164968967739696,rebalance
2016-08-22T00:00:00,SPY,buy,0.004554173088223763,0.8522494643002574,rebalance
2016-08-23T00:00:00,SPY,sell,0.19974763334415185,37.45523844600393,rebalance
2016-08-24T00:00:00,SPY,buy,0.5100693087757349,95.15531460439888,rebalance
2016-08-25T00:00:00,SPY,buy,0.06874121463092156,12.815093734243419,rebalance
2016-08-26T00:00:00,SPY,buy,0.18800627971703318,34.983101537203765,rebalance
2016-08-29T00:00:00,SPY,sell,0.48920712432914576,91.47705187743486,rebalance
2016-08-30T00:00:00,SPY,buy,0.16398011149005962,30.612158813386486,rebalance
2016-08-31T00:00:00,SPY,buy,0.28398787363011097,52.864687607805536,rebalance
2016-09-01T00:00:00,SPY,sell,0.004699992202716888,0.8749495616430067,rebalance
2016-09-02T00:00:00,SPY,sell,0.44777861957114123,83.73416457599524,rebalance
2016-09-06T00:00:00,SPY,sell,0.2995999514543816,56.19420504863592,rebalance
2016-09-07T00:00:00,SPY,buy,0.008879169522094593,1.6652617158324574,rebalance
2016-09-08T00:00:00,SPY,buy,0.22704543365659927,42.48447713988571,rebalance
2016-09-09T00:00:00,SPY,buy,2.4375731628085853,445.19884449497476,rebalance
2016-09-12T00:00:00,SPY,sell,1.430092025795196,264.9396918805178,rebalance
2016-09-13T00:00:00,SPY,buy,1.4575954697194704,266.15313843198237,rebalance
2016-09-14T00:00:00,SPY,buy,0.03736349646496177,6.8199162050113955,rebalance
2016-09-15T00:00:00,SPY,sell,1.0019590244774617,184.7139959726337,rebalance
2016-09-16T00:00:00,SPY,buy,0.3888188632823909,71.40279667524737,rebalance
2016-09-19T00:00:00,SPY,sell,0.019369617915743705,3.557707831976586,rebalance
2016-09-20T00:00:00,SPY,sell,0.00470704236418621,0.8646048772643553,rebalance
2016-09-21T00:00:00,SPY,sell,1.1208527599703775,208.19716875887752,rebalance
2016-09-22T00:00:00,SPY,sell,0.6247458907820169,116.77707178207129,rebalance
2016-09-23T00:00:00,SPY,buy,0.5474977775890061,101.77719359975526,rebalance
2016-09-26T00:00:00,SPY,buy,0.8163306648142358,150.52246341380305,rebalance
2016-09-27T00:00:00,SPY,sell,0.6201892610130885,115.06603135628393,rebalance
2016-09-28T00:00:00,SPY,sell,0.49413198846339845,92.13319231733112,rebalance
2016-09-29T00:00:00,SPY,buy,0.9096608059061944,168.07590730445736,rebalance
2016-09-30T00:00:00,SPY,sell,0.7529628514538826,140.17304930395767,rebalance
2016-10-03T00:00:00,SPY,buy,0.23975684779609463,44.52631040806591,rebalance
2016-10-04T00:00:00,SPY,buy,0.5121137946538594,94.62207244801539,rebalance
2016-10-05T00:00:00,SPY,sell,0.4427926954559267,82.1758610275283,rebalance
2016-10-06T00:00:00,SPY,sell,0.06979728500646903,12.96236418857734,rebalance
2016-10-07T00:00:00,SPY,buy,0.34402492066492335,63.6712772937899,rebalance
2016-10-10T00:00:00,SPY,sell,0.5198758412837018,96.71846749159522,rebalance
2016-10-11T00:00:00,SPY,buy,1.2764746890818375,234.47801500371497,rebalance
2016-10-12T00:00:00,SPY,sell,0.1327654217002813,24.41991984708875,rebalance
2016-10-13T00:00:00,SPY,buy,0.33059424016713634,60.607968766871636,rebalance
2016-10-14T00:00:00,SPY,sell,0.05267874973555311,9.662603850076266,rebalance
2016-10-17T00:00:00,SPY,buy,0.35151740783027274,64.25324778830691,rebalance
2016-10-18T00:00:00,SPY,sell,0.6304266509537777,115.9561585283409,rebalance
2016-10-19T00:00:00,SPY,sell,0.2678656155245664,49.40069596817193,rebalance
2016-10-20T00:00:00,SPY,buy,0.1877008021553554,34.55180934375312,rebalance
2016-10-21T00:00:00,SPY,sell,0.04709481738914575,8.673228226041829,rebalance
2016-10-24T00:00:00,SPY,sell,0.42595395680021636,78.77952005705083,rebalance
2016-10-25T00:00:00,SPY,buy,0.3368578246562214,62.09257681215968,rebalance
2016-10-26T00:00:00,SPY,buy,0.20248587890892306,37.24903175088912,rebalance
2016-10-27T00:00:00,SPY,buy,0.2689218118333029,49.338576321100845,rebalance
2016-10-28T00:00:00,SPY,buy,0.2989213919392727,54.68047020343511,rebalance
2016-10-31T00:00:00,SPY,sell,0.00500629703292257,0.9158245674043428,rebalance
2016-11-01T00:00:00,SPY,buy,0.7378949430214833,134.0084029707432,rebalance
2016-11-02T00:00:00,SPY,buy,0.6155683273233228,111.11994555048295,rebalance
2016-11-03T00:00:00,SPY,buy,0.4691473755048381,84.30097851191022,rebalance
2016-11-04T00:00:00,SPY,buy,0.11271443869483673,20.231326766454004,rebalance
2016-11-07T00:00:00,SPY,sell,2.213245944428733,406.0219880383411,rebalance
2016-11-08T00:00:00,SPY,sell,0.45439493309705087,83.73460114886984,rebalance
2016-11-09T00:00:00,SPY,sell,1.0559463605697654,196.64975629040782,rebalance
2016-11-10T00:00:00,SPY,sell,0.24762956213444537,46.23134650041902,rebalance
2016-11-11T00:00:00,SPY,buy,0.2297160399344604,42.788117626390886,rebalance
2016-11-14T00:00:00,SPY,sell,0.0785333952507398,14.639532725388563,rebalance
2016-11-15T00:00:00,SPY,sell,0.7718097853180692,144.9968739402466,rebalance
2016-11-16T00:00:00,SPY,buy,0.18556750349720363,34.79636184691117,rebalance
2016-11-17T00:00:00,SPY,sell,0.5077140090109066,95.69250878260937,rebalance
2016-11-18T00:00:00,SPY,buy,0.2215795696675429,41.669245782009966,rebalance
2016-11-21T00:00:00,SPY,sell,0.7424932788118489,140.68430373933734,rebalance
2016-11-22T00:00:00,SPY,sell,0.1919505103115504,36.44096202170476,rebalance
2016-11-23T00:00:00,SPY,sell,0.05368828442700112,10.198032117790717,rebalance
2016-11-25T00:00:00,SPY,sell,0.3638430435063541,69.36837287586604,rebalance
2016-11-28T00:00:00,SPY,buy,0.4620935485378087,87.68665770253938,rebalance
2016-11-29T00:00:00,SPY,sell,0.1917057219455183,36.448951345621026,rebalance
2016-11-30T00:00:00,SPY,buy,0.2363256824611644,44.82472114974371,rebalance
2016-12-01T00:00:00,SPY,buy,0.3627979339197995,68.5602510756944,rebalance
2016-12-02T00:00:00,SPY,sell,0.04955028573042253,9.368522787073744,rebalance
2016-12-05T00:00:00,SPY,sell,0.5891236567742903,112.05552471937699,rebalance
2016-12-06T00:00:00,SPY,sell,0.3101129862804817,59.1725351244022,rebalance
2016-12-07T00:00:00,SPY,sell,1.2650199915796896,244.53531719524472,rebalance
2016-12-08T00:00:00,SPY,sell,0.2374989151223005,46.02226768654509,rebalance
2016-12-09T00:00:00,SPY,sell,0.5814346687833869,113.35032315337594,rebalance
2016-12-12T00:00:00,SPY,buy,0.11047147830891747,21.51162840006873,rebalance
2016-12-13T00:00:00,SPY,sell,0.639777104973025,125.41244953080604,rebalance
2016-12-14T00:00:00,SPY,buy,0.798546433532084,155.24312431523867,rebalance
2016-12-15T00:00:00,SPY,sell,0.3966622131252983,77.43147697889071,rebalance
2016-12-16T00:00:00,SPY,buy,0.18879502309771673,36.78214536116138,rebalance
2016-12-19T00:00:00,SPY,sell,0.20962434104135813,40.92914619109797,rebalance
2016-12-20T00:00:00,SPY,sell,0.36995644181839743,72.51264241965328,rebalance
2016-12-21T00:00:00,SPY,buy,0.2676915377108197,52.32240156878834,rebalance
2016-12-22T00:00:00,SPY,buy,0.16644486188942806,32.47674603661653,rebalance
2016-12-23T00:00:00,SPY,sell,0.140924801592021,27.537531102203502,rebalance
2016-12-27T00:00:00,SPY,sell,0.23816693188331348,46.65468004337163,rebalance
2016-12-28T00:00:00,SPY,buy,0.8004417711720291,155.50316982038203,rebalance
2016-12-29T00:00:00,SPY,buy,0.021144958885523004,4.10695236405445,rebalance
2016-12-30T00:00:00,SPY,buy,0.3546178529238515,68.62511272005213,rebalance
2017-01-03T00:00:00,SPY,sell,0.7366543351203847,143.64681975721032,rebalance
2017-01-04T00:00:00,SPY,sell,0.5699529924182882,111.80141578848998,rebalance
2017-01-05T00:00:00,SPY,buy,0.07587299508317534,14.871349001878116,rebalance
2017-01-06T00:00:00,SPY,sell,0.34230604017410293,67.33311177855285,rebalance
2017-01-09T00:00:00,SPY,buy,0.3168640970465014,62.12283657529406,rebalance
2017-01-10T00:00:00,SPY,sell,0.0001263153988822075,0.02476478387688985,rebalance
2017-01-11T00:00:00,SPY,sell,0.27051063208982834,53.18488090172468,rebalance
2017-01-12T00:00:00,SPY,buy,0.24074956940590886,47.21477578322083,rebalance
2017-01-13T00:00:00,SPY,sell,0.21995528628209066,43.235719472620985,rebalance
2017-01-17T00:00:00,SPY,buy,0.33848549085089297,66.30029287839716,rebalance
2017-01-18T00:00:00,SPY,sell,0.21206014086353187,41.62873296886028,rebalance
2017-01-19T00:00:00,SPY,buy,0.35656350504214934,69.7363155588464,rebalance
2017-01-20T00:00:00,SPY,sell,0.35248444518842387,69.19183172997145,rebalance
2017-01-23T00:00:00,SPY,buy,0.2500640476342261,48.95922928440268,rebalance
2017-01-24T00:00:00,SPY,sell,0.6123307003056734,120.65491712634685,rebalance
2017-01-25T00:00:00,SPY,sell,0.8201278496273102,162.9984453906436,rebalance
2017-01-26T00:00:00,SPY,buy,0.09897436619648774,19.650353387631185,rebalance
2017-01-27T00:00:00,SPY,buy,0.1494474763105283,29.624701224413002,rebalance
2017-01-30T00:00:00,SPY,buy,0.5941983708786738,117.05634465654293,rebalance
2017-01-31T00:00:00,SPY,buy,0.008513310920811399,1.6769650689930131,rebalance
2017-02-01T00:00:00,SPY,sell,0.037806700159383096,7.45016631949693,rebalance
2017-02-02T00:00:00,SPY,sell,0.06298454540407221,12.419876530741021,rebalance
2017-02-03T00:00:00,SPY,sell,0.6542767297627948,129.90568827791867,rebalance
2017-02-06T00:00:00,SPY,buy,0.16973980333978772,33.64133033382677,rebalance
2017-02-07T00:00:00,SPY,sell,0.004303579802778746,0.8529788942178129,rebalance
2017-02-08T00:00:00,SPY,sell,0.1246297125058638,24.734256998068304,rebalance
2017-02-09T00:00:00,SPY,sell,0.5609768890255454,111.9930234707499,rebalance
2017-02-10T00:00:00,SPY,sell,0.37221058256019496,74.60110227311088,rebalance
2017-02-13T00:00:00,SPY,sell,0.5110092788129678,102.9775627951276,rebalance
2017-02-14T00:00:00,SPY,sell,0.37448034378683137,75.76600872104245,rebalance
2017-02-15T00:00:00,SPY,sell,0.48712355126554846,99.07082602205992,rebalance
2017-02-16T00:00:00,SPY,buy,0.07940278112500398,16.135130729988305,rebalance
2017-02-17T00:00:00,SPY,sell,0.14705453424472337,29.929490840397193,rebalance
2017-02-21T00:00:00,SPY,sell,0.5525234428330595,113.1228096368759,rebalance
2017-02-22T00:00:00,SPY,buy,0.08208536697586635,16.791113175670034,rebalance
2017-02-23T00:00:00,SPY,sell,0.06300643176095813,12.897116431809991,rebalance
2017-02-24T00:00:00,SPY,sell,0.11784527427829596,24.15296941460838,rebalance
2017-02-27T00:00:00,SPY,sell,0.1449589489912242,29.75648939547682,rebalance
2017-02-28T00:00:00,SPY,buy,0.2508854240554835,51.361562919100834,rebalance
2017-03-01T00:00:00,SPY,sell,1.2834159594945251,266.4202214064171,rebalance
2017-03-02T00:00:00,SPY,buy,0.5820478192225255,120.06453923567824,rebalance
2017-03-03T00:00:00,SPY,sell,0.05829539114258244,12.032715429024393,rebalance
2017-03-06T00:00:00,SPY,buy,0.27575825510360075,56.749602280324325,rebalance
2017-03-07T00:00:00,SPY,buy,0.27732161216116774,56.900859046840196,rebalance
2017-03-08T00:00:00,SPY,buy,0.17237885338899914,35.303026621986646,rebalance
2017-03-09T00:00:00,SPY,sell,0.11775717237655134,24.14714173349421,rebalance
2017-03-10T00:00:00,SPY,sell,0.32401064536716967,66.67404995037941,rebalance
2017-03-13T00:00:00,SPY,sell,0.04687513698253869,9.650712797247252,rebalance
2017-03-14T00:00:00,SPY,buy,0.35538277331931667,72.88669890208621,rebalance
2017-03-15T00:00:00,SPY,sell,0.7965099833233419,164.77257006133004,rebalance
2017-03-16T00:00:00,SPY,buy,0.18153514765264428,37.479986023729,rebalance
2017-03-17T00:00:00,SPY,buy,0.16231821762293705,33.45358254688472,rebalance
2017-03-20T00:00:00,SPY,buy,0.1014887658711296,20.893761189985526,rebalance
2017-03-21T00:00:00,SPY,buy,1.2034720053704917,244.58089433216446,rebalance
2017-03-22T00:00:00,SPY,sell,0.21985606231292543,44.786349881360366,rebalance
2017-03-23T00:00:00,SPY,buy,0.09955946677278764,20.25937770868768,rebalance
2017-03-24T00:00:00,SPY,buy,0.06778356882770696,13.783274055833317,rebalance
2017-03-27T00:00:00,SPY,buy,0.09605996490436003,19.513020250957197,rebalance
2017-03-28T00:00:00,SPY,sell,0.6752470856086903,138.16354301287356,rebalance
2017-03-29T00:00:00,SPY,sell,0.08734956073749668,17.8894675381016,rebalance
2017-03-30T00:00:00,SPY,sell,0.2949185691541999,60.592585167592915,rebalance
2017-03-31T00:00:00,SPY,buy,0.21600578182973676,44.27623140714422,rebalance
2017-04-03T00:00:00,SPY,buy,0.1616639046899903,33.07975865972185,rebalance
2017-04-04T00:00:00,SPY,sell,0.059204314463338695,12.122139396309649,rebalance
2017-04-05T00:00:00,SPY,buy,0.27705088764798375,56.55781483690225,rebalance
2017-04-06T00:00:00,SPY,sell,0.2612177405165765,53.475507662555174,rebalance
2017-04-07T00:00:00,SPY,buy,0.09466278843481638,19.35925089916418,rebalance
2017-04-10T00:00:00,SPY,sell,0.05537950079221135,11.332265266311879,rebalance
2017-04-11T00:00:00,SPY,buy,0.11068434351784942,22.62230676515901,rebalance
2017-04-12T00:00:00,SPY,buy,0.4094889351703073,83.32699314346974,rebalance
2017-04-13T00:00:00,SPY,buy,0.6103143906922548,123.38635592085484,rebalance
2017-04-17T00:00:00,SPY,sell,0.8244991714502811,168.16468041255212,rebalance
2017-04-18T00:00:00,SPY,buy,0.2778872981072669,56.508689062306075,rebalance
2017-04-19T00:00:00,SPY,buy,0.17173712339246144,34.85872626186392,rebalance
2017-04-20T00:00:00,SPY,sell,0.7552637417603272,154.5490469437209,rebalance
2017-04-21T00:00:00,SPY,buy,0.296840552155285,60.54868302804971,rebalance
2017-04-24T00:00:00,SPY,sell,1.0146255952979535,209.23658692355457,rebalance
2017-04-25T00:00:00,SPY,sell,0.534241977206039,110.81266557910567,rebalance
2017-04-26T00:00:00,SPY,buy,0.05767237017829206,11.954902587021934,rebalance
2017-04-27T00:00:00,SPY,sell,0.07725802335952026,16.028254191747692,rebalance
2017-04-28T00:00:00,SPY,buy,0.20098343258031007,41.60592888548854,rebalance
2017-05-01T00:00:00,SPY,sell,0.2318641899818087,48.11956756844302,rebalance
2017-05-02T00:00:00,SPY,sell,0.03472353633076683,7.209011681126867,rebalance
2017-05-03T00:00:00,SPY,buy,0.11180995388906967,23.18485921806132,rebalance
2017-05-04T00:00:00,SPY,sell,0.10802062762221895,22.425404365152644,rebalance
2017-05-05T00:00:00,SPY,sell,0.36062062358462954,75.16065975987294,rebalance
2017-05-08T00:00:00,SPY,buy,0.015197491605017304,3.1669368571747327,rebalance
2017-05-09T00:00:00,SPY,buy,0.08424385904205697,17.539084006399207,rebalance
2017-05-10T00:00:00,SPY,sell,0.16454309028731035,34.31844472679222,rebalance
2017-05-11T00:00:00,SPY,buy,0.1874359783351165,39.01331338253294,rebalance
2017-05-12T00:00:00,SPY,buy,0.15362742771701074,31.92289385273034,rebalance
2017-05-15T00:00:00,SPY,sell,0.5049738365341878,105.5102671470595,rebalance
2017-05-16T00:00:00,SPY,buy,0.0838564535684928,17.505097380271764,rebalance
2017-05-17T00:00:00,SPY,buy,1.6543532798945604,339.21966726724713,rebalance
2017-05-18T00:00:00,SPY,sell,0.3728715728320063,76.764058863213,rebalance
2017-05-19T00:00:00,SPY,sell,0.5979652195886913,123.90539907884886,rebalance
2017-05-22T00:00:00,SPY,sell,0.4650963857063995,96.86274493427482,rebalance
2017-05-23T00:00:00,SPY,sell,0.20253464870788976,42.27397470775759,rebalance
2017-05-24T00:00:00,SPY,sell,0.2132110327858756,44.606223201531975,rebalance
2017-05-25T00:00:00,SPY,sell,0.43488050202583434,91.41689682556535,rebalance
2017-05-26T00:00:00,SPY,buy,0.018608950071854473,3.911005805071909,rebalance
2017-05-30T00:00:00,SPY,buy,0.07921289048797717,16.633555118249205,rebalance
2017-05-31T00:00:00,SPY,buy,0.02262140700297385,4.748985328784329,rebalance
2017-06-01T00:00:00,SPY,sell,0.7195488974946608,152.25850544283094,rebalance
2017-06-02T00:00:00,SPY,sell,0.30098178612161075,63.90055130884866,rebalance
2017-06-05T00:00:00,SPY,buy,0.06657255829750941,14.123398310988705,rebalance
2017-06-06T00:00:00,SPY,buy,0.29019242531700246,61.367652305791125,rebalance
2017-06-07T00:00:00,SPY,sell,0.16773643573097213,35.53723772933154,rebalance
2017-06-08T00:00:00,SPY,sell,0.04464203918198583,9.462680458949762,rebalance
2017-06-09T00:00:00,SPY,buy,0.13765256878047047,29.133636038521217,rebalance
2017-06-12T00:00:00,SPY,buy,0.018590570718695933,3.933815370732191,rebalance
2017-06-13T00:00:00,SPY,sell,0.44117217206435116,93.8097194639704,rebalance
2017-06-14T00:00:00,SPY,buy,0.11463415008481509,24.34460900881095,rebalance
2017-06-15T00:00:00,SPY,buy,0.17445315202977207,36.97695285440568,rebalance
2017-06-16T00:00:00,SPY,sell,0.019877098060768792,4.214054583644611,rebalance
2017-06-19T00:00:00,SPY,sell,0.7474219479021814,159.77673513899572,rebalance
2017-06-20T00:00:00,SPY,buy,0.6102843304873368,129.58091872165096,rebalance
2017-06-21T00:00:00,SPY,buy,0.02181421038959962,4.630641001709591,rebalance
2017-06-22T00:00:00,SPY,buy,0.040961255948415924,8.69116898743232,rebalance
2017-06-23T00:00:00,SPY,sell,0.1079471212382974,22.93160148818788,rebalance
2017-06-26T00:00:00,SPY,sell,0.059383630511136445,12.623380837962031,rebalance
2017-06-27T00:00:00,SPY,buy,0.7337144412396999,154.7117104588542,rebalance
2017-06-28T00:00:00,SPY,sell,0.8075039087054547,171.7949903148001,rebalance
2017-06-29T00:00:00,SPY,buy,0.8004231280421256,168.79196294712165,rebalance
2017-06-30T00:00:00,SPY,sell,0.1702171106310717,35.96203721289203,rebalance
2017-07-03T00:00:00,SPY,sell,0.15351564502320061,32.48848625383107,rebalance
2017-07-05T00:00:00,SPY,sell,0.20908557896573657,44.35104056572163,rebalance
2017-07-06T00:00:00,SPY,buy,0.8348757228169252,175.473663739147,rebalance
2017-07-07T00:00:00,SPY,sell,0.5879985682340908,124.38663974772862,rebalance
2017-07-10T00:00:00,SPY,sell,0.0975157192193944,20.650868564400298,rebalance
2017-07-11T00:00:00,SPY,buy,0.06731546177041975,14.244782060646685,rebalance
2017-07-12T00:00:00,SPY,sell,0.6762779886493732,144.1841884198002,rebalance
2017-07-13T00:00:00,SPY,sell,0.15146563696134027,32.34711892996711,rebalance
2017-07-14T00:00:00,SPY,sell,0.41803922612459943,89.69317493080962,rebalance
2017-07-17T00:00:00,SPY,buy,0.010767666852886392,2.3099942931694386,rebalance
2017-07-18T00:00:00,SPY,sell,0.047501748318189825,10.195977454568492,rebalance
2017-07-19T00:00:00,SPY,sell,0.48298245926523603,104.23066725055469,rebalance
2017-07-20T00:00:00,SPY,sell,0.0398094010603336,8.594946636869281,rebalance
2017-07-21T00:00:00,SPY,buy,0.07955286674771664,17.16036277294188,rebalance
2017-07-24T00:00:00,SPY,buy,0.02167709747808816,4.6748352911672555,rebalance
2017-07-25T00:00:00,SPY,sell,0.21675849524687227,46.85928980867902,rebalance
2017-07-26T00:00:00,SPY,sell,0.0036112579025394634,0.7807205548342608,rebalance
2017-07-27T00:00:00,SPY,buy,0.0830174555103116,17.93092040376723,rebalance
2017-07-28T00:00:00,SPY,buy,0.10484556839779392,22.619009145033488,rebalance
2017-07-31T00:00:00,SPY,buy,0.05061959459691276,10.914297051058384,rebalance
2017-08-01T00:00:00,SPY,sell,0.19887903243640945,42.976707098707266,rebalance
2017-08-02T00:00:00,SPY,sell,0.04329033723842738,9.359348319860146,rebalance
2017-08-03T00:00:00,SPY,buy,0.1733532623009853,37.40618788898064,rebalance
2017-08-04T00:00:00,SPY,sell,0.1626415474508532,35.15875410124136,rebalance
2017-08-07T00:00:00,SPY,sell,0.16564895010384711,35.87546383246081,rebalance
2017-08-08T00:00:00,SPY,buy,0.21969645166248306,47.463709378214844,rebalance
2017-08-09T00:00:00,SPY,buy,0.0036928648487920828,0.7977825489651877,rebalance
2017-08-10T00:00:00,SPY,buy,1.2780071346894213,272.195199812224,rebalance
2017-08-11T00:00:00,SPY,sell,0.1338621695525907,28.55261734236774,rebalance
2017-08-14T00:00:00,SPY,sell,0.8844611445819841,190.52453153783063,rebalance
2017-08-15T00:00:00,SPY,buy,0.010947339585918626,2.3579135569707432,rebalance
2017-08-16T00:00:00,SPY,sell,0.15579927435626406,33.61565947629788,rebalance
2017-08-17T00:00:00,SPY,buy,1.4148957289635609,300.52200908040686,rebalance
2017-08-18T00:00:00,SPY,buy,0.14127359710963078,29.959427150330157,rebalance
2017-08-21T00:00:00,SPY,sell,0.07081407986557334,15.029059880776913,rebalance
2017-08-22T00:00:00,SPY,sell,0.9361577271387376,200.7608930149363,rebalance
2017-08-23T00:00:00,SPY,buy,0.321557239224238,68.71135436996701,rebalance
2017-08-24T00:00:00,SPY,buy,0.21000111644849234,44.769100314824755,rebalance
2017-08-25T00:00:00,SPY,sell,0.21041923097696205,44.96303793624611,rebalance
2017-08-28T00:00:00,SPY,sell,0.0036177464898993344,0.7730828805506462,rebalance
2017-08-29T00:00:00,SPY,sell,0.10290329872499024,22.014764558396564,rebalance
2017-08-30T00:00:00,SPY,sell,0.42407915154248127,91.15584468454108,rebalance
2017-08-31T00:00:00,SPY,sell,0.535678621653441,115.8368645884002,rebalance
2017-09-01T00:00:00,SPY,sell,0.12591639207257918,27.267064437030058,rebalance
2017-09-05T00:00:00,SPY,sell,238.26106373519764,51224.638117189024,rebalance
2017-09-06T00:00:00,SPY,buy,0.4198692102315703,90.57739629824209,rebalance
2017-09-07T00:00:00,SPY,sell,0.017743950207412172,3.827396268454322,rebalance
2017-09-08T00:00:00,SPY,sell,0.17501654482446108,37.706977560214,rebalance
2017-09-11T00:00:00,SPY,buy,1.5726127283908187,342.4302066001328,rebalance
2017-09-12T00:00:00,SPY,buy,0.4952693976948394,108.20643322071555,rebalance
2017-09-13T00:00:00,SPY,buy,0.0703067168006331,15.367983435942733,rebalance
2017-09-14T00:00:00,SPY,sell,0.04681834102763132,10.23050761790364,rebalance
2017-09-15T00:00:00,SPY,buy,0.1968232988015616,43.066719326561724,rebalance
2017-09-18T00:00:00,SPY,buy,0.31042566497868596,68.068429481762,rebalance
2017-09-19T00:00:00,SPY,buy,0.14595973862645875,32.03727844246896,rebalance
2017-09-20T00:00:00,SPY,buy,0.05249229686605915,11.525890997247188,rebalance
2017-09-21T00:00:00,SPY,sell,0.3909715831504665,85.61679305977668,rebalance
2017-09-22T00:00:00,SPY,buy,0.029557978982316917,6.474043057689414,rebalance
2017-09-25T00:00:00,SPY,sell,0.29907751265964666,65.37260513348883,rebalance
2017-09-26T00:00:00,SPY,buy,0.08807739736202273,19.263625889005198,rebalance
2017-09-27T00:00:00,SPY,buy,0.567459513262109,124.59381647754344,rebalance
2017-09-28T00:00:00,SPY,buy,0.1744304929064042,38.34464568889962,rebalance
2017-09-29T00:00:00,SPY,buy,0.5091150652628449,112.31098071636006,rebalance
2017-10-02T00:00:00,SPY,buy,0.6253688347298586,138.55516208947301,rebalance
2017-10-03T00:00:00,SPY,buy,0.30754829468198774,68.28545900960307,rebalance
2017-10-04T00:00:00,SPY,buy,0.17010263139753862,37.81296932616897,rebalance
2017-10-05T00:00:00,SPY,buy,0.8442558675623657,188.78588435066558,rebalance
2017-10-06T00:00:00,SPY,sell,0.16227058839443098,36.24436007834083,rebalance
2017-10-09T00:00:00,SPY,sell,0.23558136783104525,52.53199574244718,rebalance
2017-10-10T00:00:00,SPY,buy,0.37556103113055667,83.9668300207777,rebalance
2017-10-11T00:00:00,SPY,buy,0.2232853189649148,49.99990506342874,rebalance
2017-10-12T00:00:00,SPY,sell,0.2119005968292163,47.37983983972663,rebalance
2017-10-13T00:00:00,SPY,buy,0.1729789566148973,38.72425972507335,rebalance
2017-10-16T00:00:00,SPY,buy,0.18925039017342768,42.42338174818724,rebalance
2017-10-17T00:00:00,SPY,buy,0.09999677146089968,22.43161981817684,rebalance
2017-10-18T00:00:00,SPY,buy,0.13860453140092832,31.122672962967044,rebalance
2017-10-19T00:00:00,SPY,buy,0.038628020348349744,8.67602276863181,rebalance
2017-10-20T00:00:00,SPY,buy,0.7263744326867202,163.98883715993725,rebalance
2017-10-23T00:00:00,SPY,sell,0.5483358408083714,123.31269498773327,rebalance
2017-10-24T00:00:00,SPY,buy,0.24772709994332132,55.80809685339045,rebalance
2017-10-25T00:00:00,SPY,sell,0.7011312247325341,157.1693330467897,rebalance
2017-10-26T00:00:00,SPY,buy,0.18286945626328743,41.04598925371829,rebalance
2017-10-27T00:00:00,SPY,buy,1.1484539972209018,259.88405037294797,rebalance
2017-10-30T00:00:00,SPY,sell,0.5249703468744414,118.35319332034487,rebalance
2017-10-31T00:00:00,SPY,buy,0.21897841573972934,49.44501619717266,rebalance
2017-11-01T00:00:00,SPY,buy,0.18584666232692348,42.01940119276696,rebalance
2017-11-02T00:00:00,SPY,buy,224.42214057330165,50760.92474207672,rebalance
2017-11-03T00:00:00,SPY,sell,0.4139869591776641,93.95026469588629,rebalance
2017-11-06T00:00:00,SPY,sell,0.1297293114743179,29.48634655157366,rebalance
2017-11-07T00:00:00,SPY,buy,0.05822406702179467,13.22462363914019,rebalance
2017-11-08T00:00:00,SPY,sell,0.14226167614356441,32.36732289546853,rebalance
2017-11-09T00:00:00,SPY,buy,0.3043768158379608,69.0004769190491,rebalance
2017-11-10T00:00:00,SPY,buy,0.02601637055892577,5.895934571304679,rebalance
2017-11-13T00:00:00,SPY,sell,0.07794489148345495,17.680609764101973,rebalance
2017-11-14T00:00:00,SPY,buy,0.19511709728417145,44.15654192668444,rebalance
2017-11-15T00:00:00,SPY,buy,0.42271619145476474,95.18518420222608,rebalance
2017-11-16T00:00:00,SPY,sell,0.7113547173042013,161.54108426226594,rebalance
2017-11-17T00:00:00,SPY,buy,0.246384878868811,55.786971359542804,rebalance
2017-11-20T00:00:00,SPY,sell,0.14319834215964708,32.47858839216133,rebalance
2017-11-21T00:00:00,SPY,sell,0.54505231281927,124.43126131035751,rebalance
2017-11-22T00:00:00,SPY,buy,0.07367870946429912,16.80540692658542,rebalance
2017-11-24T00:00:00,SPY,sell,0.1925021650243371,44.009309430224675,rebalance
2017-11-27T00:00:00,SPY,buy,0.041566207214036206,9.498007735404826,rebalance
2017-11-28T00:00:00,SPY,sell,0.8375777965984578,193.33072279886983,rebalance
2017-11-29T00:00:00,SPY,buy,0.0502098956471784,11.582455134968768,rebalance
2017-11-30T00:00:00,SPY,sell,0.7187399798552221,167.25102142802643,rebalance
2017-12-01T00:00:00,SPY,buy,0.170659973980349,39.630206258811086,rebalance
2017-12-04T00:00:00,SPY,buy,0.09942023786970096,23.05917826269797,rebalance
2017-12-05T00:00:00,SPY,buy,0.2977669096226459,68.81458436065077,rebalance
2017-12-06T00:00:00,SPY,sell,0.01584845093299121,3.663307428418193,rebalance
2017-12-07T00:00:00,SPY,sell,0.2598960549217628,60.263389803585596,rebalance
2017-12-08T00:00:00,SPY,sell,0.4471809104364121,104.25547060176177,rebalance
2017-12-11T00:00:00,SPY,sell,0.24662779189778705,57.671901069657906,rebalance
2017-12-12T00:00:00,SPY,sell,0.14427491419758304,33.79705028308672,rebalance
2017-12-13T00:00:00,SPY,buy,0.00917165971680242,2.14826158226424,rebalance
2017-12-14T00:00:00,SPY,buy,0.33589922657229954,78.35557279671775,rebalance
2017-12-15T00:00:00,SPY,sell,0.6786486342974483,159.6273833382038,rebalance
2017-12-18T00:00:00,SPY,sell,0.513514373692862,121.55153829935443,rebalance
2017-12-19T00:00:00,SPY,buy,0.3130903847101051,73.8255002155638,rebalance
2017-12-20T00:00:00,SPY,buy,0.04227865803378255,9.963918351513712,rebalance
2017-12-21T00:00:00,SPY,sell,0.1675358963241291,39.56493021973438,rebalance
2017-12-22T00:00:00,SPY,buy,0.021189625386228584,5.0027914676538785,rebalance
2017-12-26T00:00:00,SPY,buy,0.09749753582909064,22.99125965863277,rebalance
2017-12-27T00:00:00,SPY,sell,0.03967966202033266,9.361564245329646,rebalance
2017-12-28T00:00:00,SPY,sell,0.16716282536475502,39.519617136436864,rebalance
2017-12-29T00:00:00,SPY,buy,0.3077278372176364,72.47683630268875,rebalance
2018-01-02T00:00:00,SPY,sell,0.5797731531455799,137.52696734037818,rebalance
2018-01-03T00:00:00,SPY,sell,0.509804295128598,121.69465548726293,rebalance
2018-01-04T00:00:00,SPY,sell,0.3386254842476515,81.17352404410485,rebalance
2018-01-05T00:00:00,SPY,sell,0.5324685176375045,128.491162915554,rebalance
2018-01-08T00:00:00,SPY,sell,0.14636145561723024,35.38338438764549,rebalance
2018-01-09T00:00:00,SPY,sell,0.18056482679996222,43.75098482389876,rebalance
2018-01-10T00:00:00,SPY,buy,0.12210310961515375,29.540398825447483,rebalance
2018-01-11T00:00:00,SPY,sell,0.5788819189165123,141.07068646843982,rebalance
2018-01-12T00:00:00,SPY,sell,0.5147755528787925,126.26608713006135,rebalance
2018-01-16T00:00:00,SPY,buy,0.27174802052306685,66.4275132118346,rebalance
2018-01-17T00:00:00,SPY,sell,0.7489903317062143,184.83231310903648,rebalance
2018-01-18T00:00:00,SPY,buy,0.13218929815239255,32.5662181020125,rebalance
2018-01-19T00:00:00,SPY,sell,0.3571323110875928,88.38358236990462,rebalance
2018-01-22T00:00:00,SPY,sell,0.6338086287506439,158.13121033167772,rebalance
2018-01-23T00:00:00,SPY,sell,0.16558043191714064,41.39894076607743,rebalance
2018-01-24T00:00:00,SPY,buy,0.03031978609971946,7.577705481169687,rebalance
2018-01-25T00:00:00,SPY,sell,0.03305508310209734,8.26482694837614,rebalance
2018-01-26T00:00:00,SPY,sell,0.8922126306097915,225.66447516766493,rebalance
2018-01-29T00:00:00,SPY,buy,0.5149775581481576,129.38805647918707,rebalance
2018-01-30T00:00:00,SPY,buy,0.8057239144792374,200.36157732505308,rebalance
2018-01-31T00:00:00,SPY,sell,0.03988414840039573,9.92303018362145,rebalance
2018-02-01T00:00:00,SPY,buy,0.08884609923530669,22.0795015334661,rebalance
2018-02-02T00:00:00,SPY,buy,1.7429412892620786,423.71563366070404,rebalance
2018-02-05T00:00:00,SPY,buy,3.4778965235480377,810.1293904130944,rebalance
2018-02-06T00:00:00,SPY,sell,1.5772096830007554,374.62840496992067,rebalance
2018-02-07T00:00:00,SPY,buy,0.4405783685475333,104.08108662543964,rebalance
2018-02-08T00:00:00,SPY,buy,3.1709743067083895,721.0047828140305,rebalance
2018-02-09T00:00:00,SPY,sell,1.2503096457446476,288.56139675802115,rebalance
2018-02-12T00:00:00,SPY,sell,1.196249661173607,280.13894161124335,rebalance
2018-02-13T00:00:00,SPY,sell,0.20524583956893702,48.18422935263516,rebalance
2018-02-14T00:00:00,SPY,sell,1.0892321831114644,259.1630828954512,rebalance
2018-02-15T00:00:00,SPY,sell,1.0183763843680937,245.39616956793907,rebalance
2018-02-16T00:00:00,SPY,sell,0.024516555130708318,5.9094362416471995,rebalance
2018-02-20T00:00:00,SPY,buy,0.50508927541871,120.98370982834967,rebalance
2018-02-21T00:00:00,SPY,buy,0.4022286738433645,95.86633367271861,rebalance
2018-02-22T00:00:00,SPY,sell,0.10518933386119622,25.103096820959763,rebalance
2018-02-23T00:00:00,SPY,sell,1.2671076432121893,307.21109494913253,rebalance
2018-02-26T00:00:00,SPY,sell,0.9153241947746413,224.4979936779273,rebalance
2018-02-27T00:00:00,SPY,buy,1.0003977523547298,242.29991980904015,rebalance
2018-02-28T00:00:00,SPY,buy,0.8159936940281712,195.63443833895144,rebalance
2018-03-01T00:00:00,SPY,buy,1.187553859564934,280.5760890990132,rebalance
2018-03-02T00:00:00,SPY,sell,0.4157225332542432,98.72653394490771,rebalance
2018-03-05T00:00:00,SPY,sell,0.9269976301713081,222.68948243142222,rebalance
2018-03-06T00:00:00,SPY,sell,0.2026710836282779,48.810418579450925,rebalance
2018-03-07T00:00:00,SPY,buy,0.02888295316296576,6.953494729616068,rebalance
2018-03-08T00:00:00,SPY,sell,0.3864935487476009,93.49757579098514,rebalance
2018-03-09T00:00:00,SPY,sell,1.3671817493109337,336.49358177233444,rebalance
2018-03-12T00:00:00,SPY,buy,0.09903246764370943,24.3434970306771,rebalance
2018-03-13T00:00:00,SPY,buy,0.5137716031951194,125.47568477736058,rebalance
2018-03-14T00:00:00,SPY,buy,0.4087895612944487,99.32418030665576,rebalance
2018-03-15T00:00:00,SPY,buy,0.08658350898821819,21.01439075043163,rebalance
2018-03-16T00:00:00,SPY,sell,0.08647377113348521,21.01051380507124,rebalance
2018-03-19T00:00:00,SPY,buy,1.0930086470692104,261.9749396462794,rebalance
2018-03-20T00:00:00,SPY,sell,0.1375594190996498,33.02664042787728,rebalance
2018-03-21T00:00:00,SPY,buy,0.154577490265854,37.04127973791765,rebalance
2018-03-22T00:00:00,SPY,buy,2.064969934564794,482.45777824174365,rebalance
2018-03-23T00:00:00,SPY,buy,1.785799120711045,408.33938927757845,rebalance
2018-03-26T00:00:00,SPY,sell,2.2290210587995323,523.6306711355137,rebalance
2018-03-27T00:00:00,SPY,buy,1.4161366864125753,327.01253074235865,rebalance
2018-03-28T00:00:00,SPY,buy,0.24464419215349184,56.32602529421638,rebalance
2018-03-29T00:00:00,SPY,sell,1.0474691226246964,244.247180098253,rebalance
2018-04-02T00:00:00,SPY,buy,1.8125526313979672,413.5253809815149,rebalance
2018-04-03T00:00:00,SPY,sell,1.0606190353118825,245.0766170909992,rebalance
2018-04-04T00:00:00,SPY,sell,219.84232932326867,51342.34846674201,rebalance
2018-04-05T00:00:00,SPY,buy,0.7498983871782259,176.51470187867744,rebalance
2018-04-06T00:00:00,SPY,sell,3.099359412846528,713.2834520776814,rebalance
2018-04-09T00:00:00,SPY,buy,0.6818202957018041,157.6867570841896,rebalance
2018-04-10T00:00:00,SPY,buy,2.1769143847992107,511.46719066286823,rebalance
2018-04-11T00:00:00,SPY,sell,0.7204168889604952,168.37508866438657,rebalance
2018-04-12T00:00:00,SPY,buy,1.1180863700526338,263.4678335308454,rebalance
2018-04-13T00:00:00,SPY,sell,0.39729397155733676,93.34442958282307,rebalance
2018-04-16T00:00:00,SPY,buy,1.1102886422079803,263.0077371782463,rebalance
2018-04-17T00:00:00,SPY,buy,1.4295992322476665,342.2696719857486,rebalance
2018-04-18T00:00:00,SPY,buy,0.09962953515730545,23.870616979547776,rebalance
2018-04-19T00:00:00,SPY,sell,0.7414969662523901,176.67249135290695,rebalance
2018-04-20T00:00:00,SPY,sell,1.1442452874880762,270.3214366645989,rebalance
2018-04-23T00:00:00,SPY,sell,0.020554856839924224,4.85523966263645,rebalance
2018-04-24T00:00:00,SPY,sell,1.8470042519978218,430.4032274972633,rebalance
2018-04-25T00:00:00,SPY,buy,0.34008364262009716,79.44479160452101,rebalance
2018-04-26T00:00:00,SPY,buy,1.381012120360665,325.88908485998036,rebalance
2018-04-27T00:00:00,SPY,buy,0.12846569618625825,30.34359508691705,rebalance
2018-04-30T00:00:00,SPY,sell,1.0484294200639783,245.73450808840062,rebalance
2018-05-01T00:00:00,SPY,buy,0.24333730827408612,57.13558587323132,rebalance
2018-05-02T00:00:00,SPY,sell,0.9217335125786028,214.96918035183626,rebalance
2018-05-03T00:00:00,SPY,sell,0.3024337397164165,70.37896072946023,rebalance
2018-05-04T00:00:00,SPY,buy,1.7620672424315589,415.3571274641399,rebalance
2018-05-07T00:00:00,SPY,buy,0.4593827094765229,108.65270973441147,rebalance
2018-05-08T00:00:00,SPY,sell,7.849744847064071e-06,0.0018566133003332652,rebalance
2018-05-09T00:00:00,SPY,buy,1.2929443792652535,308.76177030828694,rebalance
2018-05-10T00:00:00,SPY,buy,1.2376407873244526,298.3185853397663,rebalance
2018-05-11T00:00:00,SPY,buy,0.4018449296136842,97.15549129131614,rebalance
2018-05-14T00:00:00,SPY,buy,0.06288319884081917,15.210738248464622,rebalance
2018-05-15T00:00:00,SPY,sell,0.9106626745505029,218.76198727117662,rebalance
2018-05-16T00:00:00,SPY,buy,0.5549272246269964,133.86676012680618,rebalance
2018-05-17T00:00:00,SPY,sell,0.11128714804100207,26.82346474165388,rebalance
2018-05-18T00:00:00,SPY,sell,0.33051023544562547,79.46347911610792,rebalance
2018-05-21T00:00:00,SPY,buy,0.9869667361135993,239.07727046826767,rebalance
2018-05-22T00:00:00,SPY,sell,0.36455083432235125,88.06121015473036,rebalance
2018-05-23T00:00:00,SPY,buy,0.36153458695237184,87.5729050948903,rebalance
2018-05-24T00:00:00,SPY,sell,0.2691172872159273,65.05351947512099,rebalance
2018-05-25T00:00:00,SPY,sell,0.31359874759751555,75.62536965870822,rebalance
2018-05-29T00:00:00,SPY,sell,1.5328715679060902,365.40560438548346,rebalance
2018-05-30T00:00:00,SPY,buy,1.7594421348840228,425.01234123663016,rebalance
2018-05-31T00:00:00,SPY,sell,0.8107112413961598,194.63645936328976,rebalance
2018-06-01T00:00:00,SPY,buy,1.2877647450972876,312.20332997767036,rebalance
2018-06-04T00:00:00,SPY,buy,0.6207042060296966,151.19738262965984,rebalance
2018-06-05T00:00:00,SPY,buy,0.09493604187861572,23.142301481952018,rebalance
2018-06-06T00:00:00,SPY,buy,1.078227182059373,265.0340029950785,rebalance
2018-06-07T00:00:00,SPY,sell,0.01296585466327047,3.1867319158518512,rebalance
2018-06-08T00:00:00,SPY,buy,0.37936263443508167,93.51492698052243,rebalance
2018-06-11T00:00:00,SPY,buy,0.17057998736232213,42.104820807297074,rebalance
2018-06-12T00:00:00,SPY,buy,0.16529073139022743,40.85196139760956,rebalance
2018-06-13T00:00:00,SPY,sell,0.40899250556546035,100.76085425164274,rebalance
2018-06-14T00:00:00,SPY,buy,0.322086342478619,79.55014655369087,rebalance
2018-06-15T00:00:00,SPY,sell,0.1635963891215534,40.35410882102224,rebalance
2018-06-18T00:00:00,SPY,sell,0.2637015396982077,64.91315423560081,rebalance
2018-06-19T00:00:00,SPY,sell,0.4935043922446032,121.01613861120131,rebalance
2018-06-20T00:00:00,SPY,buy,0.2196486906801572,53.95368981236243,rebalance
2018-06-21T00:00:00,SPY,sell,0.8123725635816158,198.29725950217107,rebalance
2018-06-22T00:00:00,SPY,buy,0.23546633733637948,57.58127787980993,rebalance
2018-06-25T00:00:00,SPY,sell,1.787530231376946,431.17476140352665,rebalance
2018-06-26T00:00:00,SPY,buy,0.29066474342110865,70.26721710942729,rebalance
2018-06-27T00:00:00,SPY,sell,1.0971927474593486,263.04533143763183,rebalance
2018-06-28T00:00:00,SPY,buy,0.7551929996202367,182.08814530854943,rebalance
2018-06-29T00:00:00,SPY,buy,0.19060571509801832,46.02399753151985,rebalance
2018-07-02T00:00:00,SPY,buy,0.2804564618880082,67.86430140346783,rebalance
2018-07-03T00:00:00,SPY,sell,0.4646376635313829,112.03509017704346,rebalance
2018-07-05T00:00:00,SPY,buy,1.066169109702702,259.17572824808303,rebalance
2018-07-06T00:00:00,SPY,buy,1.0947420043678386,268.37250446160033,rebalance
2018-07-09T00:00:00,SPY,buy,1.1535886129773707,285.34490309953253,rebalance
2018-07-10T00:00:00,SPY,buy,0.4586828730532489,113.86536363629057,rebalance
2018-07-11T00:00:00,SPY,sell,0.9369380655969821,230.8882252852345,rebalance
2018-07-12T00:00:00,SPY,buy,1.151475027741082,286.32873639417085,rebalance
2018-07-13T00:00:00,SPY,buy,0.10003189373671537,24.89377839435474,rebalance
2018-07-16T00:00:00,SPY,sell,0.11334258581114814,28.181035239311313,rebalance
2018-07-17T00:00:00,SPY,buy,0.5111107125223139,127.59451244768206,rebalance
2018-07-18T00:00:00,SPY,buy,0.2651102373230742,66.32175785452637,rebalance
2018-07-19T00:00:00,SPY,sell,0.4765054106499725,118.75627134998285,rebalance
2018-07-20T00:00:00,SPY,sell,0.14437885378895488,35.941467331387685,rebalance
2018-07-23T00:00:00,SPY,buy,0.23505907244693436,58.62404686465743,rebalance
2018-07-24T00:00:00,SPY,buy,0.6330052472600037,158.6667601440895,rebalance
2018-07-25T00:00:00,SPY,buy,1.0610873133547003,268.23495870048646,rebalance
2018-07-26T00:00:00,SPY,sell,0.2941540177860077,74.18449783724645,rebalance
2018-07-27T00:00:00,SPY,sell,0.8499930535927956,212.912430087963,rebalance
2018-07-30T00:00:00,SPY,sell,0.6595816632342274,164.3537790536393,rebalance
2018-07-31T00:00:00,SPY,buy,0.6201503063908086,155.2900236477799,rebalance
2018-08-01T00:00:00,SPY,sell,0.21000799531064623,52.499630726029864,rebalance
2018-08-02T00:00:00,SPY,buy,0.6828907260167767,171.64499453568715,rebalance
2018-08-03T00:00:00,SPY,buy,0.534137281337579,134.83096596980977,rebalance
2018-08-06T00:00:00,SPY,buy,0.4549417379850041,115.26097765328814,rebalance
2018-08-07T00:00:00,SPY,buy,0.4082551029421681,103.77436561358627,rebalance
2018-08-08T00:00:00,SPY,sell,0.051806143404993614,13.163067063498602,rebalance
2018-08-09T00:00:00,SPY,sell,0.16883363953542985,42.839178811958845,rebalance
2018-08-10T00:00:00,SPY,sell,0.8336878649137488,210.1194018402348,rebalance
2018-08-13T00:00:00,SPY,sell,0.4684824403938989,117.63241229577761,rebalance
2018-08-14T00:00:00,SPY,buy,0.7941260271519653,200.67140354728326,rebalance
2018-08-15T00:00:00,SPY,sell,0.9358058629610547,234.70731003567562,rebalance
2018-08-16T00:00:00,SPY,buy,1.0059547054806093,254.3426676161762,rebalance
2018-08-17T00:00:00,SPY,buy,0.4358249727461997,110.58061824251854,rebalance
2018-08-20T00:00:00,SPY,buy,0.26443571108971825,67.23811377323,rebalance
2018-08-21T00:00:00,SPY,buy,0.28874021682589074,73.5901910950779,rebalance
2018-08-22T00:00:00,SPY,sell,0.07301710001962691,18.598564848085516,rebalance
2018-08-23T00:00:00,SPY,sell,0.1635610300896144,41.60616147566907,rebalance
2018-08-24T00:00:00,SPY,buy,0.7372600992420792,188.67061474069487,rebalance
2018-08-27T00:00:00,SPY,buy,0.9594468625512957,247.46854111094945,rebalance
2018-08-28T00:00:00,SPY,buy,0.05929776518370943,15.301964924976346,rebalance
2018-08-29T00:00:00,SPY,buy,0.6478891274530508,168.08926632050498,rebalance
2018-08-30T00:00:00,SPY,sell,0.4888051940294386,126.30294809722545,rebalance
2018-08-31T00:00:00,SPY,buy,0.004545695371460463,1.1746080724115018,rebalance
2018-09-04T00:00:00,SPY,sell,0.20853171457387198,53.791795632794674,rebalance
2018-09-05T00:00:00,SPY,sell,0.32671700223270556,84.05143853843765,rebalance
2018-09-06T00:00:00,SPY,sell,0.36675348166076577,94.06728741551342,rebalance
2018-09-07T00:00:00,SPY,sell,0.23699958312303693,60.66904361409979,rebalance
2018-09-10T00:00:00,SPY,buy,0.21206639214636555,54.38082408838818,rebalance
2018-09-11T00:00:00,SPY,buy,0.40092621322602484,103.14970835512213,rebalance
2018-09-12T00:00:00,SPY,buy,0.029593767261171657,7.615686149387329,rebalance
2018-09-13T00:00:00,SPY,buy,0.714257000631646,184.89462747317157,rebalance
2018-09-14T00:00:00,SPY,buy,0.0211194872462058,5.467990447399643,rebalance
2018-09-17T00:00:00,SPY,sell,0.6415834194081751,165.2313043024442,rebalance
2018-09-18T00:00:00,SPY,buy,0.6550397164519817,169.61214765395562,rebalance
2018-09-19T00:00:00,SPY,buy,0.12854185038569862,33.31932801731091,rebalance
2018-09-20T00:00:00,SPY,buy,0.967903456343918,252.92344057557057,rebalance
2018-09-21T00:00:00,SPY,sell,0.10792980922544161,28.17743371037068,rebalance
2018-09-24T00:00:00,SPY,sell,0.397513648173532,103.43488791144046,rebalance
2018-09-25T00:00:00,SPY,sell,0.1112800946010125,28.928729021492472,rebalance
2018-09-26T00:00:00,SPY,sell,0.3599443781493879,93.29229261818546,rebalance
2018-09-27T00:00:00,SPY,buy,0.3354639335721147,87.19029911512553,rebalance
2018-09-28T00:00:00,SPY,buy,0.012248345835520534,3.1837898178164323,rebalance
2018-10-01T00:00:00,SPY,buy,0.4153497022322283,108.33958665079263,rebalance
2018-10-02T00:00:00,SPY,sell,0.06953272477644798,18.126310068189923,rebalance
2018-10-03T00:00:00,SPY,buy,191.168635231223,49862.62340646969,rebalance
2018-10-04T00:00:00,SPY,buy,0.5733883868359728,148.38827043118363,rebalance
2018-10-05T00:00:00,SPY,buy,0.4054194447194615,104.3320612476673,rebalance
2018-10-08T00:00:00,SPY,buy,0.00011876445501611404,0.030563261225324823,rebalance
2018-10-09T00:00:00,SPY,buy,0.10579822724920632,27.186757490802847,rebalance
2018-10-10T00:00:00,SPY,buy,2.369930514039731,589.7133580504196,rebalance
2018-10-11T00:00:00,SPY,buy,1.674142083773041,407.40353366493946,rebalance
2018-10-12T00:00:00,SPY,sell,1.0419476349373455,257.08008529131257,rebalance
2018-10-15T00:00:00,SPY,buy,0.42135584577850416,103.37730618043861,rebalance
2018-10-16T00:00:00,SPY,sell,1.6068044928468517,402.84056766972935,rebalance
2018-10-17T00:00:00,SPY,sell,0.013724440074386217,3.441456540909712,rebalance
2018-10-18T00:00:00,SPY,buy,1.0818078516412448,267.3500188757498,rebalance
2018-10-19T00:00:00,SPY,buy,0.03937919362230729,9.726605543859478,rebalance
2018-10-22T00:00:00,SPY,buy,0.3366471314872909,82.77812186131632,rebalance
2018-10-23T00:00:00,SPY,buy,0.384485412120819,94.05978937240434,rebalance
2018-10-24T00:00:00,SPY,buy,2.34995453994413,557.4700956714078,rebalance
2018-10-25T00:00:00,SPY,sell,1.3619923721350033,328.8965515630989,rebalance
2018-10-26T00:00:00,SPY,buy,1.3538656485928797,321.18415270346304,rebalance
2018-10-29T00:00:00,SPY,buy,0.42384023653912933,99.99259478147724,rebalance
2018-10-30T00:00:00,SPY,sell,1.1286172743343816,270.20958484800576,rebalance
2018-10-31T00:00:00,SPY,sell,0.8052289842550608,194.84420713975487,rebalance
2018-11-01T00:00:00,SPY,sell,0.7981271792793138,195.1810054951966,rebalance
2018-11-02T00:00:00,SPY,buy,0.44888933089569144,109.12512237168266,rebalance
2018-11-05T00:00:00,SPY,sell,0.4150205287389129,101.4481953348477,rebalance
2018-11-06T00:00:00,SPY,sell,0.47345416530211737,116.46416192464676,rebalance
2018-11-07T00:00:00,SPY,sell,1.5691940171318974,394.26713211653987,rebalance
2018-11-08T00:00:00,SPY,buy,0.13221577319684222,33.15951861090434,rebalance
2018-11-09T00:00:00,SPY,buy,0.7283910408187739,180.89499694077313,rebalance
2018-11-12T00:00:00,SPY,buy,1.416274601564385,345.15789387540644,rebalance
2018-11-13T00:00:00,SPY,buy,0.14023730898214434,34.11303354852498,rebalance
2018-11-14T00:00:00,SPY,buy,0.5196816529426155,125.54946835650117,rebalance
2018-11-15T00:00:00,SPY,sell,0.7838200523963645,191.3387799145312,rebalance
2018-11-16T00:00:00,SPY,sell,0.19661391608451306,48.12036193478343,rebalance
2018-11-19T00:00:00,SPY,buy,1.2935946905490454,311.2463121884575,rebalance
2018-11-20T00:00:00,SPY,buy,1.440253998602382,340.1202803796041,rebalance
2018-11-21T00:00:00,SPY,sell,0.26523556500731954,62.84960204733943,rebalance
2018-11-23T00:00:00,SPY,buy,0.517459630377387,121.79714735395828,rebalance
2018-11-26T00:00:00,SPY,sell,1.2316883110313768,294.58911193196036,rebalance
2018-11-27T00:00:00,SPY,sell,0.2583612844817196,62.001480811879446,rebalance
2018-11-28T00:00:00,SPY,sell,1.7175234329917055,421.6611753641846,rebalance
2018-11-29T00:00:00,SPY,buy,0.16228714448209497,39.75530616420656,rebalance
2018-11-30T00:00:00,SPY,sell,0.45534949882540876,112.22639937297572,rebalance
2018-12-03T00:00:00,SPY,sell,0.9759446969083213,243.7183910614949,rebalance
2018-12-04T00:00:00,SPY,sell,200.02416957920002,48332.6132601352,rebalance
2018-12-06T00:00:00,SPY,buy,0.6907486397259022,166.65510383997753,rebalance
2018-12-07T00:00:00,SPY,sell,2.990281852756869,704.6935282459053,rebalance
2018-12-10T00:00:00,SPY,buy,0.24678751419301947,58.2685821364139,rebalance
2018-12-11T00:00:00,SPY,buy,0.030259464968803614,7.146133996640856,rebalance
2018-12-12T00:00:00,SPY,buy,0.6468559393633726,153.53194220243677,rebalance
2018-12-13T00:00:00,SPY,sell,0.0425779983899963,10.10250979652119,rebalance
2018-12-14T00:00:00,SPY,sell,2.4142234732550634,562.2471770402844,rebalance
2018-12-17T00:00:00,SPY,sell,2.6250509820297907,599.3532215923588,rebalance
2018-12-18T00:00:00,SPY,sell,0.15153924226555893,34.56158846568724,rebalance
2018-12-19T00:00:00,SPY,sell,2.0497779163803753,460.49222975968587,rebalance
2018-12-20T00:00:00,SPY,sell,2.2697130373866132,501.6015594669334,rebalance
2018-12-21T00:00:00,SPY,sell,2.934731581867212,635.2803639393278,rebalance
2018-12-24T00:00:00,SPY,sell,3.898973698756387,821.7082310639707,rebalance
2018-12-26T00:00:00,SPY,buy,7.1499254687895695,1582.979163154534,rebalance
2018-12-27T00:00:00,SPY,buy,1.042013697609646,232.47094091604595,rebalance
2018-12-28T00:00:00,SPY,sell,0.17694795617918743,39.42577098427137,rebalance
2018-12-31T00:00:00,SPY,buy,1.2044333423375069,270.71021409247624,rebalance
2019-01-02T00:00:00,SPY,buy,0.13835288394353584,31.12875289146905,rebalance
2019-01-03T00:00:00,SPY,sell,3.351066355416418,735.9823457647908,rebalance
2019-01-04T00:00:00,SPY,buy,4.568286150105234,1036.9228847773775,rebalance
2019-01-07T00:00:00,SPY,buy,1.063421430540899,243.2816025846114,rebalance
2019-01-08T00:00:00,SPY,buy,1.2522300199986247,289.16736147191114,rebalance
2019-01-09T00:00:00,SPY,buy,0.6185119805831514,143.49548732607946,rebalance
2019-01-10T00:00:00,SPY,buy,0.4627965650694102,107.7480878176284,rebalance
2019-01-11T00:00:00,SPY,buy,0.050329611475832606,11.722243114236335,rebalance
2019-01-14T00:00:00,SPY,sell,0.8056899399409043,186.50795153127547,rebalance
2019-01-15T00:00:00,SPY,buy,1.4984832895482503,350.8572544644303,rebalance
2019-01-16T00:00:00,SPY,buy,0.3159534025470976,74.15683224194072,rebalance
2019-01-17T00:00:00,SPY,buy,0.9785166942521928,231.4082388514471,rebalance
2019-01-18T00:00:00,SPY,buy,1.6934778027877684,405.81912801055296,rebalance
2019-01-22T00:00:00,SPY,sell,1.7363994027461147,410.482874050329,rebalance
2019-01-23T00:00:00,SPY,buy,0.2677305021194885,63.42362626011163,rebalance
2019-01-24T00:00:00,SPY,buy,0.06826002709536921,16.17894920960316,rebalance
2019-01-25T00:00:00,SPY,buy,1.0774248134807314,257.53141014555877,rebalance
2019-01-28T00:00:00,SPY,sell,0.9750011142708149,231.27832484586543,rebalance
2019-01-29T00:00:00,SPY,sell,0.17018240537221271,40.31511235711514,rebalance
2019-01-30T00:00:00,SPY,buy,2.0019289426200233,481.75163300099666,rebalance
2019-01-31T00:00:00,SPY,buy,1.097309250026402,266.3796397099577,rebalance
2019-02-01T00:00:00,SPY,buy,0.060656303425757785,14.731846013110044,rebalance
2019-02-04T00:00:00,SPY,buy,0.869963143175002,212.77801639958125,rebalance
2019-02-05T00:00:00,SPY,buy,0.5159698408818277,126.72633730723828,rebalance
2019-02-06T00:00:00,SPY,sell,0.1619840589907456,39.7321566921637,rebalance
2019-02-07T00:00:00,SPY,sell,1.1835002670918204,287.52663681881677,rebalance
2019-02-08T00:00:00,SPY,buy,0.1538678912627038,37.427261065935454,rebalance
2019-02-11T00:00:00,SPY,buy,0.06905796396395439,16.807171653090336,rebalance
2019-02-12T00:00:00,SPY,buy,1.5769082128417802,388.7195203330375,rebalance
2019-02-13T00:00:00,SPY,buy,0.3974864901040054,98.30149131830694,rebalance
2019-02-14T00:00:00,SPY,sell,0.27091421782275,66.85056354150584,rebalance
2019-02-15T00:00:00,SPY,buy,1.3154872185096842,328.1459341318805,rebalance
2019-02-19T00:00:00,SPY,buy,0.2074858000108464,51.846533723932225,rebalance
2019-02-20T00:00:00,SPY,buy,0.24177617538968715,60.53677956093452,rebalance
2019-02-21T00:00:00,SPY,sell,0.42783573789391255,106.74207888965611,rebalance
2019-02-22T00:00:00,SPY,buy,0.7417796854369506,186.21642384518054,rebalance
2019-02-25T00:00:00,SPY,buy,0.16374333553248538,41.16209531163622,rebalance
2019-02-26T00:00:00,SPY,sell,0.08540682936780317,21.454358177150425,rebalance
2019-02-27T00:00:00,SPY,sell,0.051221451147575876,12.86139719116909,rebalance
2019-02-28T00:00:00,SPY,sell,0.22279486476863902,55.83826894482627,rebalance
2019-03-01T00:00:00,SPY,buy,0.7425116017208648,187.2548523878504,rebalance
2019-03-04T00:00:00,SPY,sell,0.43257096389257166,108.69376467321126,rebalance
2019-03-05T00:00:00,SPY,sell,0.16236566732517507,40.74276751819707,rebalance
2019-03-06T00:00:00,SPY,sell,0.7283691679245582,181.6641683739981,rebalance
2019-03-07T00:00:00,SPY,sell,1.0153908228035227,251.13235331377655,rebalance
2019-03-08T00:00:00,SPY,sell,0.24159452499581194,59.633060902961006,rebalance
2019-03-11T00:00:00,SPY,buy,1.7438951721806395,436.6896745731319,rebalance
2019-03-12T00:00:00,SPY,buy,0.4517865868551272,113.5587122029865,rebalance
2019-03-13T00:00:00,SPY,buy,0.7848207729092044,198.57421765021354,rebalance
2019-03-14T00:00:00,SPY,sell,0.07538686569674317,19.062075588950393,rebalance
2019-03-15T00:00:00,SPY,buy,0.5819347030583686,147.8730480114864,rebalance
2019-03-18T00:00:00,SPY,buy,0.42540041050159244,108.48871724709534,rebalance
2019-03-19T00:00:00,SPY,buy,0.029636941378821197,7.560103095624072,rebalance
2019-03-20T00:00:00,SPY,sell,0.3534670411798436,89.89470054099365,rebalance
2019-03-21T00:00:00,SPY,buy,1.3130054352929055,337.6988031746114,rebalance
2019-03-22T00:00:00,SPY,sell,2.275359891178531,573.9485612710123,rebalance
2019-03-25T00:00:00,SPY,sell,0.0877450320300859,22.116610894401674,rebalance
2019-03-26T00:00:00,SPY,buy,0.879197374499758,223.2584465276268,rebalance
2019-03-27T00:00:00,SPY,sell,0.6185835730696383,156.25823527717148,rebalance
2019-03-28T00:00:00,SPY,buy,0.4473562096996806,113.43342788115115,rebalance
2019-03-29T00:00:00,SPY,buy,0.739898250537244,188.79451766771672,rebalance
2019-04-01T00:00:00,SPY,buy,1.3733137955723256,354.57438346403796,rebalance
2019-04-02T00:00:00,SPY,buy,0.05716988391784939,14.767852661305369,rebalance
2019-04-03T00:00:00,SPY,buy,0.18117368548624246,46.873582340103894,rebalance
2019-04-04T00:00:00,SPY,buy,0.30446189001959933,78.97992110146515,rebalance
2019-04-05T00:00:00,SPY,buy,0.5524988541139217,144.016494674368,rebalance
2019-04-08T00:00:00,SPY,buy,0.08674512705419414,22.628552294525434,rebalance
2019-04-09T00:00:00,SPY,sell,0.5863579904361865,152.1750191389765,rebalance
2019-04-10T00:00:00,SPY,buy,0.3893638110091209,101.39456415911263,rebalance
2019-04-11T00:00:00,SPY,sell,0.03129656037094064,8.147705343264533,rebalance
2019-04-12T00:00:00,SPY,buy,0.7669145747194183,201.00845514108732,rebalance
2019-04-15T00:00:00,SPY,sell,0.07384493726678226,19.342091198999697,rebalance
2019-04-16T00:00:00,SPY,buy,0.07416500009468721,19.438660557501862,rebalance
2019-04-17T00:00:00,SPY,sell,0.27748223050702797,72.5501713619633,rebalance
2019-04-18T00:00:00,SPY,buy,0.22299633993630186,58.41915447169595,rebalance
2019-04-22T00:00:00,SPY,buy,0.09749388287024431,25.562852649531123,rebalance
2019-04-23T00:00:00,SPY,buy,1.0079631566941551,266.66377725709754,rebalance
2019-04-24T00:00:00,SPY,sell,0.24843640476299136,65.57975806855393,rebalance
2019-04-25T00:00:00,SPY,sell,0.0690356711609351,18.21211694869271,rebalance
2019-04-26T00:00:00,SPY,buy,0.5202541529942211,137.88595826646997,rebalance
2019-04-29T00:00:00,SPY,buy,0.17490780114953702,46.429496798511536,rebalance
2019-04-30T00:00:00,SPY,buy,0.05685514547511148,15.099977430065337,rebalance
2019-05-01T00:00:00,SPY,sell,0.8428473978294222,222.16665694048424,rebalance
2019-05-02T00:00:00,SPY,sell,0.2427246364134292,63.84177934910622,rebalance
2019-05-03T00:00:00,SPY,buy,1.0917537101707606,289.96526088052633,rebalance
2019-05-06T00:00:00,SPY,sell,0.463963889820882,122.71975149061473,rebalance
2019-05-07T00:00:00,SPY,sell,1.898649442827816,493.8119044373598,rebalance
2019-05-08T00:00:00,SPY,sell,0.15761308493339127,40.935968056895945,rebalance
2019-05-09T00:00:00,SPY,sell,0.346939292967212,89.83597433158866,rebalance
2019-05-10T00:00:00,SPY,buy,0.5746064481105431,149.53517312616168,rebalance
2019-05-13T00:00:00,SPY,sell,2.945473192593098,747.2649219752493,rebalance
2019-05-14T00:00:00,SPY,buy,1.0543336764020985,269.9028894897383,rebalance
2019-05-15T00:00:00,SPY,buy,0.6772647744511711,174.39111168694944,rebalance
2019-05-16T00:00:00,SPY,buy,1.0622168022900336,276.0468007072632,rebalance
2019-05-17T00:00:00,SPY,sell,0.746068465652718,192.63329316462477,rebalance
2019-05-20T00:00:00,SPY,sell,0.7658676588160148,196.43790252391773,rebalance
2019-05-21T00:00:00,SPY,buy,1.0376535165111986,268.54797907367174,rebalance
2019-05-22T00:00:00,SPY,sell,0.35471919705401034,91.52045398571136,rebalance
2019-05-23T00:00:00,SPY,sell,1.4263856865709639,363.52245394835336,rebalance
2019-05-24T00:00:00,SPY,buy,0.2637039375465066,67.35888871536008,rebalance
2019-05-28T00:00:00,SPY,sell,1.0966668476984227,277.5204682765652,rebalance
2019-05-29T00:00:00,SPY,sell,0.7970031286351114,200.33463393235797,rebalance
2019-05-30T00:00:00,SPY,buy,0.32441422027675404,81.76746172194544,rebalance
2019-05-31T00:00:00,SPY,sell,1.6234611609719178,403.67368208300104,rebalance
2019-06-03T00:00:00,SPY,sell,0.3074766986264809,76.25968242387535,rebalance
2019-06-04T00:00:00,SPY,buy,191.36716610667875,48492.71320635469,rebalance
2019-06-05T00:00:00,SPY,sell,0.9911262707541414,253.32822099453188,rebalance
2019-06-06T00:00:00,SPY,sell,0.45268473652500785,116.45694755255681,rebalance
2019-06-07T00:00:00,SPY,sell,0.6904407027360767,179.3991159434663,rebalance
2019-06-10T00:00:00,SPY,sell,0.3153283810580563,82.30863685635995,rebalance
2019-06-11T00:00:00,SPY,buy,0.01713287446463562,4.471028236537677,rebalance
2019-06-12T00:00:00,SPY,buy,0.12195889746114973,31.7704528299073,rebalance
2019-06-13T00:00:00,SPY,sell,0.2839488423548391,74.27425119151667,rebalance
2019-06-14T00:00:00,SPY,buy,0.07597689206420492,19.85178482538322,rebalance
2019-06-17T00:00:00,SPY,sell,0.026232875178012843,6.856918761648558,rebalance
2019-06-18T00:00:00,SPY,sell,0.7138442723816191,188.54307277247426,rebalance
2019-06-19T00:00:00,SPY,sell,0.15409677144900252,40.79244109416322,rebalance
2019-06-20T00:00:00,SPY,sell,0.6454774545461239,172.50314058474032,rebalance
2019-06-21T00:00:00,SPY,buy,0.09823447478342413,26.214889474140364,rebalance
2019-06-24T00:00:00,SPY,buy,0.08310306476717799,22.14975901125581,rebalance
2019-06-25T00:00:00,SPY,buy,0.6724062212085506,177.46111008669322,rebalance
2019-06-26T00:00:00,SPY,buy,0.06745926956938114,17.786058042402146,rebalance
2019-06-27T00:00:00,SPY,sell,0.24191564034918542,64.00873893588869,rebalance
2019-06-28T00:00:00,SPY,sell,0.3493477918356618,92.90999835431285,rebalance
2019-07-01T00:00:00,SPY,sell,0.6108326597103904,163.92742427848862,rebalance
2019-07-02T00:00:00,SPY,sell,0.1757020728928936,47.27546634194732,rebalance
2019-07-03T00:00:00,SPY,sell,179.22844630575412,48609.84716020124,rebalance
2019-07-05T00:00:00,SPY,buy,0.15155540259102446,41.057671166377986,rebalance
2019-07-08T00:00:00,SPY,sell,0.6161374850338583,165.9998259002241,rebalance
2019-07-09T00:00:00,SPY,buy,0.14063845509341416,37.93805160684133,rebalance
2019-07-10T00:00:00,SPY,buy,0.5332486145556122,144.53431279872166,rebalance
2019-07-11T00:00:00,SPY,buy,0.261086510433236,70.93204498407067,rebalance
2019-07-12T00:00:00,SPY,buy,0.4953473896182603,135.17856117115662,rebalance
2019-07-15T00:00:00,SPY,buy,0.0371145648170318,10.131802748757764,rebalance
2019-07-16T00:00:00,SPY,sell,0.357297986647955,97.22321591051877,rebalance
2019-07-17T00:00:00,SPY,sell,0.7595147858517256,205.26281123023728,rebalance
2019-07-18T00:00:00,SPY,buy,0.4085018607631928,110.80388576427504,rebalance
2019-07-19T00:00:00,SPY,sell,0.621232277667751,167.56980454054428,rebalance
2019-07-22T00:00:00,SPY,buy,0.2746914789230767,74.27668320215889,rebalance
2019-07-23T00:00:00,SPY,buy,0.7937120551261306,216.1545726416116,rebalance
2019-07-24T00:00:00,SPY,buy,0.5178406747269692,141.68827581567894,rebalance
2019-07-25T00:00:00,SPY,sell,0.528542231985323,143.92552736070502,rebalance
2019-07-26T00:00:00,SPY,buy,0.7370395784828987,202.04533802823062,rebalance
2019-07-29T00:00:00,SPY,sell,0.20018062973594802,54.77578101571635,rebalance
2019-07-30T00:00:00,SPY,sell,0.27060696558457703,73.8648915301892,rebalance
2019-07-31T00:00:00,SPY,sell,1.2215759078538777,329.79336015861554,rebalance
2019-08-01T00:00:00,SPY,sell,0.9832268897863194,263.13396597412066,rebalance
2019-08-02T00:00:00,SPY,buy,181.9664685466183,48331.694556948845,rebalance
2019-08-05T00:00:00,SPY,buy,2.774710478185309,714.8213232289272,rebalance
2019-08-06T00:00:00,SPY,sell,0.982947496155983,256.77799497421074,rebalance
2019-08-07T00:00:00,SPY,sell,0.04454816857172013,11.644313204305945,rebalance
2019-08-08T00:00:00,SPY,sell,1.3444071352383062,358.30522070614825,rebalance
2019-08-09T00:00:00,SPY,buy,0.4705392523827438,124.55178892875483,rebalance
2019-08-12T00:00:00,SPY,buy,0.8534499990535716,223.15823987246404,rebalance
2019-08-13T00:00:00,SPY,sell,1.069793783711517,284.07758847269724,rebalance
2019-08-14T00:00:00,SPY,buy,2.0992622862087864,540.9647335187692,rebalance
2019-08-15T00:00:00,SPY,sell,0.18866161451129823,48.74515101708312,rebalance
2019-08-16T00:00:00,SPY,sell,1.0246801777179202,268.6566454745189,rebalance
2019-08-19T00:00:00,SPY,sell,0.8273854146253212,219.5422556063604,rebalance
2019-08-20T00:00:00,SPY,buy,0.5328365406684512,140.30190370129276,rebalance
2019-08-21T00:00:00,SPY,sell,0.5620932170016028,149.20958968533887,rebalance
2019-08-22T00:00:00,SPY,buy,0.02141902983816453,5.684006409326685,rebalance
2019-08-23T00:00:00,SPY,buy,1.8215462997256002,470.97005695169355,rebalance
2019-08-26T00:00:00,SPY,sell,0.7751105603465732,202.6249423938316,rebalance
2019-08-27T00:00:00,SPY,buy,0.27596346937183175,71.85775285401178,rebalance
2019-08-28T00:00:00,SPY,sell,0.48992509543962454,128.4691608631656,rebalance
2019-08-29T00:00:00,SPY,sell,0.8782364834264741,233.23452901353812,rebalance
2019-08-30T00:00:00,SPY,buy,0.03158945150335619,8.385529222970945,rebalance
2019-09-03T00:00:00,SPY,buy,0.40632525003918446,107.22977660808101,rebalance
2019-09-04T00:00:00,SPY,sell,0.7796877738971763,208.0961399109692,rebalance
2019-09-05T00:00:00,SPY,sell,0.871707480953351,235.64678285058108,rebalance
2019-09-06T00:00:00,SPY,sell,0.0526453499003446,14.24249025851168,rebalance
2019-09-09T00:00:00,SPY,sell,0.0342342877920371,9.266287074144202,rebalance
2019-09-10T00:00:00,SPY,buy,0.015940253712112433,4.313579175628547,rebalance
2019-09-11T00:00:00,SPY,sell,0.4807909374739586,131.0316262764245,rebalance
2019-09-12T00:00:00,SPY,sell,0.23358833100923154,63.881154789571156,rebalance
2019-09-13T00:00:00,SPY,buy,0.0449068550218066,12.272857918738737,rebalance
2019-09-16T00:00:00,SPY,buy,0.20944653091224671,57.06406784461069,rebalance
2019-09-17T00:00:00,SPY,sell,0.17114334368009343,46.74636176666172,rebalance
2019-09-18T00:00:00,SPY,sell,0.04055020697439746,11.082572782645002,rebalance
2019-09-19T00:00:00,SPY,buy,0.004489989155566807,1.2270547872140014,rebalance
2019-09-20T00:00:00,SPY,buy,0.32086261140330385,87.27322026092588,rebalance
2019-09-23T00:00:00,SPY,buy,0.015993459363882367,4.349130084498029,rebalance
2019-09-24T00:00:00,SPY,buy,0.5365557125209083,144.76164397925095,rebalance
2019-09-25T00:00:00,SPY,sell,0.4015404809258792,108.97559650174662,rebalance
2019-09-26T00:00:00,SPY,buy,0.14168413439711713,38.37209602344228,rebalance
2019-09-27T00:00:00,SPY,buy,0.3684668874534425,99.25368753512157,rebalance
2019-09-30T00:00:00,SPY,sell,0.3157572193658571,85.4498028087437,rebalance
2019-10-01T00:00:00,SPY,buy,0.8198343374530667,219.2234466374939,rebalance
2019-10-02T00:00:00,SPY,sell,184.45321810735825,48451.48323547488,rebalance
2019-10-03T00:00:00,SPY,buy,1.0586486991216733,280.3601438664482,rebalance
2019-10-04T00:00:00,SPY,buy,1.5328609944917668,411.43817223496444,rebalance
2019-10-07T00:00:00,SPY,sell,0.48942045588011396,130.79951369668925,rebalance
2019-10-08T00:00:00,SPY,sell,1.787691594222492,470.3501800899321,rebalance
2019-10-09T00:00:00,SPY,buy,1.0853138312902924,288.2629372990923,rebalance
2019-10-10T00:00:00,SPY,buy,0.7682324415242319,205.42511572872536,rebalance
2019-10-11T00:00:00,SPY,buy,1.1652530834437087,314.8185392821142,rebalance
2019-10-14T00:00:00,SPY,sell,0.12464685043327951,33.63856283932182,rebalance
2019-10-15T00:00:00,SPY,buy,1.0983263404811758,299.34085334498377,rebalance
2019-10-16T00:00:00,SPY,sell,0.17808393283151147,48.457530499606946,rebalance
2019-10-17T00:00:00,SPY,buy,0.3259410855645373,88.95174731271618,rebalance
2019-10-18T00:00:00,SPY,sell,0.4857697682851811,131.98992274351986,rebalance
2019-10-21T00:00:00,SPY,buy,0.7476765094265588,204.5306192427597,rebalance
2019-10-22T00:00:00,SPY,sell,0.3603969173391152,98.26629773446257,rebalance
2019-10-23T00:00:00,SPY,buy,0.32110618447889744,87.8079697723515,rebalance
2019-10-24T00:00:00,SPY,buy,0.18014111021767748,49.340890877825586,rebalance
2019-10-25T00:00:00,SPY,buy,0.44856486387366895,123.36568653489667,rebalance
2019-10-28T00:00:00,SPY,buy,0.6139740445442643,169.80879211857973,rebalance
2019-10-29T00:00:00,SPY,sell,0.032168965238742395,8.894435171747318,rebalance
2019-10-30T00:00:00,SPY,buy,0.33237941099449814,92.1818510426383,rebalance
2019-10-31T00:00:00,SPY,sell,0.2890111291900507,79.94066531626595,rebalance
2019-11-01T00:00:00,SPY,buy,0.9969112102133413,278.30068815558116,rebalance
2019-11-04T00:00:00,SPY,buy,0.43154109417233816,120.95432595578677,rebalance
2019-11-05T00:00:00,SPY,sell,0.11807466769669055,33.05790896546387,rebalance
2019-11-06T00:00:00,SPY,buy,0.024404066838633998,6.8340748693590285,rebalance
2019-11-07T00:00:00,SPY,buy,0.3749219352996418,105.36175951838231,rebalance
2019-11-08T00:00:00,SPY,buy,0.26205123206286746,73.82409776202621,rebalance
2019-11-11T00:00:00,SPY,sell,0.2033679470438856,57.182656513941765,rebalance
2019-11-12T00:00:00,SPY,buy,0.22385752414670299,63.07654389871823,rebalance
2019-11-13T00:00:00,SPY,buy,0.034239765581070204,9.65089401406658,rebalance
2019-11-14T00:00:00,SPY,buy,0.15425465620223008,43.54184612475001,rebalance
2019-11-15T00:00:00,SPY,buy,0.761205380753028,216.42224906807678,rebalance
2019-11-18T00:00:00,SPY,buy,0.07748449222050652,22.04626521755563,rebalance
2019-11-19T00:00:00,SPY,sell,0.030206656275388245,8.592064349777502,rebalance
2019-11-20T00:00:00,SPY,sell,0.3915568329386458,110.96131302738286,rebalance
2019-11-21T00:00:00,SPY,sell,0.1697196007515693,48.01860483521159,rebalance
2019-11-22T00:00:00,SPY,buy,0.23429242209603213,66.43555108542205,rebalance
2019-11-25T00:00:00,SPY,buy,0.8102068099132933,231.5213679638,rebalance
2019-11-26T00:00:00,SPY,buy,0.23607722482600305,67.61327942681237,rebalance
2019-11-27T00:00:00,SPY,buy,0.46174942597149987,132.83602920710473,rebalance
2019-11-29T00:00:00,SPY,sell,0.38507108486029834,110.36636963193814,rebalance
2019-12-02T00:00:00,SPY,sell,0.8901909995623069,252.97295041315374,rebalance
2019-12-03T00:00:00,SPY,sell,0.7065898481593548,199.45087687680643,rebalance
2019-12-04T00:00:00,SPY,buy,168.8012595311729,47941.94280765763,rebalance
2019-12-05T00:00:00,SPY,sell,0.2882503494761762,82.01439373855828,rebalance
2019-12-06T00:00:00,SPY,sell,0.5684070402456094,163.20310818864527,rebalance
2019-12-09T00:00:00,SPY,buy,0.19643251520105995,56.22310656926129,rebalance
2019-12-10T00:00:00,SPY,buy,0.06978004877080421,19.95024115923661,rebalance
2019-12-11T00:00:00,SPY,sell,0.17729942889345282,50.83412374693944,rebalance
2019-12-12T00:00:00,SPY,sell,0.5339776950830492,154.41809401334467,rebalance
2019-12-13T00:00:00,SPY,sell,0.03748051486309221,10.845278877106466,rebalance
2019-12-16T00:00:00,SPY,sell,0.4233636795884436,123.34520182731649,rebalance
2019-12-17T00:00:00,SPY,sell,0.013532930671487057,3.9436247686608112,rebalance
2019-12-18T00:00:00,SPY,sell,0.0038787444721290086,1.1303740688417747,rebalance
2019-12-19T00:00:00,SPY,sell,0.25196411434013116,73.7303376760101,rebalance
2019-12-20T00:00:00,SPY,sell,0.26845889862742073,78.90147781510677,rebalance
2019-12-23T00:00:00,SPY,sell,0.09348279039821651,27.51705932585901,rebalance
2019-12-24T00:00:00,SPY,sell,0.0019286925087217772,0.5677366085437825,rebalance
2019-12-26T00:00:00,SPY,sell,0.32436120149929193,95.98832676861275,rebalance
2019-12-27T00:00:00,SPY,buy,0.01518369565675384,4.492204417845642,rebalance
2019-12-30T00:00:00,SPY,buy,0.33832928155305014,99.54525500464297,rebalance
2019-12-31T00:00:00,SPY,sell,0.1485046348286479,43.80007065896643,rebalance
2020-01-02T00:00:00,SPY,sell,0.5666160182836054,168.68100764027622,rebalance
2020-01-03T00:00:00,SPY,buy,0.4616340541294207,136.3873778877023,rebalance
2020-01-06T00:00:00,SPY,sell,0.23167077807379372,68.70704976210982,rebalance
2020-01-07T00:00:00,SPY,buy,0.17158515460978752,50.74424634868046,rebalance
2020-01-08T00:00:00,SPY,sell,0.32371792344122713,96.24590870473185,rebalance
2020-01-09T00:00:00,SPY,sell,0.4092082810132799,122.48834672510202,rebalance
2020-01-10T00:00:00,SPY,buy,0.1746488463343188,52.12720686476678,rebalance
2020-01-13T00:00:00,SPY,sell,0.41428759813276805,124.50229866290465,rebalance
2020-01-14T00:00:00,SPY,buy,0.09179558670998353,27.54448047026017,rebalance
2020-01-15T00:00:00,SPY,sell,0.13618431502819583,40.95625243633549,rebalance
2020-01-16T00:00:00,SPY,sell,0.49721301884094343,150.77634283023508,rebalance
2020-01-17T00:00:00,SPY,sell,0.18579737689875947,56.51711484350017,rebalance
2020-01-21T00:00:00,SPY,buy,0.11704869395326686,35.534955450333655,rebalance
2020-01-22T00:00:00,SPY,sell,0.007365002861607445,2.2362205710123817,rebalance
2020-01-23T00:00:00,SPY,sell,0.06856384809042877,20.841771468261868,rebalance
2020-01-24T00:00:00,SPY,buy,0.5366253105873471,161.67059168704873,rebalance
2020-01-27T00:00:00,SPY,buy,0.9829410414608906,291.38658437406775,rebalance
2020-01-28T00:00:00,SPY,sell,0.6335442067542887,189.77821740225772,rebalance
2020-01-29T00:00:00,SPY,buy,0.050483301782382285,15.109782560604799,rebalance
2020-01-30T00:00:00,SPY,sell,0.19566964812387574,58.75450534111951,rebalance
2020-01-31T00:00:00,SPY,buy,1.1160694255968788,329.04143545454644,rebalance
2020-02-03T00:00:00,SPY,sell,0.45304381594806786,134.55930861799425,rebalance
2020-02-04T00:00:00,SPY,sell,0.9124080196966667,275.12618552060303,rebalance
2020-02-05T00:00:00,SPY,sell,0.685078673515197,208.9632121426548,rebalance
2020-02-06T00:00:00,SPY,sell,0.19977142015303798,61.139449334848905,rebalance
2020-02-07T00:00:00,SPY,buy,0.3186130396020813,96.99086342534429,rebalance
2020-02-10T00:00:00,SPY,sell,0.4426386935329954,135.75222711203241,rebalance
2020-02-11T00:00:00,SPY,sell,0.10245517288866736,31.476278339923738,rebalance
2020-02-12T00:00:00,SPY,sell,0.37978222729683303,117.42843751551845,rebalance
2020-02-13T00:00:00,SPY,buy,0.06251415962162861,19.308710021472507,rebalance
2020-02-14T00:00:00,SPY,sell,0.09458902680126573,29.262466960208258,rebalance
2020-02-18T00:00:00,SPY,buy,0.15239454278301037,47.02393871433742,rebalance
2020-02-19T00:00:00,SPY,sell,0.28160497060046885,87.30947781559371,rebalance
2020-02-20T00:00:00,SPY,buy,0.24285927687831996,74.98735238303198,rebalance
2020-02-21T00:00:00,SPY,buy,0.6152970685425438,188.02795293708186,rebalance
2020-02-24T00:00:00,SPY,buy,2.048329626327446,605.1870143900705,rebalance
2020-02-25T00:00:00,SPY,buy,1.9063946639213438,546.1840492841002,rebalance
2020-02-26T00:00:00,SPY,buy,0.22782667775645918,65.03248829657241,rebalance
2020-02-27T00:00:00,SPY,buy,2.9500325426072194,804.259464044786,rebalance
2020-02-28T00:00:00,SPY,buy,0.2947693065157011,80.02453230132596,rebalance
2020-03-02T00:00:00,SPY,sell,2.7047040761522565,766.0770544755214,rebalance
2020-03-03T00:00:00,SPY,buy,1.8603472457035246,511.8354165021956,rebalance
2020-03-04T00:00:00,SPY,sell,2.61172249978702,748.7638160329952,rebalance
2020-03-05T00:00:00,SPY,buy,2.1329129756250365,591.1650678170627,rebalance
2020-03-06T00:00:00,SPY,buy,1.0942480340164713,298.2717173213314,rebalance
2020-03-09T00:00:00,SPY,buy,5.52566882402598,1388.5693957851763,rebalance
2020-03-10T00:00:00,SPY,sell,3.452497297778285,912.4864593477214,rebalance
2020-03-11T00:00:00,SPY,buy,3.383771785600828,850.7257975326465,rebalance
2020-03-12T00:00:00,SPY,buy,7.368582978963352,1675.313047663145,rebalance
2020-03-13T00:00:00,SPY,sell,5.979732983502404,1475.7680994707734,rebalance
2020-03-16T00:00:00,SPY,buy,8.436482921978685,1854.252851283596,rebalance
2020-03-17T00:00:00,SPY,sell,3.961940438445377,917.8100178716013,rebalance
2020-03-18T00:00:00,SPY,buy,3.8483470509978153,846.3563102178377,rebalance
2020-03-19T00:00:00,SPY,sell,0.1603376545675158,35.33754466669052,rebalance
2020-03-20T00:00:00,SPY,buy,3.4335729340142738,724.1297180407273,rebalance
2020-03-23T00:00:00,SPY,buy,2.068831768674124,425.1543672549342,rebalance
2020-03-24T00:00:00,SPY,sell,6.700957807816149,1501.8451135301766,rebalance
2020-03-25T00:00:00,SPY,sell,1.101950706403155,250.6708171907121,rebalance
2020-03-26T00:00:00,SPY,sell,4.107862347144099,989.0154976387821,rebalance
2020-03-27T00:00:00,SPY,buy,2.1590470688759105,504.3325875787086,rebalance
2020-03-30T00:00:00,SPY,sell,2.3030248653606344,555.4351213722402,rebalance
2020-03-31T00:00:00,SPY,buy,1.0757637357994283,255.58160822105492,rebalance
2020-04-01T00:00:00,SPY,buy,3.409126293062857,773.4940615953165,rebalance
2020-04-02T00:00:00,SPY,sell,197.46472488799853,45836.45105546531,rebalance
2020-04-03T00:00:00,SPY,sell,1.5026439159280858,343.75925892516534,rebalance
2020-04-06T00:00:00,SPY,buy,7.806535025941809,1905.8500533315237,rebalance
2020-04-07T00:00:00,SPY,buy,0.18849753724590773,46.065805658476165,rebalance
2020-04-08T00:00:00,SPY,buy,3.7110953140132987,937.3767179921706,rebalance
2020-04-09T00:00:00,SPY,buy,1.656246699671359,424.71370466400185,rebalance
2020-04-13T00:00:00,SPY,sell,0.9918763285369409,252.02598889907676,rebalance
2020-04-14T00:00:00,SPY,buy,3.112047754982174,814.0620412578319,rebalance
2020-04-15T00:00:00,SPY,sell,2.2933501401362526,587.1568452931715,rebalance
2020-04-16T00:00:00,SPY,buy,0.515371021267584,132.58485725623177,rebalance
2020-04-17T00:00:00,SPY,buy,2.8205375637287795,745.2168739667468,rebalance
2020-04-20T00:00:00,SPY,sell,1.8667044756090243,484.5145742846362,rebalance
2020-04-21T00:00:00,SPY,sell,3.3077652590437805,832.4821344992961,rebalance
2020-04-22T00:00:00,SPY,buy,2.3751105601967457,611.0232853545604,rebalance
2020-04-23T00:00:00,SPY,sell,0.0038514018709332994,0.990744100039592,rebalance
2020-04-24T00:00:00,SPY,buy,1.472184620049767,383.9871541014181,rebalance
2020-04-27T00:00:00,SPY,buy,1.499290206845184,396.69554316918584,rebalance
2020-04-28T00:00:00,SPY,sell,0.47175716401498174,124.24774735269602,rebalance
2020-04-29T00:00:00,SPY,buy,2.650041218220391,716.2183619045318,rebalance
2020-04-30T00:00:00,SPY,sell,0.9483616849469417,253.92433315347444,rebalance
2020-05-01T00:00:00,SPY,sell,2.7646158086413033,720.631010138808,rebalance
2020-05-04T00:00:00,SPY,buy,0.2956214586914261,77.26987211731466,rebalance
2020-05-05T00:00:00,SPY,buy,0.9614810551573756,253.63502285453433,rebalance
2020-05-06T00:00:00,SPY,sell,0.706000111856062,184.97760956840284,rebalance
2020-05-07T00:00:00,SPY,buy,1.2453503809203108,330.22904515978735,rebalance
2020-05-08T00:00:00,SPY,buy,1.6813672686622099,453.22437964375786,rebalance
2020-05-11T00:00:00,SPY,buy,0.01834064550933564,4.944865384364675,rebalance
2020-05-12T00:00:00,SPY,sell,2.0524420472966196,542.3344479340558,rebalance
2020-05-13T00:00:00,SPY,sell,1.8613333511426553,483.1376774742457,rebalance
2020-05-14T00:00:00,SPY,buy,1.256346544862888,330.0065575230219,rebalance
2020-05-15T00:00:00,SPY,buy,0.47468260267660306,125.25887087183946,rebalance
2020-05-18T00:00:00,SPY,buy,3.066758110202149,833.9030795526087,rebalance
2020-05-19T00:00:00,SPY,sell,1.036441325379315,278.93110139458076,rebalance
2020-05-20T00:00:00,SPY,buy,1.6861183991372592,461.4836798326214,rebalance
2020-05-21T00:00:00,SPY,sell,0.6879270046551272,186.9827502409389,rebalance
2020-05-22T00:00:00,SPY,buy,0.18978726383635314,51.68332663392357,rebalance
2020-05-26T00:00:00,SPY,buy,1.2136613566154948,334.5792649382274,rebalance
2020-05-27T00:00:00,SPY,buy,1.4419044455277539,403.415187944418,rebalance
2020-05-28T00:00:00,SPY,sell,0.17616450614183907,49.19625544527662,rebalance
2020-05-29T00:00:00,SPY,buy,0.4283652017446664,120.15966803850097,rebalance
2020-06-01T00:00:00,SPY,buy,0.38635545762941553,108.81366374346544,rebalance
2020-06-02T00:00:00,SPY,buy,0.7847731592911598,222.8545736357628,rebalance
2020-06-03T00:00:00,SPY,buy,1.2432226022098825,357.74052869803927,rebalance
2020-06-04T00:00:00,SPY,sell,0.24546986589400369,70.44904995897741,rebalance
2020-06-05T00:00:00,SPY,buy,2.330002533919169,685.8414508208225,rebalance
2020-06-08T00:00:00,SPY,buy,1.0817740871008166,322.2715533416558,rebalance
2020-06-09T00:00:00,SPY,sell,0.6708123545573841,198.3516878940609,rebalance
2020-06-10T00:00:00,SPY,sell,0.504280744298455,148.27814495375787,rebalance
2020-06-11T00:00:00,SPY,sell,5.532276054191604,1532.9265333794829,rebalance
2020-06-12T00:00:00,SPY,buy,1.1200607146815922,314.07178550540266,rebalance
2020-06-15T00:00:00,SPY,buy,0.88276448607637,249.84347038960186,rebalance
2020-06-16T00:00:00,SPY,buy,1.7983562327263882,518.7743491977744,rebalance
2020-06-17T00:00:00,SPY,sell,0.3841409606810967,110.35342392110033,rebalance
2020-06-18T00:00:00,SPY,buy,0.03648261260328508,10.484512558192364,rebalance
2020-06-19T00:00:00,SPY,sell,0.5349384936672485,152.85405458269815,rebalance
2020-06-22T00:00:00,SPY,buy,0.5981443309357728,172.01110771559252,rebalance
2020-06-23T00:00:00,SPY,buy,0.42778885677856227,123.58751924815806,rebalance
2020-06-24T00:00:00,SPY,sell,2.4212052288860426,681.6394667851637,rebalance
2020-06-25T00:00:00,SPY,buy,1.0150710407279535,288.835571339725,rebalance
2020-06-26T00:00:00,SPY,sell,2.293160300517376,637.0141502259539,rebalance
2020-06-29T00:00:00,SPY,buy,1.404721274506629,395.9510508268286,rebalance
2020-06-30T00:00:00,SPY,buy,1.2057734246194625,344.2267863173147,rebalance
2020-07-01T00:00:00,SPY,buy,0.6543236046649081,188.10615515998506,rebalance
2020-07-02T00:00:00,SPY,buy,148.31300353991517,42872.10778266522,rebalance
2020-07-06T00:00:00,SPY,sell,1.3866914493586897,407.0320270049524,rebalance
2020-07-07T00:00:00,SPY,buy,0.5643930899168961,163.95624429258896,rebalance
2020-07-08T00:00:00,SPY,sell,0.41659998574379026,121.94796200731435,rebalance
2020-07-09T00:00:00,SPY,buy,0.31206294054277744,90.8276673421642,rebalance
2020-07-10T00:00:00,SPY,sell,0.5532827176574744,162.68031535500268,rebalance
2020-07-13T00:00:00,SPY,buy,0.47532454940330005,138.54831566409484,rebalance
2020-07-14T00:00:00,SPY,sell,0.6990267805655582,206.39380075204463,rebalance
2020-07-15T00:00:00,SPY,sell,0.4913083145264451,146.39582878202054,rebalance
2020-07-16T00:00:00,SPY,buy,0.17674745053338387,52.49221821395622,rebalance
2020-07-17T00:00:00,SPY,sell,0.1560578789234825,46.481987827624835,rebalance
2020-07-20T00:00:00,SPY,sell,0.4313643164249186,129.52063768224616,rebalance
2020-07-21T00:00:00,SPY,sell,0.11297399059545526,33.99352486368298,rebalance
2020-07-22T00:00:00,SPY,sell,0.30223195338116504,91.45829630480148,rebalance
2020-07-23T00:00:00,SPY,buy,0.6417301681356945,191.87669358295534,rebalance
2020-07-24T00:00:00,SPY,buy,0.3484860685521458,103.52589687691216,rebalance
2020-07-27T00:00:00,SPY,sell,0.3905768082348746,116.8760930068529,rebalance
2020-07-28T00:00:00,SPY,buy,0.3418043609045875,101.63271242003975,rebalance
2020-07-29T00:00:00,SPY,sell,0.6548145154865342,197.0983298606152,rebalance
2020-07-30T00:00:00,SPY,buy,0.18924130891959245,56.75816261651562,rebalance
2020-07-31T00:00:00,SPY,sell,0.4199341536982777,126.94393655411841,rebalance
2020-08-03T00:00:00,SPY,sell,0.36689487473873994,111.68149880893543,rebalance
2020-08-04T00:00:00,SPY,sell,140.93338011869315,43065.32366316752,rebalance
2020-08-05T00:00:00,SPY,buy,0.45131476905359175,138.76579391093037,rebalance
2020-08-06T00:00:00,SPY,buy,0.5802594795174978,179.60505976962668,rebalance
2020-08-07T00:00:00,SPY,buy,0.06193330749586131,19.183694572588138,rebalance
2020-08-10T00:00:00,SPY,buy,0.25811623110861276,80.1898867259697,rebalance
2020-08-11T00:00:00,SPY,sell,0.7177080760907211,221.13228011879255,rebalance
2020-08-12T00:00:00,SPY,buy,1.1974053303159435,374.07500879465806,rebalance
2020-08-13T00:00:00,SPY,sell,0.15543134205134873,48.46969490592164,rebalance
2020-08-14T00:00:00,SPY,buy,0.0026611849264841863,0.8298883428178669,rebalance
2020-08-17T00:00:00,SPY,buy,0.27188629746652765,85.05686681719453,rebalance
2020-08-18T00:00:00,SPY,buy,0.1845384130569685,57.855687169394514,rebalance
2020-08-19T00:00:00,SPY,sell,0.3564699241542168,111.29358076016797,rebalance
2020-08-20T00:00:00,SPY,buy,0.2667204924545521,83.53214862748428,rebalance
2020-08-21T00:00:00,SPY,buy,0.30191476870537315,94.88980874407935,rebalance
2020-08-24T00:00:00,SPY,buy,0.8535924098379986,270.9969386292578,rebalance
2020-08-25T00:00:00,SPY,buy,0.293470443503636,93.4964967529013,rebalance
2020-08-26T00:00:00,SPY,buy,0.8299351171006503,267.05912971134967,rebalance
2020-08-27T00:00:00,SPY,buy,0.1809860360222848,58.365599524302525,rebalance
2020-08-28T00:00:00,SPY,buy,0.5285411533244059,171.54846083748998,rebalance
2020-08-31T00:00:00,SPY,sell,0.29676525283787425,95.97212398444026,rebalance
2020-09-01T00:00:00,SPY,buy,0.7653516533108372,249.84134886196625,rebalance
2020-09-02T00:00:00,SPY,buy,128.56744947763457,42576.597141767896,rebalance
2020-09-03T00:00:00,SPY,sell,129.22847936106547,41322.72687718533,rebalance
2020-09-04T00:00:00,SPY,sell,0.6902766572645803,218.92408149054245,rebalance
2020-09-08T00:00:00,SPY,sell,2.3216785758523044,716.2111294436763,rebalance
2020-09-09T00:00:00,SPY,buy,1.6524578093464395,519.8308110525722,rebalance
2020-09-10T00:00:00,SPY,sell,1.4741770282250277,455.6947615030949,rebalance
2020-09-11T00:00:00,SPY,buy,0.041920818784555176,12.965081442878727,rebalance
2020-09-14T00:00:00,SPY,buy,1.1102466342812098,347.894705403196,rebalance
2020-09-15T00:00:00,SPY,buy,0.4248895326191741,133.81139099093707,rebalance
2020-09-16T00:00:00,SPY,sell,0.3320114945636059,104.14615349355154,rebalance
2020-09-17T00:00:00,SPY,sell,0.7429561363926742,231.00249397750667,rebalance
2020-09-18T00:00:00,SPY,sell,0.9880929628824694,303.6842568693173,rebalance
2020-09-21T00:00:00,SPY,sell,0.9643988306117193,293.10322524757066,rebalance
2020-09-22T00:00:00,SPY,buy,0.8789110436963851,269.84194469007343,rebalance
2020-09-23T00:00:00,SPY,sell,2.0448418839158564,613.2448859209217,rebalance
2020-09-24T00:00:00,SPY,buy,0.2388585718835128,71.82425064539711,rebalance
2020-09-25T00:00:00,SPY,buy,1.4066299431772595,429.80868297573033,rebalance
2020-09-28T00:00:00,SPY,buy,1.4211029159296644,441.44332068952644,rebalance
2020-09-29T00:00:00,SPY,sell,0.4644846228564946,143.49911373956274,rebalance
2020-09-30T00:00:00,SPY,buy,0.6430305680091825,200.16579234132223,rebalance
2020-10-01T00:00:00,SPY,buy,0.5416293884582309,169.68353848578408,rebalance
2020-10-02T00:00:00,SPY,buy,135.18036659945167,41947.6830919915,rebalance
2020-10-05T00:00:00,SPY,sell,1.163841252102073,367.5547985243102,rebalance
2020-10-06T00:00:00,SPY,buy,0.7225110561714879,224.93369074926886,rebalance
2020-10-07T00:00:00,SPY,sell,0.8687766981565757,275.1774364343182,rebalance
2020-10-08T00:00:00,SPY,sell,0.43835196261973197,140.07466867726544,rebalance
2020-10-09T00:00:00,SPY,sell,0.43935406909991287,141.64862071764583,rebalance
2020-10-12T00:00:00,SPY,sell,0.7807377581807409,255.76085481558403,rebalance
2020-10-13T00:00:00,SPY,buy,0.3199857198832591,104.13960057181248,rebalance
2020-10-14T00:00:00,SPY,buy,0.309622848200456,100.13384141461574,rebalance
2020-10-15T00:00:00,SPY,buy,0.06176500600199315,19.950473922323,rebalance
2020-10-16T00:00:00,SPY,buy,0.02969981664834367,9.587427649836172,rebalance
2020-10-19T00:00:00,SPY,buy,0.7612185311181477,241.9937359120413,rebalance
2020-10-20T00:00:00,SPY,sell,0.20011207059865274,63.87109135814535,rebalance
2020-10-21T00:00:00,SPY,buy,0.09423813100143658,30.0216664050713,rebalance
2020-10-22T00:00:00,SPY,sell,0.27173530992400213,87.04221500158746,rebalance
2020-10-23T00:00:00,SPY,sell,0.1676716461955531,53.89091459540941,rebalance
2020-10-26T00:00:00,SPY,buy,0.9309382770802168,293.68105388822005,rebalance
2020-10-27T00:00:00,SPY,buy,0.1729377108981246,54.36821117297586,rebalance
2020-10-28T00:00:00,SPY,buy,1.7807815669261606,540.7076828092104,rebalance
2020-10-29T00:00:00,SPY,sell,0.520540109306245,159.6606666155276,rebalance
2020-10-30T00:00:00,SPY,buy,0.5389898910506951,163.59611385545577,rebalance
2020-11-02T00:00:00,SPY,sell,0.5741812404515692,176.23088562372504,rebalance
2020-11-03T00:00:00,SPY,sell,0.8873384893699898,277.1553624335429,rebalance
2020-11-04T00:00:00,SPY,sell,1.1023485829677881,352.00784476369154,rebalance
2020-11-05T00:00:00,SPY,sell,0.947159279728143,308.35052464421096,rebalance
2020-11-06T00:00:00,SPY,buy,0.010619079892551711,3.456284305142617,rebalance
2020-11-09T00:00:00,SPY,sell,0.608471087553198,200.5329108973492,rebalance
2020-11-10T00:00:00,SPY,buy,0.07063887178117918,23.246207606596727,rebalance
2020-11-11T00:00:00,SPY,sell,0.3586603314606194,118.90660452409793,rebalance
2020-11-12T00:00:00,SPY,buy,0.47323097209601334,155.36822120079887,rebalance
2020-11-13T00:00:00,SPY,sell,0.6659592266064293,221.67054838560944,rebalance
2020-11-16T00:00:00,SPY,sell,0.593248529314984,199.93302813946138,rebalance
2020-11-17T00:00:00,SPY,buy,0.25698648241867666,86.14220143319471,rebalance
2020-11-18T00:00:00,SPY,buy,0.5839905759379157,193.3985807189856,rebalance
2020-11-19T00:00:00,SPY,sell,0.20283029406597372,67.45356397363503,rebalance
2020-11-20T00:00:00,SPY,buy,0.33249671476010156,109.8184452713067,rebalance
2020-11-23T00:00:00,SPY,sell,0.2894961997162294,96.18917632824741,rebalance
2020-11-24T00:00:00,SPY,sell,0.765084331520144,258.3063206637744,rebalance
2020-11-25T00:00:00,SPY,buy,0.07331017361773551,24.71268546857027,rebalance
2020-11-27T00:00:00,SPY,sell,0.1327027637102013,44.85836145626308,rebalance
2020-11-30T00:00:00,SPY,buy,0.2117857780449985,71.27434877382257,rebalance
2020-12-01T00:00:00,SPY,sell,0.5178901702957928,176.19698948906807,rebalance
2020-12-02T00:00:00,SPY,sell,126.36569267204244,43082.67608500282,rebalance
2020-12-03T00:00:00,SPY,buy,0.03962308212582285,13.505272643120406,rebalance
2020-12-04T00:00:00,SPY,buy,0.6738715589280256,231.66413952366202,rebalance
2020-12-07T00:00:00,SPY,sell,0.16079000536401988,55.162934914598736,rebalance
2020-12-08T00:00:00,SPY,buy,0.22844364249947774,78.60250200867085,rebalance
2020-12-09T00:00:00,SPY,sell,0.7051662775880569,240.45625610588468,rebalance
2020-12-10T00:00:00,SPY,sell,0.0248287711508189,8.463648300832574,rebalance
2020-12-11T00:00:00,SPY,sell,0.09252362912844898,31.502536617255828,rebalance
2020-12-14T00:00:00,SPY,sell,0.35525312880934035,120.41539410297628,rebalance
2020-12-15T00:00:00,SPY,buy,1.0587525797116875,363.7229009641742,rebalance
2020-12-16T00:00:00,SPY,buy,0.12293915594534094,42.30069677758729,rebalance
2020-12-17T00:00:00,SPY,buy,0.4335624709013566,150.0136205088893,rebalance
2020-12-18T00:00:00,SPY,sell,0.3100066312803795,106.83472027442986,rebalance
2020-12-21T00:00:00,SPY,sell,0.27810186743594517,95.49699695680465,rebalance
2020-12-22T00:00:00,SPY,sell,0.13184353310882704,45.19726516897208,rebalance
2020-12-23T00:00:00,SPY,buy,0.07024596613772714,24.102649784079404,rebalance
2020-12-24T00:00:00,SPY,buy,0.30312024524669295,104.41061397053636,rebalance
2020-12-28T00:00:00,SPY,buy,0.663546171414317,230.52379283035407,rebalance
2020-12-29T00:00:00,SPY,sell,0.14619431468705413,50.69273584985058,rebalance
2020-12-30T00:00:00,SPY,buy,0.10996016622220108,38.18299657706666,rebalance
2020-12-31T00:00:00,SPY,buy,0.3894684519004819,135.92765129188774,rebalance
2021-01-04T00:00:00,SPY,sell,1.0560641339340666,363.5572328381786,rebalance
2021-01-05T00:00:00,SPY,buy,124.06644039419415,43004.866874086125,rebalance
2021-01-06T00:00:00,SPY,sell,0.1910519370157779,66.6198419217908,rebalance
2021-01-07T00:00:00,SPY,sell,0.6758398902480923,239.16684241089388,rebalance
2021-01-08T00:00:00,SPY,sell,0.25835915455511077,91.94930404015759,rebalance
2021-01-11T00:00:00,SPY,buy,0.30797369310611655,108.8681553935603,rebalance
2021-01-12T00:00:00,SPY,sell,0.009799451397829895,3.464819615612214,rebalance
2021-01-13T00:00:00,SPY,sell,0.12274899867906397,43.51758051549041,rebalance
2021-01-14T00:00:00,SPY,buy,0.16030678408181134,56.63373330048853,rebalance
2021-01-15T00:00:00,SPY,buy,0.33608139862584524,117.86614033958904,rebalance
2021-01-19T00:00:00,SPY,sell,0.3589638415771159,126.87965215362055,rebalance
2021-01-20T00:00:00,SPY,sell,0.6235648302257929,223.4558498846054,rebalance
2021-01-21T00:00:00,SPY,sell,0.041200820544266104,14.77786474648019,rebalance
2021-01-22T00:00:00,SPY,buy,0.1605394413293275,57.37830432792907,rebalance
2021-01-25T00:00:00,SPY,sell,0.1782489045173708,63.95909371353628,rebalance
2021-01-26T00:00:00,SPY,buy,0.07072857576007699,25.339138220850145,rebalance
2021-01-27T00:00:00,SPY,buy,1.1339353979850735,396.3137436721445,rebalance
2021-01-28T00:00:00,SPY,sell,0.3950413778972983,139.25553364074585,rebalance
2021-01-29T00:00:00,SPY,buy,0.93517236381366,323.0567885332821,rebalance
2021-02-01T00:00:00,SPY,sell,0.7641586960385361,268.37389595265995,rebalance
2021-02-02T00:00:00,SPY,sell,0.6391064207888536,227.62915769152823,rebalance
2021-02-03T00:00:00,SPY,sell,0.035590645974986054,12.686212334698212,rebalance
2021-02-04T00:00:00,SPY,sell,0.5105664053537318,184.0587995987662,rebalance
2021-02-05T00:00:00,SPY,sell,0.17614469260529564,63.749950855839415,rebalance
2021-02-08T00:00:00,SPY,sell,0.32196228573119823,117.36551098063501,rebalance
2021-02-09T00:00:00,SPY,buy,0.02946636647105409,10.734275916263869,rebalance
2021-02-10T00:00:00,SPY,buy,0.019426183372958216,7.073665139050718,rebalance
2021-02-11T00:00:00,SPY,sell,0.07211389303569202,26.30127131968038,rebalance
2021-02-12T00:00:00,SPY,sell,0.2195968648255786,80.4866873942592,rebalance
2021-02-16T00:00:00,SPY,buy,0.038664457780119184,14.159033466054098,rebalance
2021-02-17T00:00:00,SPY,sell,0.010176748040104332,3.727608516750479,rebalance
2021-02-18T00:00:00,SPY,buy,0.19025636734544168,69.39178890834592,rebalance
2021-02-19T00:00:00,SPY,buy,0.07876178164521741,28.675886452532723,rebalance
2021-02-22T00:00:00,SPY,buy,0.34674126009048756,125.27184600960754,rebalance
2021-02-23T00:00:00,SPY,sell,0.05414767768089836,19.586408751383715,rebalance
2021-02-24T00:00:00,SPY,sell,0.48984334163924526,179.1396326111062,rebalance
2021-02-25T00:00:00,SPY,buy,1.099829001198968,392.5246004798173,rebalance
2021-02-26T00:00:00,SPY,buy,0.2332371290943362,82.81248405707447,rebalance
2021-03-01T00:00:00,SPY,sell,1.0793418321546084,392.5174402407538,rebalance
2021-03-02T00:00:00,SPY,buy,0.35178134411766443,126.93181911538704,rebalance
2021-03-03T00:00:00,SPY,buy,0.6044121411091422,215.198851156827,rebalance
2021-03-04T00:00:00,SPY,buy,0.5696636271121811,200.31685649274004,rebalance
2021-03-05T00:00:00,SPY,sell,0.8308350035412173,297.5299559767009,rebalance
2021-03-08T00:00:00,SPY,buy,0.22681929283295046,80.82174723021672,rebalance
2021-03-09T00:00:00,SPY,sell,0.6404847551068774,231.48017776645065,rebalance
2021-03-10T00:00:00,SPY,sell,0.27740153317217736,100.88086690964701,rebalance
2021-03-11T00:00:00,SPY,sell,0.4489417091388033,164.9191643112863,rebalance
2021-03-12T00:00:00,SPY,sell,0.06033355402874495,22.193436762499914,rebalance
2021-03-15T00:00:00,SPY,sell,0.2631077969878731,97.3602267691349,rebalance
2021-03-16T00:00:00,SPY,buy,0.05580659074986984,20.62458691413849,rebalance
2021-03-17T00:00:00,SPY,sell,0.15026299064888785,55.722444685590744,rebalance
2021-03-18T00:00:00,SPY,buy,0.6509813193485112,237.89284682480866,rebalance
2021-03-19T00:00:00,SPY,buy,0.08256089122543937,30.115007232870994,rebalance
2021-03-22T00:00:00,SPY,sell,0.35386241593307116,130.1059166986015,rebalance
2021-03-23T00:00:00,SPY,buy,0.35192133220671357,128.37383091341326,rebalance
2021-03-24T00:00:00,SPY,buy,0.22772037289667346,82.64554559374665,rebalance
2021-03-25T00:00:00,SPY,sell,0.2506555553475791,91.48106224573712,rebalance
2021-03-26T00:00:00,SPY,sell,0.7079201800608583,262.53118770792935,rebalance
2021-03-29T00:00:00,SPY,buy,0.021316930909118858,7.901361011565314,rebalance
2021-03-30T00:00:00,SPY,buy,0.11739380767299609,43.39790192823057,rebalance
2021-03-31T00:00:00,SPY,sell,0.17860271228289798,66.29312117646259,rebalance
2021-04-01T00:00:00,SPY,sell,0.47079648615007186,176.63563483112375,rebalance
2021-04-05T00:00:00,SPY,sell,0.6181433352353762,235.246700432519,rebalance
2021-04-06T00:00:00,SPY,buy,0.02510006952604321,9.54668903849597,rebalance
2021-04-07T00:00:00,SPY,sell,0.05003758731677452,19.053575085868943,rebalance
2021-04-08T00:00:00,SPY,sell,0.20429595170359582,78.16214852971461,rebalance
2021-04-09T00:00:00,SPY,sell,0.3111288961968611,119.90104200955466,rebalance
2021-04-12T00:00:00,SPY,sell,0.015862342590063635,6.115166395164124,rebalance
2021-04-13T00:00:00,SPY,sell,0.1266248345129821,48.96041119100846,rebalance
2021-04-14T00:00:00,SPY,buy,0.14645732153180183,56.435398912355595,rebalance
2021-04-15T00:00:00,SPY,sell,0.45582564675663995,177.53325298047275,rebalance
2021-04-16T00:00:00,SPY,sell,0.14144932310863356,55.27528572682422,rebalance
2021-04-19T00:00:00,SPY,buy,0.20927929008161034,81.3799584736953,rebalance
2021-04-20T00:00:00,SPY,buy,0.3140923269594284,121.24311768371626,rebalance
2021-04-21T00:00:00,SPY,sell,0.4012580362018299,156.35562832497817,rebalance
2021-04-22T00:00:00,SPY,buy,0.3916096917389425,151.2023567724027,rebalance
2021-04-23T00:00:00,SPY,sell,0.4593912664838581,179.2963260237666,rebalance
2021-04-26T00:00:00,SPY,sell,0.08842170313581604,34.582241335185245,rebalance
2021-04-27T00:00:00,SPY,buy,0.0091215699466855,3.5667300987515773,rebalance
2021-04-28T00:00:00,SPY,buy,0.012178802574286557,4.760805723890371,rebalance
2021-04-29T00:00:00,SPY,sell,0.26856138020583487,105.65213548807878,rebalance
2021-04-30T00:00:00,SPY,buy,0.2786534317401167,108.9020776670659,rebalance
2021-05-03T00:00:00,SPY,sell,0.09174772068491031,35.93376982361224,rebalance
2021-05-04T00:00:00,SPY,buy,0.2627230075557457,102.26285411456774,rebalance
2021-05-05T00:00:00,SPY,sell,0.013685022032183693,5.328453435104166,rebalance
2021-05-06T00:00:00,SPY,sell,0.3369586390722989,132.24722693683725,rebalance
2021-05-07T00:00:00,SPY,sell,0.30545720038596214,120.75628838703051,rebalance
2021-05-10T00:00:00,SPY,buy,0.4205290611473266,164.60132189472642,rebalance
2021-05-11T00:00:00,SPY,buy,0.3825790066285585,148.41066050852532,rebalance
2021-05-12T00:00:00,SPY,buy,0.9264027162234406,351.7366613252416,rebalance
2021-05-13T00:00:00,SPY,sell,0.5158261090897346,198.20157008100068,rebalance
2021-05-14T00:00:00,SPY,sell,0.6489817103062632,253.19446676340522,rebalance
2021-05-17T00:00:00,SPY,buy,0.10764432467681596,41.889617468681536,rebalance
2021-05-18T00:00:00,SPY,buy,0.3697536357261691,142.64937967558217,rebalance
2021-05-19T00:00:00,SPY,buy,0.11360076286891906,43.71176941875092,rebalance
2021-05-20T00:00:00,SPY,sell,0.4569035442373816,177.7006057907347,rebalance
2021-05-21T00:00:00,SPY,buy,0.03515348174980522,13.660826671184623,rebalance
2021-05-24T00:00:00,SPY,sell,0.4299781362078181,168.79516852554661,rebalance
2021-05-25T00:00:00,SPY,buy,0.09415229005152151,36.879059520419105,rebalance
2021-05-26T00:00:00,SPY,sell,0.0839489005601428,32.94769154469759,rebalance
2021-05-27T00:00:00,SPY,sell,0.022162596939035228,8.702790818628273,rebalance
2021-05-28T00:00:00,SPY,sell,0.07546297961313816,29.685749344898795,rebalance
2021-06-01T00:00:00,SPY,buy,0.037306433388153974,14.662736460337328,rebalance
2021-06-02T00:00:00,SPY,sell,0.06635523283659592,26.12094760123,rebalance
2021-06-03T00:00:00,SPY,buy,0.1570449946328049,61.59182189801868,rebalance
2021-06-04T00:00:00,SPY,sell,0.38368636418456503,151.85504918242077,rebalance
2021-06-07T00:00:00,SPY,buy,0.04065382623028682,16.07432786028221,rebalance
2021-06-08T00:00:00,SPY,sell,0.008993556443630953,3.556766586363665,rebalance
2021-06-09T00:00:00,SPY,buy,0.06282006084666084,24.806978322747455,rebalance
2021-06-10T00:00:00,SPY,sell,0.194827781467328,77.29305873743215,rebalance
2021-06-11T00:00:00,SPY,sell,0.06920284726965721,27.499867912083573,rebalance
2021-06-14T00:00:00,SPY,sell,0.09361620484651473,37.28455915900122,rebalance
2021-06-15T00:00:00,SPY,buy,0.07683029480810874,30.543101986477268,rebalance
2021-06-16T00:00:00,SPY,buy,0.23511968723783472,92.94755953262938,rebalance
2021-06-17T00:00:00,SPY,buy,0.01391569773604059,5.499333156098146,rebalance
2021-06-18T00:00:00,SPY,buy,0.5753142698948751,224.29076627269023,rebalance
2021-06-21T00:00:00,SPY,sell,0.6007042532792666,237.54194142214692,rebalance
2021-06-22T00:00:00,SPY,sell,0.22383202481369222,88.98512230592314,rebalance
2021-06-23T00:00:00,SPY,buy,0.05046526196663296,20.038442148794275,rebalance
2021-06-24T00:00:00,SPY,sell,0.24661644630273047,98.5042818551301,rebalance
2021-06-25T00:00:00,SPY,sell,0.14769384347011386,59.20186109667702,rebalance
2021-06-28T00:00:00,SPY,sell,0.08374276071875146,33.63526144217758,rebalance
2021-06-29T00:00:00,SPY,sell,0.022366138938042145,8.988189365289145,rebalance
2021-06-30T00:00:00,SPY,sell,0.034953556381490974,14.058466940925427,rebalance
2021-07-01T00:00:00,SPY,sell,0.2285910929547779,92.44931728293886,rebalance
2021-07-02T00:00:00,SPY,sell,0.31356553913368934,127.78496189591169,rebalance
2021-07-06T00:00:00,SPY,buy,0.07491993722882884,30.475929688112956,rebalance
2021-07-07T00:00:00,SPY,sell,0.1450356032461155,59.20608004334645,rebalance
2021-07-08T00:00:00,SPY,buy,0.3367561766166884,136.34969630148044,rebalance
2021-07-09T00:00:00,SPY,sell,0.4367740477743893,178.73390387189284,rebalance
2021-07-12T00:00:00,SPY,sell,0.1464520536168206,60.14482998074527,rebalance
2021-07-13T00:00:00,SPY,buy,0.13968187458930637,57.1689122063508,rebalance
2021-07-14T00:00:00,SPY,sell,0.061247482625213866,25.104733419553668,rebalance
2021-07-15T00:00:00,SPY,buy,0.14020600584951748,57.27276707526107,rebalance
2021-07-16T00:00:00,SPY,buy,0.3242819851772698,131.42694223175204,rebalance
2021-07-19T00:00:00,SPY,buy,0.6196237315742732,247.4162590080632,rebalance
2021-07-20T00:00:00,SPY,sell,0.5902648180369958,239.07079742141286,rebalance
2021-07-21T00:00:00,SPY,sell,0.33150051791576013,135.35236557987446,rebalance
2021-07-22T00:00:00,SPY,sell,0.08588523911565697,35.14056361820985,rebalance
2021-07-23T00:00:00,SPY,sell,0.41734096108667695,172.51481732447428,rebalance
2021-07-26T00:00:00,SPY,sell,0.09991847079306902,41.40435363225333,rebalance
2021-07-27T00:00:00,SPY,buy,0.18579923661184156,76.64083560841755,rebalance
2021-07-28T00:00:00,SPY,buy,0.016567400474038794,6.831130850834597,rebalance
2021-07-29T00:00:00,SPY,sell,0.1683373559545442,69.69733688742781,rebalance
2021-07-30T00:00:00,SPY,buy,0.19793646035192175,81.55437623320176,rebalance
2021-08-02T00:00:00,SPY,buy,0.08544738061574748,35.132422767474054,rebalance
2021-08-03T00:00:00,SPY,sell,0.3296443340608759,136.63874342205236,rebalance
2021-08-04T00:00:00,SPY,buy,0.20028078507927743,82.60873382717546,rebalance
2021-08-05T00:00:00,SPY,sell,0.25660629689716513,106.5112768601357,rebalance
2021-08-06T00:00:00,SPY,sell,0.06694330313343001,27.832515886191686,rebalance
2021-08-09T00:00:00,SPY,buy,0.032950799939319646,13.688561528673745,rebalance
2021-08-10T00:00:00,SPY,sell,0.050374416332406725,20.952788657967176,rebalance
2021-08-11T00:00:00,SPY,sell,0.10034359226251026,41.840733249187906,rebalance
2021-08-12T00:00:00,SPY,sell,0.12079261007112428,50.518397926807665,rebalance
2021-08-13T00:00:00,SPY,sell,0.07325869656010055,30.69432073324424,rebalance
2021-08-16T00:00:00,SPY,sell,0.09467571372441541,39.76114163264356,rebalance
2021-08-17T00:00:00,SPY,buy,0.2650454649843578,110.58198612521664,rebalance
2021-08-18T00:00:00,SPY,buy,0.4470666332864327,184.48316225502276,rebalance
2021-08-19T00:00:00,SPY,sell,0.06238940196680008,25.785002150776563,rebalance
2021-08-20T00:00:00,SPY,sell,0.3211743266732273,133.7948064943521,rebalance
2021-08-23T00:00:00,SPY,sell,0.35244291928594423,148.11219004743543,rebalance
2021-08-24T00:00:00,SPY,sell,0.06366869225562588,26.798888584205997,rebalance
2021-08-25T00:00:00,SPY,sell,0.08405147746367005,35.45247867512444,rebalance
2021-08-26T00:00:00,SPY,buy,0.2378852017190403,99.74641646607779,rebalance
2021-08-27T00:00:00,SPY,sell,0.3568499367210397,150.96675531882283,rebalance
2021-08-30T00:00:00,SPY,sell,0.17501786258838606,74.36757770810436,rebalance
2021-08-31T00:00:00,SPY,buy,0.05904466767115165,25.051749020080024,rebalance
2021-09-01T00:00:00,SPY,sell,0.021247081124109148,9.019603154352808,rebalance
2021-09-02T00:00:00,SPY,sell,0.12229025937539763,52.073180106599466,rebalance
2021-09-03T00:00:00,SPY,buy,0.009528880179780198,4.056567416551843,rebalance
2021-09-07T00:00:00,SPY,buy,0.14277974937497023,60.565851168255904,rebalance
2021-09-08T00:00:00,SPY,buy,0.0486537513084388,20.613329978255933,rebalance
2021-09-09T00:00:00,SPY,buy,0.17164913948295935,72.412002995894,rebalance
2021-09-10T00:00:00,SPY,buy,0.3181216702449196,133.14485054659235,rebalance
2021-09-13T00:00:00,SPY,sell,0.10356433817700433,43.456162666545424,rebalance
2021-09-14T00:00:00,SPY,buy,0.21829014048345058,91.10144625067187,rebalance
2021-09-15T00:00:00,SPY,sell,0.3346796314514724,140.84222387577756,rebalance
2021-09-16T00:00:00,SPY,buy,0.06349828946739626,26.679431846088846,rebalance
2021-09-17T00:00:00,SPY,buy,0.3952834149481187,164.4644152957262,rebalance
2021-09-20T00:00:00,SPY,buy,0.68774673111658,281.3775086343958,rebalance
2021-09-21T00:00:00,SPY,buy,0.037513734134940954,15.33347895163024,rebalance
2021-09-22T00:00:00,SPY,sell,0.396374900159527,163.59590157236016,rebalance
2021-09-23T00:00:00,SPY,sell,0.48859291093591445,204.107198461199,rebalance
2021-09-24T00:00:00,SPY,sell,0.06703701199932922,28.05050102061068,rebalance
2021-09-27T00:00:00,SPY,buy,0.11558848234093036,48.22766808822416,rebalance
2021-09-28T00:00:00,SPY,buy,0.8309684504529575,339.72299458224734,rebalance
2021-09-29T00:00:00,SPY,sell,0.06994597398126608,28.64399059698917,rebalance
2021-09-30T00:00:00,SPY,buy,0.5069542062498358,205.06837581215223,rebalance
2021-10-01T00:00:00,SPY,sell,109.77396628875493,44932.46293300821,rebalance
2021-10-04T00:00:00,SPY,sell,0.768400583154957,310.4641560888049,rebalance
2021-10-05T00:00:00,SPY,buy,0.7128581740652654,291.0196940552705,rebalance
2021-10-06T00:00:00,SPY,buy,0.28168722521075434,115.4749047726691,rebalance
2021-10-07T00:00:00,SPY,buy,0.5837138832900244,241.35653458393062,rebalance
2021-10-08T00:00:00,SPY,sell,0.12245424801153999,50.540569286175014,rebalance
2021-10-11T00:00:00,SPY,sell,0.491749483493253,201.49050906852062,rebalance
2021-10-12T00:00:00,SPY,sell,0.16803951223395275,68.68339167611703,rebalance
2021-10-13T00:00:00,SPY,buy,0.24468633087016664,100.37132158475288,rebalance
2021-10-14T00:00:00,SPY,buy,1.1249297601014014,469.21267272145997,rebalance
2021-10-15T00:00:00,SPY,buy,0.5049050536047092,212.20177266527753,rebalance
2021-10-18T00:00:00,SPY,buy,0.19425235558477258,81.8821815054689,rebalance
2021-10-19T00:00:00,SPY,buy,0.5031261436309968,213.7163104873107,rebalance
2021-10-20T00:00:00,SPY,buy,0.2548436790908608,108.67686125970431,rebalance
2021-10-21T00:00:00,SPY,buy,0.16841595825955563,72.00750011156924,rebalance
2021-10-22T00:00:00,SPY,sell,0.06691378901672677,28.57984354353539,rebalance
2021-10-25T00:00:00,SPY,buy,0.3446149868484897,147.97935593974398,rebalance
2021-10-26T00:00:00,SPY,buy,0.05816189892492722,24.997484684106894,rebalance
2021-10-27T00:00:00,SPY,sell,0.28522460990203224,122.04401393374428,rebalance
2021-10-28T00:00:00,SPY,buy,0.6159304009083839,266.091839055498,rebalance
2021-10-29T00:00:00,SPY,buy,0.12838021113289366,55.574848413256404,rebalance
2021-11-01T00:00:00,SPY,buy,0.10921785140067662,47.36093070547213,rebalance
2021-11-02T00:00:00,SPY,buy,0.2553399821032306,111.17261101834083,rebalance
2021-11-03T00:00:00,SPY,buy,0.3827727663982948,167.67310335244838,rebalance
2021-11-04T00:00:00,SPY,buy,0.29389031024239454,129.34494804897622,rebalance
2021-11-05T00:00:00,SPY,buy,0.2156561297659183,95.24238289014829,rebalance
2021-11-08T00:00:00,SPY,buy,0.05306960278210776,23.45767138091105,rebalance
2021-11-09T00:00:00,SPY,sell,0.20523799509859392,90.41883638191575,rebalance
2021-11-10T00:00:00,SPY,sell,0.5037769778232806,220.15650444144558,rebalance
2021-11-11T00:00:00,SPY,buy,0.020059884769359704,8.76924278329534,rebalance
2021-11-12T00:00:00,SPY,buy,0.4700878862786466,207.05130554153584,rebalance
2021-11-15T00:00:00,SPY,buy,0.021802589078402317,9.606289413324703,rebalance
2021-11-16T00:00:00,SPY,buy,0.24498553717393146,108.36862118036515,rebalance
2021-11-17T00:00:00,SPY,sell,0.15052090998987214,66.42073237378281,rebalance
2021-11-18T00:00:00,SPY,buy,0.20991330534015623,92.94356814111234,rebalance
2021-11-19T00:00:00,SPY,sell,0.11057529720452575,48.87200695795764,rebalance
2021-11-22T00:00:00,SPY,sell,0.17482739803332353,77.0525827231213,rebalance
2021-11-23T00:00:00,SPY,buy,0.08235699906114087,36.34575624215722,rebalance
2021-11-24T00:00:00,SPY,buy,0.1650534199326178,73.03576557991619,rebalance
2021-11-26T00:00:00,SPY,sell,1.4105363384835303,610.238535067092,rebalance
2021-11-29T00:00:00,SPY,buy,0.7670261805862538,335.90810008582775,rebalance
2021-11-30T00:00:00,SPY,sell,1.2432916836394488,533.8872742243402,rebalance
2021-12-01T00:00:00,SPY,sell,0.7244203520990036,307.62136192058824,rebalance
2021-12-02T00:00:00,SPY,buy,103.13427346343883,44466.21547795009,rebalance
2021-12-03T00:00:00,SPY,buy,0.19340930912149293,82.66260632351623,rebalance
2021-12-06T00:00:00,SPY,sell,0.450423953693312,194.78988555238175,rebalance
2021-12-07T00:00:00,SPY,sell,0.7712352216903003,340.42661136413517,rebalance
2021-12-08T00:00:00,SPY,sell,0.0992521580957855,43.92634940255812,rebalance
2021-12-09T00:00:00,SPY,buy,0.25453084109894003,111.8879919831852,rebalance
2021-12-10T00:00:00,SPY,sell,0.3516151889064038,156.019808016943,rebalance
2021-12-13T00:00:00,SPY,buy,0.3339263190700846,146.85829434825428,rebalance
2021-12-14T00:00:00,SPY,buy,0.26125147664538745,114.10595947140246,rebalance
2021-12-15T00:00:00,SPY,sell,0.5821849800494802,258.2521616100239,rebalance
2021-12-16T00:00:00,SPY,buy,0.33312720985689864,146.46917603150723,rebalance
2021-12-17T00:00:00,SPY,buy,0.405464359088173,176.37697145577476,rebalance
2021-12-20T00:00:00,SPY,buy,0.40894541477214713,175.99965824213723,rebalance
2021-12-21T00:00:00,SPY,sell,0.6685409540549742,292.8326079635335,rebalance
2021-12-22T00:00:00,SPY,sell,0.374131800517605,165.51478734101693,rebalance
2021-12-23T00:00:00,SPY,sell,0.23167808042080898,103.13142538273314,rebalance
2021-12-27T00:00:00,SPY,sell,0.5204657463827382,234.96401342416357,rebalance
2021-12-28T00:00:00,SPY,buy,0.030124179389312687,13.588430982137652,rebalance
2021-12-29T00:00:00,SPY,sell,0.047201046672500524,21.31870967602663,rebalance
2021-12-30T00:00:00,SPY,buy,0.10228336432881616,46.069347494376416,rebalance
2021-12-31T00:00:00,SPY,buy,0.09342014379533779,41.97122334615415,rebalance
2022-01-03T00:00:00,SPY,sell,0.21337214612660407,96.4175710889649,rebalance
2022-01-04T00:00:00,SPY,sell,98.3776756162467,44439.53903051107,rebalance
2022-01-05T00:00:00,SPY,sell,1.143052640316053,506.42914438996377,rebalance
2022-01-06T00:00:00,SPY,sell,0.0584335598046957,25.864651935506117,rebalance
2022-01-07T00:00:00,SPY,sell,0.25002281594876674,110.23094540684178,rebalance
2022-01-10T00:00:00,SPY,sell,0.07832715894729449,34.490184085047076,rebalance
2022-01-11T00:00:00,SPY,buy,0.572355620454442,254.32374314146728,rebalance
2022-01-12T00:00:00,SPY,buy,0.1698030973533557,75.65525493704627,rebalance
2022-01-13T00:00:00,SPY,sell,0.8727197399667304,383.4799997041555,rebalance
2022-01-14T00:00:00,SPY,buy,0.02787999333006582,12.255700651963707,rebalance
2022-01-18T00:00:00,SPY,sell,1.1455197616580932,494.63856536456296,rebalance
2022-01-19T00:00:00,SPY,sell,0.6822597493864848,291.5426164773962,rebalance
2022-01-20T00:00:00,SPY,sell,0.7371590677117995,311.51562029489287,rebalance
2022-01-21T00:00:00,SPY,sell,1.3355946607588274,553.328618307627,rebalance
2022-01-24T00:00:00,SPY,buy,0.2942993396509978,122.44417970610084,rebalance
2022-01-25T00:00:00,SPY,sell,0.842038012973032,346.0553697638243,rebalance
2022-01-26T00:00:00,SPY,sell,0.17649159004546,72.35140990008222,rebalance
2022-01-27T00:00:00,SPY,sell,0.3444092857032537,140.49083083754522,rebalance
2022-01-28T00:00:00,SPY,buy,1.6900356924136164,706.5178017335093,rebalance
2022-01-31T00:00:00,SPY,buy,1.1965621270700546,509.2312142271585,rebalance
2022-02-01T00:00:00,SPY,buy,0.4448518745464424,190.5986645403973,rebalance
2022-02-02T00:00:00,SPY,buy,0.6317199477147473,273.29230943255243,rebalance
2022-02-03T00:00:00,SPY,sell,1.56161101459652,659.6988749652155,rebalance
2022-02-04T00:00:00,SPY,buy,0.31317691582778456,132.9229472253428,rebalance
2022-02-07T00:00:00,SPY,sell,0.21337304130257603,90.27213786763605,rebalance
2022-02-08T00:00:00,SPY,buy,0.543799765195764,231.95934317854335,rebalance
2022-02-09T00:00:00,SPY,buy,0.9526558318729648,412.3055948026813,rebalance
2022-02-10T00:00:00,SPY,sell,1.1874520548466787,504.69151159209287,rebalance
2022-02-11T00:00:00,SPY,sell,1.3319139474709922,554.9281181765291,rebalance
2022-02-14T00:00:00,SPY,sell,0.22178860767339068,92.10382447932352,rebalance
2022-02-15T00:00:00,SPY,buy,1.0815020247263156,456.3664604318037,rebalance
2022-02-16T00:00:00,SPY,buy,0.07390535653155336,31.22114284674535,rebalance
2022-02-17T00:00:00,SPY,sell,1.4566996263894025,602.2338914207176,rebalance
2022-02-18T00:00:00,SPY,sell,0.4464365222033914,183.3722892131227,rebalance
2022-02-22T00:00:00,SPY,sell,0.7489201418753131,304.3152249321429,rebalance
2022-02-23T00:00:00,SPY,sell,1.2660379015611862,505.3147183786168,rebalance
2022-02-24T00:00:00,SPY,buy,1.0704879379353052,433.69459134184945,rebalance
2022-02-25T00:00:00,SPY,buy,1.5186011444394787,628.8166411825514,rebalance
2022-02-28T00:00:00,SPY,sell,0.17983655482810754,74.27552112904596,rebalance
2022-03-01T00:00:00,SPY,sell,1.0609952854117557,431.53477099019074,rebalance
2022-03-02T00:00:00,SPY,buy,1.2623962020642203,522.8953864325813,rebalance
2022-03-03T00:00:00,SPY,sell,0.33969739562148715,140.00510809022308,rebalance
2022-03-04T00:00:00,SPY,sell,0.5625692445360158,229.97716719446544,rebalance
2022-03-07T00:00:00,SPY,sell,2.110378382733019,837.28637619652,rebalance
2022-03-08T00:00:00,SPY,sell,0.5504967162675148,216.75201729295077,rebalance
2022-03-09T00:00:00,SPY,buy,1.898699136490207,767.635346150626,rebalance
2022-03-10T00:00:00,SPY,sell,0.3242769808180342,130.51170738493965,rebalance
2022-03-11T00:00:00,SPY,sell,0.9128688140243258,362.7306017908122,rebalance
2022-03-14T00:00:00,SPY,sell,0.5301188214732118,209.10451817033027,rebalance
2022-03-15T00:00:00,SPY,buy,1.5626637892319564,629.9448818708479,rebalance
2022-03-16T00:00:00,SPY,buy,1.5376653526532642,633.6125869738971,rebalance
2022-03-17T00:00:00,SPY,buy,0.8486534639099907,354.07235037515784,rebalance
2022-03-18T00:00:00,SPY,buy,0.7331807899024256,309.24566902457445,rebalance
2022-03-21T00:00:00,SPY,sell,0.01934483277125078,8.157000112198148,rebalance
2022-03-22T00:00:00,SPY,buy,0.7729039173548496,329.71850431975327,rebalance
2022-03-23T00:00:00,SPY,sell,0.8600990588839635,362.1904750003887,rebalance
2022-03-24T00:00:00,SPY,buy,0.9933135403806423,424.59288530739286,rebalance
2022-03-25T00:00:00,SPY,buy,0.320002477744742,137.45338850554253,rebalance
2022-03-28T00:00:00,SPY,buy,0.4611607128683374,199.49527027940348,rebalance
2022-03-29T00:00:00,SPY,buy,0.7920331991830235,346.8673236103241,rebalance
2022-03-30T00:00:00,SPY,sell,0.3961737687705224,172.43113877109136,rebalance
2022-03-31T00:00:00,SPY,sell,1.0035765165216912,430.0750165967693,rebalance
2022-04-01T00:00:00,SPY,buy,0.18448469812481352,79.28354888495232,rebalance
2022-04-04T00:00:00,SPY,buy,0.5542798082524111,240.2461111018929,rebalance
2022-04-05T00:00:00,SPY,sell,0.82610232128179,353.54156594869346,rebalance
2022-04-06T00:00:00,SPY,sell,0.6602145732629111,279.7223852684001,rebalance
2022-04-07T00:00:00,SPY,buy,0.33355373327405013,142.03350705120465,rebalance
2022-04-08T00:00:00,SPY,sell,0.17696072224781928,75.15174303305685,rebalance
2022-04-11T00:00:00,SPY,sell,1.1510402748605777,480.46907359016404,rebalance
2022-04-12T00:00:00,SPY,sell,0.25324503300029516,105.3182626421476,rebalance
2022-04-13T00:00:00,SPY,buy,0.7698330468776099,323.8212214959203,rebalance
2022-04-14T00:00:00,SPY,sell,0.844487675527517,350.80069069415913,rebalance
2022-04-18T00:00:00,SPY,buy,0.028760906310369663,11.952209543145727,rebalance
2022-04-19T00:00:00,SPY,buy,1.0807113885925728,456.36254001009,rebalance
2022-04-20T00:00:00,SPY,sell,0.04790920664001319,20.216091542562936,rebalance
2022-04-21T00:00:00,SPY,sell,1.0132051196821636,421.14556617751805,rebalance
2022-04-22T00:00:00,SPY,sell,1.9175343117631793,775.1661129369204,rebalance
2022-04-25T00:00:00,SPY,buy,0.4091609885097514,166.3628625689962,rebalance
2022-04-26T00:00:00,SPY,sell,2.084899539154606,823.1597968149435,rebalance
2022-04-27T00:00:00,SPY,buy,0.20261666990129937,80.22200426327254,rebalance
2022-04-28T00:00:00,SPY,buy,1.780507181366771,722.7628971943996,rebalance
2022-04-29T00:00:00,SPY,sell,2.6906541845117182,1051.8561068482377,rebalance
2022-05-02T00:00:00,SPY,buy,0.4399574230852377,173.02762291375257,rebalance
2022-05-03T00:00:00,SPY,buy,0.33263687429464645,131.41999905869307,rebalance
2022-05-04T00:00:00,SPY,buy,2.1403073988664176,871.355536709947,rebalance
2022-05-05T00:00:00,SPY,sell,2.575055371109813,1011.0875387195774,rebalance
2022-05-06T00:00:00,SPY,sell,0.43286658158246855,168.94924819191147,rebalance
2022-05-09T00:00:00,SPY,sell,2.4292047733973425,917.7700654946966,rebalance
2022-05-10T00:00:00,SPY,buy,0.1677539721593716,63.52503711252939,rebalance
2022-05-11T00:00:00,SPY,sell,1.2321365935465742,459.1729533023281,rebalance
2022-05-12T00:00:00,SPY,sell,0.07825642180662808,29.132906562226708,rebalance
2022-05-13T00:00:00,SPY,buy,1.8202242467821128,693.8243994383229,rebalance
2022-05-16T00:00:00,SPY,sell,0.30964896981641776,117.55160523547966,rebalance
2022-05-17T00:00:00,SPY,buy,1.5322486169438665,593.6509008508074,rebalance
2022-05-18T00:00:00,SPY,sell,3.1191807636490365,1159.7722913480648,rebalance
2022-05-19T00:00:00,SPY,sell,0.47337251498973926,174.9311233593944,rebalance
2022-05-20T00:00:00,SPY,buy,0.033353456645070695,12.330891401368717,rebalance
2022-05-23T00:00:00,SPY,buy,1.4438355282104505,543.7783430190029,rebalance
2022-05-24T00:00:00,SPY,sell,0.5942650674060991,222.1039936976813,rebalance
2022-05-25T00:00:00,SPY,buy,0.6799357144309346,256.368196576841,rebalance
2022-05-26T00:00:00,SPY,buy,1.503279915007174,578.1338009803148,rebalance
2022-05-27T00:00:00,SPY,buy,1.795622827337037,707.51632812155,rebalance
2022-05-31T00:00:00,SPY,sell,0.41068800725289206,160.9124567109102,rebalance
2022-06-01T00:00:00,SPY,sell,0.5963959421908854,231.78492935859322,rebalance
2022-06-02T00:00:00,SPY,buy,1.3800403530342502,546.5565418751612,rebalance
2022-06-03T00:00:00,SPY,sell,1.2068097685187162,470.1056962728253,rebalance
2022-06-06T00:00:00,SPY,buy,0.2208250774948832,86.28304560705146,rebalance
2022-06-07T00:00:00,SPY,buy,0.6963939858860893,274.71227457220084,rebalance
2022-06-08T00:00:00,SPY,sell,0.797049421205071,311.00027777360447,rebalance
2022-06-09T00:00:00,SPY,sell,1.7885600757457731,681.2796062643974,rebalance
2022-06-10T00:00:00,SPY,sell,2.25233479647077,833.0594438221888,rebalance
2022-06-13T00:00:00,SPY,sell,3.0829780095943136,1096.9906208005232,rebalance
2022-06-14T00:00:00,SPY,sell,0.25158576260243615,89.2499417941799,rebalance
2022-06-15T00:00:00,SPY,buy,1.1617146665493687,417.99300606310135,rebalance
2022-06-16T00:00:00,SPY,sell,2.7869218584786055,969.566865650675,rebalance
2022-06-17T00:00:00,SPY,buy,0.1824394486500849,63.60728438631486,rebalance
2022-06-21T00:00:00,SPY,buy,2.0754508397556126,741.81906780602,rebalance
2022-06-22T00:00:00,SPY,sell,0.15413910129069866,54.993357942315924,rebalance
2022-06-23T00:00:00,SPY,buy,0.7966781414114709,287.0230666583557,rebalance
2022-06-24T00:00:00,SPY,buy,2.5007406034021216,929.5986530125992,rebalance
2022-06-27T00:00:00,SPY,sell,0.29641554264562603,109.76549413927933,rebalance
2022-06-28T00:00:00,SPY,sell,1.6342226429641087,592.8027431837618,rebalance
2022-06-29T00:00:00,SPY,sell,0.06550141872481911,23.740832099760155,rebalance
2022-06-30T00:00:00,SPY,sell,0.6588409558685352,236.8552538328513,rebalance
2022-07-01T00:00:00,SPY,buy,0.8512461705207856,309.2621915701129,rebalance
2022-07-05T00:00:00,SPY,buy,0.14854403795105464,54.068746917371755,rebalance
2022-07-06T00:00:00,SPY,buy,0.26945858623983904,98.41184610635901,rebalance
2022-07-07T00:00:00,SPY,buy,1.176431785503095,436.09218357541977,rebalance
2022-07-08T00:00:00,SPY,sell,0.06525451455393301,24.169337821324007,rebalance
2022-07-11T00:00:00,SPY,sell,0.9047453281502925,331.2766379755376,rebalance
2022-07-12T00:00:00,SPY,sell,0.7085375793064309,257.1385540599258,rebalance
2022-07-13T00:00:00,SPY,sell,0.4211295532321581,152.0313672359407,rebalance
2022-07-14T00:00:00,SPY,sell,0.1951996575940438,70.29762297775596,rebalance
2022-07-15T00:00:00,SPY,buy,1.5197572220754574,557.7694522255952,rebalance
2022-07-18T00:00:00,SPY,sell,0.6555230531996749,238.59850840894433,rebalance
2022-07-19T00:00:00,SPY,buy,2.103567879599171,786.3480566631006,rebalance
2022-07-20T00:00:00,SPY,buy,0.49113574068819815,184.764672111276,rebalance
2022-07-21T00:00:00,SPY,buy,0.7738785198161156,294.0967695382642,rebalance
2022-07-22T00:00:00,SPY,sell,0.7095417350854157,267.14508333259437,rebalance
2022-07-25T00:00:00,SPY,buy,0.0930334462488697,35.06999215176256,rebalance
2022-07-26T00:00:00,SPY,sell,0.9168579094793599,341.53080241350835,rebalance
2022-07-27T00:00:00,SPY,buy,1.9653989607297901,751.1240446150005,rebalance
2022-07-28T00:00:00,SPY,buy,0.9340664009001127,361.4530823010973,rebalance
2022-07-29T00:00:00,SPY,buy,1.0658996600826196,418.4814186695221,rebalance
2022-08-01T00:00:00,SPY,sell,0.21756176006565778,85.16367722502764,rebalance
2022-08-02T00:00:00,SPY,sell,0.4847322998517037,188.49471099103903,rebalance
2022-08-03T00:00:00,SPY,buy,1.1349469501351546,448.25067148593735,rebalance
2022-08-04T00:00:00,SPY,sell,0.048443853320961926,19.12011978688679,rebalance
2022-08-05T00:00:00,SPY,sell,0.12223346359525625,48.162316074827686,rebalance
2022-08-08T00:00:00,SPY,sell,0.08428241172725272,33.17032207464945,rebalance
2022-08-09T00:00:00,SPY,sell,0.2891356502090675,113.3408307568825,rebalance
2022-08-10T00:00:00,SPY,buy,1.4985737110624284,599.7775570725207,rebalance
2022-08-11T00:00:00,SPY,buy,0.0032478897456923546,1.2999102833127836,rebalance
2022-08-12T00:00:00,SPY,buy,1.1824047280313188,481.24807009807046,rebalance
2022-08-15T00:00:00,SPY,buy,0.28424169944848543,116.16532691952307,rebalance
2022-08-16T00:00:00,SPY,buy,0.135185007497015,55.35630507400856,rebalance
2022-08-17T00:00:00,SPY,sell,0.4936760409657798,200.71833106720442,rebalance
2022-08-18T00:00:00,SPY,buy,0.20194087689559306,82.34355567819512,rebalance
2022-08-19T00:00:00,SPY,sell,0.9454081920651028,380.31998926418964,rebalance
2022-08-22T00:00:00,SPY,sell,1.4974387260530315,589.8480968777549,rebalance
2022-08-23T00:00:00,SPY,sell,0.17469006369899512,68.64477186779186,rebalance
2022-08-24T00:00:00,SPY,buy,0.23194623118961658,91.43545103092401,rebalance
2022-08-25T00:00:00,SPY,buy,1.0077672036432097,402.88006617631254,rebalance
2022-08-26T00:00:00,SPY,sell,2.491033662327591,962.1441913814051,rebalance
2022-08-29T00:00:00,SPY,sell,0.4883052114123767,187.35733599651576,rebalance
2022-08-30T00:00:00,SPY,sell,0.8308405346377268,315.284763622396,rebalance
2022-08-31T00:00:00,SPY,sell,0.582317018626545,219.2944795775802,rebalance
2022-09-01T00:00:00,SPY,buy,0.240661862566269,90.91510826552258,rebalance
2022-09-02T00:00:00,SPY,sell,0.8124309507966296,303.67676212040533,rebalance
2022-09-06T00:00:00,SPY,sell,0.2929924357907649,109.10375570831093,rebalance
2022-09-07T00:00:00,SPY,buy,1.3711129549826562,519.7439483273083,rebalance
2022-09-08T00:00:00,SPY,buy,0.49178631650220533,187.6385416927733,rebalance
2022-09-09T00:00:00,SPY,buy,1.1536208455178463,446.9960404381709,rebalance
2022-09-12T00:00:00,SPY,buy,0.787894775504748,308.56847650966665,rebalance
2022-09-13T00:00:00,SPY,sell,3.3194661129283247,1243.4962373572416,rebalance
2022-09-14T00:00:00,SPY,buy,0.2913725084330326,109.5667691187009,rebalance
2022-09-15T00:00:00,SPY,sell,0.8811225834843764,327.5727551137752,rebalance
2022-09-16T00:00:00,SPY,sell,0.5953574165873177,219.64600677115595,rebalance
2022-09-19T00:00:00,SPY,buy,0.6060076133091099,225.309018253487,rebalance
2022-09-20T00:00:00,SPY,sell,0.9045605057383097,332.4483183005141,rebalance
2022-09-21T00:00:00,SPY,sell,1.4021370333144256,506.3309467097097,rebalance
2022-09-22T00:00:00,SPY,sell,0.6821813655964458,244.27578569194884,rebalance
2022-09-23T00:00:00,SPY,sell,1.3874607510122474,488.49830581836795,rebalance
2022-09-26T00:00:00,SPY,sell,0.8299909717210355,289.33305942649895,rebalance
2022-09-27T00:00:00,SPY,sell,0.21757111967015397,75.65120729855698,rebalance
2022-09-28T00:00:00,SPY,buy,1.6320385861131321,578.6385635019542,rebalance
2022-09-29T00:00:00,SPY,sell,1.7645244552572734,612.542914787944,rebalance
2022-09-30T00:00:00,SPY,sell,1.3291414753014987,454.26772523052205,rebalance
2022-10-03T00:00:00,SPY,buy,2.2195335197748425,778.6092835776581,rebalance
2022-10-04T00:00:00,SPY,buy,2.5229166749761625,912.4598430168808,rebalance
2022-10-05T00:00:00,SPY,sell,0.19451560933339618,70.18641172788193,rebalance
2022-10-06T00:00:00,SPY,sell,0.841135279236793,300.3730840751996,rebalance
2022-10-07T00:00:00,SPY,sell,2.34365151094184,813.583015799104,rebalance
2022-10-10T00:00:00,SPY,sell,0.6526993096185442,224.85025116387988,rebalance
2022-10-11T00:00:00,SPY,sell,0.5439830502804988,186.21148405419808,rebalance
2022-10-12T00:00:00,SPY,sell,0.2852348601122248,97.3170106973339,rebalance
2022-10-13T00:00:00,SPY,buy,2.2270910468429124,779.8965914184519,rebalance
2022-10-14T00:00:00,SPY,sell,1.9486737503468925,666.8477181040907,rebalance
2022-10-17T00:00:00,SPY,buy,2.152020219497331,755.3581776013307,rebalance
2022-10-18T00:00:00,SPY,buy,0.9827703967586441,349.0050475027019,rebalance
2022-10-19T00:00:00,SPY,sell,0.5883678379986302,207.4626510041271,rebalance
2022-10-20T00:00:00,SPY,sell,0.7016525573911425,245.33306936210647,rebalance
2022-10-21T00:00:00,SPY,buy,1.9909569967884182,713.0561324763366,rebalance
2022-10-24T00:00:00,SPY,buy,0.9869928818677884,357.81434753490976,rebalance
2022-10-25T00:00:00,SPY,buy,1.2605416614952123,464.2813675906473,rebalance
2022-10-26T00:00:00,SPY,sell,0.5989486368229329,218.9420660222604,rebalance
2022-10-27T00:00:00,SPY,sell,0.4261845838802621,154.95732270241933,rebalance
2022-10-28T00:00:00,SPY,buy,1.8565281483460991,691.0779857821908,rebalance
2022-10-31T00:00:00,SPY,sell,0.5667532761767409,209.44551695803966,rebalance
2022-11-01T00:00:00,SPY,sell,0.34524842191261695,127.02936711091752,rebalance
2022-11-02T00:00:00,SPY,sell,2.0257379035999783,726.6369091162778,rebalance
2022-11-03T00:00:00,SPY,sell,0.8397573524459981,298.12131768026666,rebalance
2022-11-04T00:00:00,SPY,buy,1.164526290866552,419.3675674086844,rebalance
2022-11-07T00:00:00,SPY,buy,0.7673314669638915,278.97355530260756,rebalance
2022-11-08T00:00:00,SPY,buy,0.4294964760076184,156.99164434247723,rebalance
2022-11-09T00:00:00,SPY,sell,1.6692529468090769,597.5830798280076,rebalance
2022-11-10T00:00:00,SPY,buy,4.227222592289742,1596.4848928244319,rebalance
2022-11-11T00:00:00,SPY,buy,0.7338111795372567,279.8189670107604,rebalance
2022-11-14T00:00:00,SPY,sell,0.6459468313702104,244.21893852339417,rebalance
2022-11-15T00:00:00,SPY,buy,0.6407512672519079,244.3207968827046,rebalance
2022-11-16T00:00:00,SPY,sell,0.5787359108804133,218.99066266970112,rebalance
2022-11-17T00:00:00,SPY,sell,0.23106655724993913,87.1668406412864,rebalance
2022-11-18T00:00:00,SPY,buy,0.3441561637067714,130.41787740967993,rebalance
2022-11-21T00:00:00,SPY,sell,0.27681845138436245,104.51885158639561,rebalance
2022-11-22T00:00:00,SPY,buy,1.0109541147338945,386.84448590844113,rebalance
2022-11-23T00:00:00,SPY,buy,0.4691306470342837,180.64540719385332,rebalance
2022-11-25T00:00:00,SPY,sell,0.016617358267573535,6.397318312636344,rebalance
2022-11-28T00:00:00,SPY,sell,1.2052019460076795,456.57255857792916,rebalance
2022-11-29T00:00:00,SPY,sell,0.1301051706223875,49.203732312809734,rebalance
2022-11-30T00:00:00,SPY,buy,2.320763284653731,905.323468165574,rebalance
2022-12-01T00:00:00,SPY,sell,0.051376802092790816,20.02720677731486,rebalance
2022-12-02T00:00:00,SPY,sell,0.08431450307146933,32.82874514232026,rebalance
2022-12-05T00:00:00,SPY,sell,1.3419079618592373,513.0868306187913,rebalance
2022-12-06T00:00:00,SPY,sell,1.0953834082608147,412.7893272533511,rebalance
2022-12-07T00:00:00,SPY,sell,0.12900340383032113,48.53153483593269,rebalance
2022-12-08T00:00:00,SPY,buy,0.5942917393815863,225.32610835884043,rebalance
2022-12-09T00:00:00,SPY,sell,0.5702173958229418,214.58327488317445,rebalance
2022-12-12T00:00:00,SPY,buy,1.0863102923845591,414.69225750284386,rebalance
2022-12-13T00:00:00,SPY,buy,0.5721359908227868,220.0627467081722,rebalance
2022-12-14T00:00:00,SPY,sell,0.4784400097884652,182.84755668645812,rebalance
2022-12-15T00:00:00,SPY,sell,1.8780274175879,700.1769703957107,rebalance
2022-12-16T00:00:00,SPY,sell,0.919674234635809,338.8302108809876,rebalance
2022-12-19T00:00:00,SPY,sell,0.6708015559873272,245.04382068491395,rebalance
2022-12-20T00:00:00,SPY,buy,0.10896752528900543,39.8603094442733,rebalance
2022-12-21T00:00:00,SPY,buy,1.1665042247043316,433.0874767071218,rebalance
2022-12-22T00:00:00,SPY,sell,1.1266046263104823,412.3068314468328,rebalance
2022-12-23T00:00:00,SPY,buy,0.4536864628319838,166.99204873166673,rebalance
2022-12-27T00:00:00,SPY,sell,0.3108411433131815,113.96262744537671,rebalance
2022-12-28T00:00:00,SPY,sell,0.9932293858090943,359.61872254930495,rebalance
2022-12-29T00:00:00,SPY,buy,1.4161696263999288,521.9825863993392,rebalance
2022-12-30T00:00:00,SPY,sell,0.20914194838630618,76.88407273395205,rebalance
2023-01-03T00:00:00,SPY,sell,0.33276399840626913,121.81462483443102,rebalance
2023-01-04T00:00:00,SPY,buy,0.6054771670343454,223.35762222504127,rebalance
2023-01-05T00:00:00,SPY,sell,0.9049097633538139,330.00682152985246,rebalance
2023-01-06T00:00:00,SPY,buy,1.7797802087720052,663.9431288212727,rebalance
2023-01-09T00:00:00,SPY,sell,0.04050502180259139,15.101743846724275,rebalance
2023-01-10T00:00:00,SPY,buy,0.5382469346473415,202.08534381551362,rebalance
2023-01-11T00:00:00,SPY,buy,0.9576484289713365,364.0976229087282,rebalance
2023-01-12T00:00:00,SPY,buy,0.2746217446196656,104.79122598482354,rebalance
2023-01-13T00:00:00,SPY,buy,0.28965307334845086,110.95574310113807,rebalance
2023-01-17T00:00:00,SPY,sell,0.13700373635112484,52.385097830192535,rebalance
2023-01-18T00:00:00,SPY,sell,1.2012562110496525,452.06363811335905,rebalance
2023-01-19T00:00:00,SPY,sell,0.5580307856825222,208.47257343130332,rebalance
2023-01-20T00:00:00,SPY,buy,1.4093589797649606,536.325478104056,rebalance
2023-01-23T00:00:00,SPY,buy,0.894273581257763,344.3952413691077,rebalance
2023-01-24T00:00:00,SPY,sell,0.0803522581699398,30.91138963886624,rebalance
2023-01-25T00:00:00,SPY,buy,0.02807100303745555,10.802917522152711,rebalance
2023-01-26T00:00:00,SPY,buy,0.8073951101269039,314.1349461926475,rebalance
2023-01-27T00:00:00,SPY,buy,0.16769355086359206,65.39479918204597,rebalance
2023-01-30T00:00:00,SPY,sell,0.9283906646240901,357.498431575641,rebalance
2023-01-31T00:00:00,SPY,buy,1.0753337947828077,420.170731451999,rebalance
2023-02-01T00:00:00,SPY,buy,0.7658037712041224,302.4065797543226,rebalance
2023-02-02T00:00:00,SPY,buy,1.033873093002896,414.2069872124448,rebalance
2023-02-03T00:00:00,SPY,sell,0.7614980831260922,301.84089421605677,rebalance
2023-02-06T00:00:00,SPY,sell,0.43855775411171877,172.77221488805299,rebalance
2023-02-07T00:00:00,SPY,buy,0.931377167229281,371.7198526632492,rebalance
2023-02-08T00:00:00,SPY,sell,0.7852130675532162,309.95782622839397,rebalance
2023-02-09T00:00:00,SPY,sell,0.6305469236874,246.7465696911022,rebalance
2023-02-10T00:00:00,SPY,buy,0.17002412752156715,66.68936965803732,rebalance
2023-02-13T00:00:00,SPY,buy,0.8414083385972836,333.9037630307648,rebalance
2023-02-14T00:00:00,SPY,sell,0.0333967742854554,13.247047403674514,rebalance
2023-02-15T00:00:00,SPY,buy,0.23148862529806058,92.11965085157135,rebalance
2023-02-16T00:00:00,SPY,sell,0.9947782790962287,390.4160483194246,rebalance
2023-02-17T00:00:00,SPY,sell,0.17972221023329074,70.35853587115707,rebalance
2023-02-21T00:00:00,SPY,sell,1.487239607803283,570.551825803228,rebalance
2023-02-22T00:00:00,SPY,sell,0.10270179254388785,39.345333160883456,rebalance
2023-02-23T00:00:00,SPY,buy,0.39492333620328907,152.10103258452364,rebalance
2023-02-24T00:00:00,SPY,sell,0.8020256005021126,305.59292542657204,rebalance
2023-02-27T00:00:00,SPY,buy,0.2536905072942423,96.991986295463,rebalance
2023-02-28T00:00:00,SPY,sell,0.2776593057231442,105.763503731956,rebalance
2023-03-01T00:00:00,SPY,sell,0.28933867106943884,109.78951811968727,rebalance
2023-03-02T00:00:00,SPY,buy,120.31812509994968,46009.76780202625,rebalance
2023-03-03T00:00:00,SPY,sell,0.8982766671519201,349.01083163232397,rebalance
2023-03-06T00:00:00,SPY,sell,0.030486892527899573,11.853395550919231,rebalance
2023-03-07T00:00:00,SPY,buy,0.688126296995426,263.44443201638205,rebalance
2023-03-08T00:00:00,SPY,sell,0.07317345206439269,28.059671903251,rebalance
2023-03-09T00:00:00,SPY,buy,0.8395595583304074,316.00437096933456,rebalance
2023-03-10T00:00:00,SPY,buy,0.6631257427664545,245.99443527474432,rebalance
2023-03-13T00:00:00,SPY,buy,0.06688243877874807,24.77547562140535,rebalance
2023-03-14T00:00:00,SPY,sell,0.7456982208969452,280.7975031964743,rebalance
2023-03-15T00:00:00,SPY,buy,0.28191723195785096,105.49382739783323,rebalance
2023-03-16T00:00:00,SPY,sell,0.784099463312837,298.55900757669224,rebalance
2023-03-17T00:00:00,SPY,buy,0.530289651853179,199.5557412507551,rebalance
2023-03-20T00:00:00,SPY,sell,0.43194888081580946,164.11167969210146,rebalance
2023-03-21T00:00:00,SPY,sell,0.5821708113310596,224.09024473493628,rebalance
2023-03-22T00:00:00,SPY,buy,0.772186562153725,292.16470843253046,rebalance
2023-03-23T00:00:00,SPY,sell,0.12341480367475106,46.82149675179244,rebalance
2023-03-24T00:00:00,SPY,sell,0.29370210475333125,112.15678316960111,rebalance
2023-03-27T00:00:00,SPY,sell,0.08331104857576914,31.873699184754514,rebalance
2023-03-28T00:00:00,SPY,buy,0.10060132359555589,38.40233252386679,rebalance
2023-03-29T00:00:00,SPY,sell,0.6424720491307453,248.81420199348213,rebalance
2023-03-30T00:00:00,SPY,sell,0.2572689141920347,100.21753998940403,rebalance
2023-03-31T00:00:00,SPY,sell,0.6135385956049174,242.36880943996948,rebalance
2023-04-03T00:00:00,SPY,sell,0.16627543966458028,65.93480337351866,rebalance
2023-04-04T00:00:00,SPY,buy,0.24304262409041677,95.84133848889905,rebalance
2023-04-05T00:00:00,SPY,buy,0.1148611401277866,45.17570524655821,rebalance
2023-04-06T00:00:00,SPY,sell,0.17030135586729972,67.24202060030439,rebalance
2023-04-10T00:00:00,SPY,sell,0.0451374775838115,17.84043373651366,rebalance
2023-04-11T00:00:00,SPY,sell,0.01172648178860815,4.636096854443167,rebalance
2023-04-12T00:00:00,SPY,buy,0.17869786017001563,70.36073366898563,rebalance
2023-04-13T00:00:00,SPY,sell,0.5742745625306748,229.11902393263517,rebalance
2023-04-14T00:00:00,SPY,buy,0.10573389734188994,42.08174265388516,rebalance
2023-04-17T00:00:00,SPY,sell,0.15536230562903366,62.05555858167645,rebalance
2023-04-18T00:00:00,SPY,sell,0.02814701118759227,11.24994754655927,rebalance
2023-04-19T00:00:00,SPY,buy,0.007277707312096877,2.9083011473703664,rebalance
2023-04-20T00:00:00,SPY,buy,0.2376595096597317,94.45469257849982,rebalance
2023-04-21T00:00:00,SPY,sell,0.033892687999293784,13.480673915179068,rebalance
2023-04-24T00:00:00,SPY,sell,0.04531391131635853,18.0422202845657,rebalance
2023-04-25T00:00:00,SPY,buy,0.7004534288159334,274.4659468719474,rebalance
2023-04-26T00:00:00,SPY,buy,0.1864265600067678,72.74005036090239,rebalance
2023-04-27T00:00:00,SPY,sell,0.8610917234390068,342.67014793222916,rebalance
2023-04-28T00:00:00,SPY,sell,0.3685058506330134,147.897981072143,rebalance
2023-05-01T00:00:00,SPY,buy,0.04340248373546325,17.40177868947285,rebalance
2023-05-02T00:00:00,SPY,buy,0.49112453314797205,194.698188714985,rebalance
2023-05-03T00:00:00,SPY,buy,0.3008156449120483,118.4348318605771,rebalance
2023-05-04T00:00:00,SPY,buy,0.3125259768076742,122.17383216708913,rebalance
2023-05-05T00:00:00,SPY,sell,0.8011992837795563,319.00609657962923,rebalance
2023-05-08T00:00:00,SPY,sell,0.01171286312206978,4.6648454072274035,rebalance
2023-05-09T00:00:00,SPY,buy,0.19125625404401797,75.83699195578447,rebalance
2023-05-10T00:00:00,SPY,sell,0.20303659254595668,80.88430599965068,rebalance
2023-05-11T00:00:00,SPY,buy,0.07566221037804564,30.089217963439296,rebalance
2023-05-12T00:00:00,SPY,buy,0.05694663822141428,22.61676889807495,rebalance
2023-05-15T00:00:00,SPY,sell,0.14965284538879764,59.640760091511765,rebalance
2023-05-16T00:00:00,SPY,buy,0.2918389483855447,115.52858198477043,rebalance
2023-05-17T00:00:00,SPY,sell,0.5236490547765393,209.8102181207214,rebalance
2023-05-18T00:00:00,SPY,sell,0.4127642850798069,166.97524601844634,rebalance
2023-05-19T00:00:00,SPY,buy,0.06261803461961227,25.293971098039037,rebalance
2023-05-22T00:00:00,SPY,sell,0.017471484356578162,7.060310112363368,rebalance
2023-05-23T00:00:00,SPY,buy,0.487507528434328,194.79316354387993,rebalance
2023-05-24T00:00:00,SPY,buy,0.31643923972853494,125.52345430085916,rebalance
2023-05-25T00:00:00,SPY,sell,0.37476612608939475,149.94762347207143,rebalance
2023-05-26T00:00:00,SPY,sell,0.5532676989003655,224.23473151885992,rebalance
2023-05-30T00:00:00,SPY,sell,0.015871747403588318,6.435136242049339,rebalance
2023-05-31T00:00:00,SPY,buy,0.23890530306807203,96.32606701171608,rebalance
2023-06-01T00:00:00,SPY,sell,0.40508720345216204,164.8820505371841,rebalance
2023-06-02T00:00:00,SPY,sell,0.6085459300128653,251.27752503506417,rebalance
2023-06-05T00:00:00,SPY,buy,0.08105591327476237,33.40503220870232,rebalance
2023-06-06T00:00:00,SPY,sell,0.0919732499334727,37.986852426693076,rebalance
2023-06-07T00:00:00,SPY,buy,0.14661076304399823,60.34390373183487,rebalance
2023-06-08T00:00:00,SPY,sell,0.2547945097398679,105.50585924727784,rebalance
2023-06-09T00:00:00,SPY,sell,0.07551681449102794,31.326272711437923,rebalance
2023-06-12T00:00:00,SPY,sell,0.3786689878364507,158.5064377605304,rebalance
2023-06-13T00:00:00,SPY,sell,0.2738383456328131,115.38127047700982,rebalance
2023-06-14T00:00:00,SPY,sell,0.04956753199095677,20.9100576221972,rebalance
2023-06-15T00:00:00,SPY,sell,0.5094002392415614,217.55453851556376,rebalance
2023-06-16T00:00:00,SPY,buy,0.14125804637878145,60.12296892252925,rebalance
2023-06-20T00:00:00,SPY,buy,0.21559654691755523,91.2872151039046,rebalance
2023-06-21T00:00:00,SPY,buy,0.21367032124905969,90.00807508730577,rebalance
2023-06-22T00:00:00,SPY,sell,0.14972483558198119,63.298865524269786,rebalance
2023-06-23T00:00:00,SPY,buy,0.31598491137250573,132.57836052146376,rebalance
2023-06-26T00:00:00,SPY,buy,0.1713285673872042,71.59093960461905,rebalance
2023-06-27T00:00:00,SPY,sell,0.4544666193018116,191.9842695216903,rebalance
2023-06-28T00:00:00,SPY,sell,0.021410710582886607,9.049273941149295,rebalance
2023-06-29T00:00:00,SPY,sell,0.16308077231729573,69.19803138086718,rebalance
2023-06-30T00:00:00,SPY,sell,0.4827788979472099,207.26895312178385,rebalance
2023-07-03T00:00:00,SPY,sell,0.04746392295156523,20.400887219802826,rebalance
2023-07-05T00:00:00,SPY,buy,0.06103146650018389,26.19345454502036,rebalance
2023-07-06T00:00:00,SPY,buy,0.3241912560185172,138.04671737744138,rebalance
2023-07-07T00:00:00,SPY,buy,0.10461511106544094,44.43461074948209,rebalance
2023-07-10T00:00:00,SPY,sell,0.10449819790473786,44.497292646854476,rebalance
2023-07-11T00:00:00,SPY,sell,0.2613905174165971,112.0138456265704,rebalance
2023-07-12T00:00:00,SPY,sell,0.3276513662954847,141.53837085307896,rebalance
2023-07-13T00:00:00,SPY,sell,0.3215577241412288,140.00851759543002,rebalance
2023-07-14T00:00:00,SPY,buy,0.025359709238724014,11.034920544752822,rebalance
2023-07-17T00:00:00,SPY,sell,0.14063796843991314,61.40912170016236,rebalance
2023-07-18T00:00:00,SPY,sell,0.299067396484594,131.55716300023414,rebalance
2023-07-19T00:00:00,SPY,sell,0.08942365655275927,39.42416882186808,rebalance
2023-07-20T00:00:00,SPY,buy,0.26870350928713344,117.67726194063289,rebalance
2023-07-21T00:00:00,SPY,sell,0.00036601225110313463,0.16029310395242646,rebalance
2023-07-24T00:00:00,SPY,sell,0.17988203639881956,79.13029884867137,rebalance
2023-07-25T00:00:00,SPY,sell,0.10984588253246966,48.45323735048805,rebalance
2023-07-26T00:00:00,SPY,sell,0.00628589914766509,2.773149060398282,rebalance
2023-07-27T00:00:00,SPY,buy,0.26848093274541046,117.66038409313114,rebalance
2023-07-28T00:00:00,SPY,sell,0.3925434828766395,173.7143873655441,rebalance
2023-07-31T00:00:00,SPY,sell,0.07631083400604961,33.83454658079427,rebalance
2023-08-01T00:00:00,SPY,buy,0.1149130112119679,50.80410553882393,rebalance
2023-08-02T00:00:00,SPY,buy,0.5667030965761308,247.0594274863397,rebalance
2023-08-03T00:00:00,SPY,buy,0.11709476506794317,50.90223930797947,rebalance
2023-08-04T00:00:00,SPY,buy,0.18462695842518972,79.89614431003429,rebalance
2023-08-07T00:00:00,SPY,sell,0.353413616586034,154.2724423745749,rebalance
2023-08-08T00:00:00,SPY,buy,0.17644894647584564,76.68869796329818,rebalance
2023-08-09T00:00:00,SPY,buy,0.2736749101141363,118.15014745037843,rebalance
2023-08-10T00:00:00,SPY,sell,0.015145515461163606,6.540925118162704,rebalance
2023-08-11T00:00:00,SPY,buy,0.023828231161038643,10.284746107638057,rebalance
2023-08-14T00:00:00,SPY,sell,0.22447920382742753,97.42460471277445,rebalance
2023-08-15T00:00:00,SPY,buy,0.4796503762562832,205.74462952452814,rebalance
2023-08-16T00:00:00,SPY,buy,0.303633237138578,129.28684334412537,rebalance
2023-08-17T00:00:00,SPY,buy,0.31680664504045136,133.86820057019213,rebalance
2023-08-18T00:00:00,SPY,sell,0.019575150853908097,8.275556915148627,rebalance
2023-08-21T00:00:00,SPY,sell,0.26847523580659594,114.23859706097574,rebalance
2023-08-22T00:00:00,SPY,buy,0.11243376942211883,47.711984431436576,rebalance
2023-08-23T00:00:00,SPY,sell,0.45630339839019946,195.79188147831155,rebalance
2023-08-24T00:00:00,SPY,buy,0.5774959308204154,244.35932791195228,rebalance
2023-08-25T00:00:00,SPY,sell,0.29136736353107595,124.15717498672893,rebalance
2023-08-28T00:00:00,SPY,sell,0.25990947934496933,111.45469417684944,rebalance
2023-08-29T00:00:00,SPY,sell,0.5856414901074055,254.76559374123462,rebalance
2023-08-30T00:00:00,SPY,sell,0.16686694523161832,72.88939946561004,rebalance
2023-08-31T00:00:00,SPY,buy,0.059392272204799194,25.90526229068564,rebalance
2023-09-01T00:00:00,SPY,sell,0.07565069740383473,33.05828123110405,rebalance
2023-09-05T00:00:00,SPY,buy,0.1758210576617026,76.49924962350997,rebalance
2023-09-06T00:00:00,SPY,buy,0.2751265424835841,118.90205448174675,rebalance
2023-09-07T00:00:00,SPY,buy,0.12619525759234942,54.37064597667995,rebalance
2023-09-08T00:00:00,SPY,sell,0.06162627365335199,26.59138163202806,rebalance
2023-09-11T00:00:00,SPY,sell,0.2671852393765316,116.04712404611928,rebalance
2023-09-12T00:00:00,SPY,buy,0.22418528385442643,96.83672663208563,rebalance
2023-09-13T00:00:00,SPY,sell,0.04771122856336987,20.632871345849708,rebalance
2023-09-14T00:00:00,SPY,sell,0.3490381168395241,152.24412496170407,rebalance
2023-09-15T00:00:00,SPY,buy,0.49435023681511653,213.0286995154638,rebalance
2023-09-18T00:00:00,SPY,sell,0.024094579028163064,10.389085702725424,rebalance
2023-09-19T00:00:00,SPY,buy,0.08502557304269645,36.585247171471565,rebalance
2023-09-20T00:00:00,SPY,buy,0.3802372121924238,162.10631669773284,rebalance
2023-09-21T00:00:00,SPY,buy,0.6941757657418418,291.0560479309206,rebalance
2023-09-22T00:00:00,SPY,buy,0.0935010025483697,39.115223330794834,rebalance
2023-09-25T00:00:00,SPY,sell,0.17528542124979482,73.63729420187883,rebalance
2023-09-26T00:00:00,SPY,buy,0.6218852510779467,257.4154391493321,rebalance
2023-09-27T00:00:00,SPY,sell,0.017514730808691564,7.252723456582316,rebalance
2023-09-28T00:00:00,SPY,sell,0.24317850529989732,101.28224447409593,rebalance
2023-09-29T00:00:00,SPY,buy,0.10254766552392242,42.60677120654509,rebalance
2023-10-02T00:00:00,SPY,buy,0.016751204011517522,6.9570667202278855,rebalance
2023-10-03T00:00:00,SPY,buy,0.5711483925688022,234.03256824208074,rebalance
2023-10-04T00:00:00,SPY,sell,0.30779611833782744,127.0403304684587,rebalance
2023-10-05T00:00:00,SPY,buy,0.015777375046231997,6.5095278896114905,rebalance
2023-10-06T00:00:00,SPY,sell,0.49635756932192976,207.2217416717176,rebalance
2023-10-09T00:00:00,SPY,sell,0.26749866961507707,112.39161342239095,rebalance
2023-10-10T00:00:00,SPY,sell,0.21608029340978419,91.26032627596942,rebalance
2023-10-11T00:00:00,SPY,sell,0.16953205450236816,71.89423565066681,rebalance
2023-10-12T00:00:00,SPY,buy,0.25419975446080684,107.14245032868348,rebalance
2023-10-13T00:00:00,SPY,buy,0.20807816822850822,87.26586792112357,rebalance
2023-10-16T00:00:00,SPY,sell,0.43545509972681823,184.54692907141362,rebalance
2023-10-17T00:00:00,SPY,buy,0.0009356115408131459,0.3964962272257253,rebalance
2023-10-18T00:00:00,SPY,buy,0.5599540418797443,234.1369697766895,rebalance
2023-10-19T00:00:00,SPY,buy,0.37080846815230956,153.68605535804818,rebalance
2023-10-20T00:00:00,SPY,buy,0.5244805697776074,214.7061601243695,rebalance
2023-10-23T00:00:00,SPY,buy,0.07417688081307233,30.313097220328928,rebalance
2023-10-24T00:00:00,SPY,sell,0.318973109679168,131.3342089529251,rebalance
2023-10-25T00:00:00,SPY,buy,0.6165137580488477,250.20057917437225,rebalance
2023-10-26T00:00:00,SPY,buy,0.5193054560487006,208.2267334388962,rebalance
2023-10-27T00:00:00,SPY,buy,0.19608310139907337,78.26738853209099,rebalance
2023-10-30T00:00:00,SPY,sell,0.5127959863963705,207.1317854649751,rebalance
2023-10-31T00:00:00,SPY,sell,0.2682909222536865,109.050369288394,rebalance
2023-11-01T00:00:00,SPY,sell,0.45139627630893064,185.43263428654245,rebalance
2023-11-02T00:00:00,SPY,sell,0.7972837453648339,333.7992586698201,rebalance
2023-11-03T00:00:00,SPY,sell,0.37754002804766207,159.50697493580083,rebalance
2023-11-06T00:00:00,SPY,sell,0.09537632588840637,40.3882706234981,rebalance
2023-11-07T00:00:00,SPY,sell,0.11778801252975962,50.02072772661995,rebalance
2023-11-08T00:00:00,SPY,sell,0.030305647156058216,12.87924616887176,rebalance
2023-11-09T00:00:00,SPY,buy,0.32526643968135893,137.15319812998496,rebalance
2023-11-10T00:00:00,SPY,sell,0.6400863084697533,274.1131720286903,rebalance
2023-11-13T00:00:00,SPY,buy,0.038511778779666495,16.476721803705004,rebalance
2023-11-14T00:00:00,SPY,sell,0.7837559185229972,341.82437583052524,rebalance
2023-11-15T00:00:00,SPY,sell,0.08543554082243465,37.34042076126934,rebalance
2023-11-16T00:00:00,SPY,sell,0.04955700766906874,21.68585648536464,rebalance
2023-11-17T00:00:00,SPY,sell,0.05031135394230865,22.04333751347076,rebalance
2023-11-20T00:00:00,SPY,sell,0.30899909501322304,136.42652350349817,rebalance
2023-11-21T00:00:00,SPY,buy,0.08753898464402804,38.56519710017892,rebalance
2023-11-22T00:00:00,SPY,sell,0.15503209709063998,68.56289289509004,rebalance
2023-11-24T00:00:00,SPY,sell,0.024758751802455372,10.956288665820466,rebalance
2023-11-27T00:00:00,SPY,buy,0.07241753991724606,31.988627211907442,rebalance
2023-11-28T00:00:00,SPY,sell,0.03977985294066881,17.58914975679727,rebalance
2023-11-29T00:00:00,SPY,buy,0.028308579317659423,12.508181364570191,rebalance
2023-11-30T00:00:00,SPY,sell,0.15765358974349933,69.93370925555791,rebalance
2023-12-01T00:00:00,SPY,sell,0.23578663376672843,105.21156790092937,rebalance
2023-12-04T00:00:00,SPY,buy,0.20999674749831151,93.21185128577054,rebalance
2023-12-05T00:00:00,SPY,buy,0.007979769260157733,3.5413048526206694,rebalance
2023-12-06T00:00:00,SPY,buy,0.16207622227369378,71.63720551994265,rebalance
2023-12-07T00:00:00,SPY,sell,0.30453565865340615,135.63093328318791,rebalance
2023-12-08T00:00:00,SPY,sell,0.1712700053615347,76.60638476019085,rebalance
2023-12-11T00:00:00,SPY,sell,0.1544174932463061,69.3371725889956,rebalance
2023-12-12T00:00:00,SPY,sell,0.18062964221635588,81.47750153055676,rebalance
2023-12-13T00:00:00,SPY,sell,0.5383335699960705,246.17738854904746,rebalance
2023-12-14T00:00:00,SPY,sell,0.12494203688801865,57.31876847815147,rebalance
2023-12-15T00:00:00,SPY,buy,0.06435676058615107,29.47588145953705,rebalance
2023-12-18T00:00:00,SPY,sell,0.21892674526213776,100.8341192135158,rebalance
2023-12-19T00:00:00,SPY,sell,0.23549763485050065,109.12596602271879,rebalance
2023-12-20T00:00:00,SPY,buy,0.5447889150158371,248.94856677066855,rebalance
2023-12-21T00:00:00,SPY,sell,0.36922229539584367,170.32086569102466,rebalance
2023-12-22T00:00:00,SPY,sell,0.07796477781298948,36.03713903917742,rebalance
2023-12-26T00:00:00,SPY,sell,0.16340042383232506,75.8464096840762,rebalance
2023-12-27T00:00:00,SPY,sell,0.0699856343207725,32.54432378142883,rebalance
2023-12-28T00:00:00,SPY,sell,0.01461433529298634,6.798441778635606,rebalance
2023-12-29T00:00:00,SPY,buy,0.11226488027079301,52.07331166732183,rebalance
2024-01-02T00:00:00,SPY,sell,103.56605219170339,47769.5824054459,rebalance
2024-01-03T00:00:00,SPY,sell,0.3696464456515069,169.10605178985134,rebalance
2024-01-04T00:00:00,SPY,buy,104.73446303793611,47759.643888510924,rebalance
2024-01-05T00:00:00,SPY,sell,0.1076898234558051,49.174575504948734,rebalance
2024-01-08T00:00:00,SPY,sell,0.5527902509997359,256.0250544238588,rebalance
2024-01-09T00:00:00,SPY,buy,0.05804091338920774,26.840891802774422,rebalance
2024-01-10T00:00:00,SPY,sell,0.21880555876026625,101.75840039667673,rebalance
2024-01-11T00:00:00,SPY,buy,0.01711811475117001,7.957495228271,rebalance
2024-01-12T00:00:00,SPY,sell,0.026845519220916637,12.488003350124927,rebalance
2024-01-16T00:00:00,SPY,buy,0.1426809718118565,66.12869852202857,rebalance
2024-01-17T00:00:00,SPY,buy,0.2172801219261536,100.1435647499784,rebalance
2024-01-18T00:00:00,SPY,sell,0.3440536075834391,159.98314258021492,rebalance
2024-01-19T00:00:00,SPY,sell,0.47695053132072796,224.5442433739954,rebalance
2024-01-22T00:00:00,SPY,sell,0.08078222567490999,38.11199794837739,rebalance
2024-01-23T00:00:00,SPY,sell,0.11145977869739097,52.738635838955815,rebalance
2024-01-24T00:00:00,SPY,sell,0.04162602777527253,19.717421613015176,rebalance
2024-01-25T00:00:00,SPY,sell,0.2066651709541821,98.42561212023429,rebalance
2024-01-26T00:00:00,SPY,buy,0.04828267743662751,22.96572153420493,rebalance
2024-01-29T00:00:00,SPY,sell,0.29931371898219367,143.49644824809002,rebalance
2024-01-30T00:00:00,SPY,buy,0.02908610984122934,13.93362689046262,rebalance
2024-01-31T00:00:00,SPY,buy,0.6285220293738837,296.1788456073773,rebalance
2024-02-01T00:00:00,SPY,sell,0.49637284324827063,236.96749859938063,rebalance
2024-02-02T00:00:00,SPY,sell,0.3958227161747057,190.95438247314087,rebalance
2024-02-05T00:00:00,SPY,buy,0.13746304171996737,66.07400133599003,rebalance
2024-02-06T00:00:00,SPY,sell,0.10952763361680665,52.79920833313736,rebalance
2024-02-07T00:00:00,SPY,sell,0.3118466225482309,151.5835060500758,rebalance
2024-02-08T00:00:00,SPY,sell,0.01666082572890941,8.102129350154428,rebalance
2024-02-09T00:00:00,SPY,sell,0.21528583419471212,105.29817526927945,rebalance
2024-02-12T00:00:00,SPY,buy,0.016299586768157556,7.968769878956664,rebalance
2024-02-13T00:00:00,SPY,buy,0.5211794538347849,251.29212594661658,rebalance
2024-02-14T00:00:00,SPY,sell,0.340487507323379,165.66153247319744,rebalance
2024-02-15T00:00:00,SPY,sell,0.25664040165872176,125.72791974102438,rebalance
2024-02-16T00:00:00,SPY,buy,0.18634279128632905,90.83455877372762,rebalance
2024-02-20T00:00:00,SPY,buy,0.20713116393734873,100.41218572546131,rebalance
2024-02-21T00:00:00,SPY,sell,0.03392226925778234,16.459591683236795,rebalance
2024-02-22T00:00:00,SPY,sell,0.7608316122619014,376.80696409510347,rebalance
2024-02-23T00:00:00,SPY,sell,0.025098047326093657,12.438549515827617,rebalance
2024-02-26T00:00:00,SPY,buy,0.13578389018947545,67.04780008673697,rebalance
2024-02-27T00:00:00,SPY,sell,0.06878234143637071,34.02665663425796,rebalance
2024-02-28T00:00:00,SPY,buy,0.04887108350048704,24.144595641289925,rebalance
2024-02-29T00:00:00,SPY,sell,0.13268991738002828,65.79067215220857,rebalance
2024-03-01T00:00:00,SPY,sell,0.34344756797150633,171.88782505894414,rebalance
2024-03-04T00:00:00,SPY,buy,0.03910182846934786,19.548602825929265,rebalance
2024-03-05T00:00:00,SPY,buy,0.37049687155584665,183.3753619791314,rebalance
2024-03-06T00:00:00,SPY,sell,0.18717564684835697,93.11097906922078,rebalance
2024-03-07T00:00:00,SPY,sell,0.3618167287321945,181.7732220655198,rebalance
2024-03-08T00:00:00,SPY,buy,0.22076891564001247,110.24645703573333,rebalance
2024-03-11T00:00:00,SPY,buy,0.03166021972403519,15.796724987380003,rebalance
2024-03-12T00:00:00,SPY,sell,0.3912115729938117,197.29301773256884,rebalance
2024-03-13T00:00:00,SPY,buy,0.057155537207300475,28.779089773830492,rebalance
2024-03-14T00:00:00,SPY,buy,0.07225361332175374,36.30938991885705,rebalance
2024-03-15T00:00:00,SPY,buy,0.2528447275833745,126.18882501834014,rebalance
2024-03-18T00:00:00,SPY,sell,0.2177145974521167,109.30196989499382,rebalance
2024-03-19T00:00:00,SPY,sell,0.20233514127554966,102.14532828595475,rebalance
2024-03-20T00:00:00,SPY,sell,0.33395209411520044,170.14915247919635,rebalance
2024-03-21T00:00:00,SPY,sell,0.11883464494674267,60.7465348320693,rebalance
2024-03-22T00:00:00,SPY,buy,0.06850321095705476,34.95145542132741,rebalance
2024-03-25T00:00:00,SPY,buy,0.10015052350297353,50.95726364578877,rebalance
2024-03-26T00:00:00,SPY,buy,0.06692050409545501,33.98670777852385,rebalance
2024-03-27T00:00:00,SPY,sell,0.30238207691943286,154.8604294601464,rebalance
2024-03-28T00:00:00,SPY,buy,0.006778847119869088,3.471021284152812,rebalance
2024-04-01T00:00:00,SPY,buy,0.06282408360808268,32.112292215202615,rebalance
2024-04-02T00:00:00,SPY,buy,0.2310505593888004,117.34974567313839,rebalance
2024-04-03T00:00:00,SPY,sell,0.03975222754690305,20.212187995035492,rebalance
2024-04-04T00:00:00,SPY,buy,0.44785542819056795,224.93450042361656,rebalance
2024-04-05T00:00:00,SPY,sell,0.37860266536758164,192.13893470400217,rebalance
2024-04-08T00:00:00,SPY,sell,0.020295130637174315,10.305436016482417,rebalance
2024-04-09T00:00:00,SPY,sell,0.04190058363530976,21.300835823934904,rebalance
2024-04-10T00:00:00,SPY,buy,0.3664404270543953,184.420616809708,rebalance
2024-04-11T00:00:00,SPY,sell,0.27394626173693826,138.91101976832942,rebalance
2024-04-12T00:00:00,SPY,buy,0.5076523348508098,253.86415459352793,rebalance
2024-04-15T00:00:00,SPY,buy,0.4642616455375528,229.25697120874247,rebalance
2024-04-16T00:00:00,SPY,buy,0.06739377521209182,33.21901251253075,rebalance
2024-04-17T00:00:00,SPY,buy,0.22071980307114644,108.1509454522311,rebalance
2024-04-18T00:00:00,SPY,buy,0.07658101988482834,37.446877740967466,rebalance
2024-04-19T00:00:00,SPY,buy,0.3285447539250069,159.2508198553478,rebalance
2024-04-22T00:00:00,SPY,sell,0.3433167304705627,167.943529016331,rebalance
2024-04-23T00:00:00,SPY,sell,0.4372672100908159,216.44050341647744,rebalance
2024-04-24T00:00:00,SPY,buy,0.017589310622022847,8.702304452064709,rebalance
2024-04-25T00:00:00,SPY,buy,0.14110882965141103,69.54831248758273,rebalance
2024-04-26T00:00:00,SPY,sell,0.3483956638053608,173.34060079947085,rebalance
2024-04-29T00:00:00,SPY,sell,0.12980093680223567,64.80979629896319,rebalance
2024-04-30T00:00:00,SPY,buy,0.5911755782219874,290.4988945996083,rebalance
2024-05-01T00:00:00,SPY,buy,0.12107557331907152,59.302367246782524,rebalance
2024-05-02T00:00:00,SPY,sell,0.3456553769185522,170.88427359213165,rebalance
2024-05-03T00:00:00,SPY,sell,0.4522503343881389,226.35381805130237,rebalance
2024-05-06T00:00:00,SPY,sell,0.3744688893556165,189.3592539287747,rebalance
2024-05-07T00:00:00,SPY,sell,0.04007171290970126,20.28558926893311,rebalance
2024-05-08T00:00:00,SPY,sell,0.003569250161402641,1.8070439975781483,rebalance
2024-05-09T00:00:00,SPY,sell,0.20829095424378294,106.06137505142033,rebalance
2024-05-10T00:00:00,SPY,sell,0.046488420847845796,23.70231176069501,rebalance
2024-05-13T00:00:00,SPY,sell,0.004838565579710718,2.4672939765878255,rebalance
2024-05-14T00:00:00,SPY,sell,0.16517442644433458,84.61262631694262,rebalance
2024-05-15T00:00:00,SPY,sell,0.44068727095351334,228.54285562242148,rebalance
2024-05-16T00:00:00,SPY,buy,0.07347764586813325,38.02751159482432,rebalance
2024-05-17T00:00:00,SPY,sell,0.05136551047379223,26.621840542182326,rebalance
2024-05-20T00:00:00,SPY,sell,0.04114153263609564,21.347506099704333,rebalance
2024-05-21T00:00:00,SPY,sell,0.08736168194598795,45.44137828601379,rebalance
2024-05-22T00:00:00,SPY,buy,0.10283237194912083,53.3344703984294,rebalance
2024-05-23T00:00:00,SPY,buy,0.262537039372951,135.1714346687113,rebalance
2024-05-24T00:00:00,SPY,sell,0.23633496114296698,122.48598846558161,rebalance
2024-05-28T00:00:00,SPY,sell,0.024937525432287486,12.93347070197342,rebalance
2024-05-29T00:00:00,SPY,buy,0.25174891074435457,129.65148804111595,rebalance
2024-05-30T00:00:00,SPY,buy,0.23981268702760544,122.68501055398156,rebalance
2024-05-31T00:00:00,SPY,sell,0.3258253755171062,168.2061767893465,rebalance
2024-06-03T00:00:00,SPY,sell,0.029063233881334027,15.016024275984819,rebalance
2024-06-04T00:00:00,SPY,sell,0.040012559899690714,20.696291465596005,rebalance
2024-06-05T00:00:00,SPY,sell,0.42023222232926033,219.9463493092917,rebalance
2024-06-06T00:00:00,SPY,buy,0.0005639828200366629,0.29517881128413137,rebalance
2024-06-07T00:00:00,SPY,buy,0.0431693642552706,22.566627073509153,rebalance
2024-06-10T00:00:00,SPY,sell,0.10933921799517426,57.333270911170985,rebalance
2024-06-11T00:00:00,SPY,sell,0.08521369917379276,44.79039341687894,rebalance
2024-06-12T00:00:00,SPY,sell,0.2878271408463676,152.53146707431733,rebalance
2024-06-13T00:00:00,SPY,sell,0.07047487520163122,37.422739427143824,rebalance
2024-06-14T00:00:00,SPY,sell,0.02142088342699605,11.38158973559257,rebalance
2024-06-17T00:00:00,SPY,sell,0.2769021914420841,148.29778767499738,rebalance
2024-06-18T00:00:00,SPY,sell,0.0884377771758637,47.48408537926662,rebalance
2024-06-20T00:00:00,SPY,buy,0.0947757310422862,50.74883484313614,rebalance
2024-06-21T00:00:00,SPY,buy,0.046810694502176814,25.031756032018166,rebalance
2024-06-24T00:00:00,SPY,buy,0.11380379026615488,60.65811481507262,rebalance
2024-06-25T00:00:00,SPY,sell,0.13432288033756906,71.87063605712319,rebalance
2024-06-26T00:00:00,SPY,sell,0.04360398282996198,23.359811832804553,rebalance
2024-06-27T00:00:00,SPY,sell,0.05487427468702319,29.44395025740596,rebalance
2024-06-28T00:00:00,SPY,buy,0.13752614235422983,73.50216630694922,rebalance
2024-07-01T00:00:00,SPY,sell,0.07185297735203515,38.48155406188744,rebalance
2024-07-02T00:00:00,SPY,sell,0.23310158774636672,125.67991366018032,rebalance
2024-07-03T00:00:00,SPY,sell,0.1542217328542794,83.52183675260312,rebalance
2024-07-05T00:00:00,SPY,sell,0.198237991914483,107.97880887627252,rebalance
2024-07-08T00:00:00,SPY,sell,0.039672693906379175,21.63436458160868,rebalance
2024-07-09T00:00:00,SPY,sell,0.03341054645160109,18.23720102380321,rebalance
2024-07-10T00:00:00,SPY,sell,0.3367170656747578,185.61626892898857,rebalance
2024-07-11T00:00:00,SPY,buy,0.29659258658187443,162.08775805412006,rebalance
2024-07-12T00:00:00,SPY,sell,0.21548400085021852,118.50474498881522,rebalance
2024-07-15T00:00:00,SPY,sell,0.09360853252678386,51.62128912970002,rebalance
2024-07-16T00:00:00,SPY,sell,0.20103330739288805,111.51911679292971,rebalance
2024-07-17T00:00:00,SPY,buy,0.48221541230711884,263.74843201803014,rebalance
2024-07-18T00:00:00,SPY,buy,0.26521929013687495,143.94730027846526,rebalance
2024-07-19T00:00:00,SPY,buy,0.23064836537798641,124.35270629168008,rebalance
2024-07-22T00:00:00,SPY,sell,0.3544699630579184,193.08072351524606,rebalance
2024-07-23T00:00:00,SPY,buy,0.053922458751110215,29.325635722685547,rebalance
2024-07-24T00:00:00,SPY,buy,0.7991947689302272,424.79055569790216,rebalance
2024-07-25T00:00:00,SPY,buy,0.18328527069528866,96.91278046453226,rebalance
2024-07-26T00:00:00,SPY,sell,0.39023903882225874,208.65133913823956,rebalance
2024-07-29T00:00:00,SPY,sell,0.0203691088931509,10.897269367829722,rebalance
2024-07-30T00:00:00,SPY,buy,0.1776759811346902,94.57327884339247,rebalance
2024-07-31T00:00:00,SPY,sell,0.5608093957255083,303.3594095913577,rebalance
2024-08-01T00:00:00,SPY,buy,0.4972844024003173,265.1875003690584,rebalance
2024-08-02T00:00:00,SPY,buy,0.6650497575601549,348.0489034126367,rebalance
2024-08-05T00:00:00,SPY,buy,1.0707248130900267,544.0362970200003,rebalance
2024-08-06T00:00:00,SPY,sell,0.33276051424692665,170.63477415248053,rebalance
2024-08-07T00:00:00,SPY,buy,0.24332151378479927,123.93776003423045,rebalance
2024-08-08T00:00:00,SPY,sell,0.8188623790661249,426.7361546119573,rebalance
2024-08-09T00:00:00,SPY,sell,0.15691783708960838,82.13567471359784,rebalance
2024-08-12T00:00:00,SPY,sell,0.018596858732896574,9.739287516586046,rebalance
2024-08-13T00:00:00,SPY,sell,0.5737805557034387,305.4341341780455,rebalance
2024-08-14T00:00:00,SPY,sell,0.11017870000281457,58.83521060872954,rebalance
2024-08-15T00:00:00,SPY,sell,0.5887420382328373,319.7757914491849,rebalance
2024-08-16T00:00:00,SPY,sell,0.0778596541075925,42.384359730676806,rebalance
2024-08-19T00:00:00,SPY,sell,0.3262994019987233,179.3255397746907,rebalance
2024-08-20T00:00:00,SPY,buy,0.05552531784200288,30.465627597874118,rebalance
2024-08-21T00:00:00,SPY,sell,0.11734099703318403,64.60390361346072,rebalance
2024-08-22T00:00:00,SPY,buy,0.27028791268177643,147.64325457244195,rebalance
2024-08-23T00:00:00,SPY,sell,0.36178559657663895,199.72318213279505,rebalance
2024-08-26T00:00:00,SPY,buy,0.081495482637883,44.88220949912284,rebalance
2024-08-27T00:00:00,SPY,sell,0.04681187176419062,25.816215844348335,rebalance
2024-08-28T00:00:00,SPY,buy,0.199195741100203,109.21645708764117,rebalance
2024-08-29T00:00:00,SPY,sell,0.0033212312649883013,1.821151270189148,rebalance
2024-08-30T00:00:00,SPY,sell,0.3240027469653344,179.3584205418083,rebalance
2024-09-03T00:00:00,SPY,sell,91.43941307321263,49576.50310891601,rebalance
2024-09-04T00:00:00,SPY,sell,0.0027311091159453707,1.477718228881713,rebalance
2024-09-05T00:00:00,SPY,sell,0.14042639311613314,75.79556566082829,rebalance
2024-09-06T00:00:00,SPY,sell,0.9889793644895629,524.8205155644828,rebalance
2024-09-09T00:00:00,SPY,buy,0.6518171785622273,349.7718055589903,rebalance
2024-09-10T00:00:00,SPY,buy,0.25321510544581166,136.4696814251074,rebalance
2024-09-11T00:00:00,SPY,buy,0.587843304671947,320.0669735746378,rebalance
2024-09-12T00:00:00,SPY,buy,0.47770670247122243,262.2910695808314,rebalance
2024-09-13T00:00:00,SPY,buy,0.2941062616372927,162.32622838876705,rebalance
2024-09-16T00:00:00,SPY,buy,0.08293598964800936,45.84251899917217,rebalance
2024-09-17T00:00:00,SPY,buy,0.02301587774612005,12.727127171976463,rebalance
2024-09-18T00:00:00,SPY,sell,0.1667132058282421,91.91424900255151,rebalance
2024-09-19T00:00:00,SPY,buy,0.943240771193354,528.9125905442343,rebalance
2024-09-20T00:00:00,SPY,sell,0.09559361516912242,53.51048067228112,rebalance
2024-09-23T00:00:00,SPY,buy,0.1375649096297292,77.19718043781177,rebalance
2024-09-24T00:00:00,SPY,buy,0.15709754836911277,88.41054785339657,rebalance
2024-09-25T00:00:00,SPY,sell,0.12114421942844342,68.02655333412622,rebalance
2024-09-26T00:00:00,SPY,buy,0.21693444461895536,122.29895137625499,rebalance
2024-09-27T00:00:00,SPY,sell,0.07927438807701133,44.62690808155094,rebalance
2024-09-30T00:00:00,SPY,buy,0.2188186022693942,123.67587600495972,rebalance
2024-10-01T00:00:00,SPY,sell,0.4929034102040203,276.0924264037021,rebalance
2024-10-02T00:00:00,SPY,buy,88.21695906359685,49434.25537511026,rebalance
2024-10-03T00:00:00,SPY,buy,0.08290677433680475,46.37363906934843,rebalance
2024-10-04T00:00:00,SPY,sell,0.2985913573562704,168.53386297194083,rebalance
2024-10-07T00:00:00,SPY,buy,0.2999093577813581,167.74742757255444,rebalance
2024-10-08T00:00:00,SPY,sell,0.3109008654109856,175.53989631613513,rebalance
2024-10-09T00:00:00,SPY,sell,0.22644959821721652,128.74288531739512,rebalance
2024-10-10T00:00:00,SPY,buy,0.05716328649966382,32.442042154485534,rebalance
2024-10-11T00:00:00,SPY,sell,0.19511388717334968,111.39662025976213,rebalance
2024-10-14T00:00:00,SPY,sell,0.2646263691206273,152.31909312034622,rebalance
2024-10-15T00:00:00,SPY,buy,0.25387596397831647,144.99577766722723,rebalance
2024-10-16T00:00:00,SPY,sell,0.14126658140462492,81.03203377913451,rebalance
2024-10-17T00:00:00,SPY,sell,0.002622917796382722,1.5046629526332254,rebalance
2024-10-18T00:00:00,SPY,sell,0.12458306414362708,71.74322271905476,rebalance
2024-10-21T00:00:00,SPY,buy,0.053240389850888435,30.609012766235537,rebalance
2024-10-22T00:00:00,SPY,buy,0.017288481636958855,9.934230203834886,rebalance
2024-10-23T00:00:00,SPY,buy,0.29946410568489795,170.50437760882778,rebalance
2024-10-24T00:00:00,SPY,sell,0.07093660480654217,40.476173852410284,rebalance
2024-10-25T00:00:00,SPY,buy,0.011321803508900143,6.457949396579352,rebalance
2024-10-28T00:00:00,SPY,sell,0.10065446204263447,57.59073075492779,rebalance
2024-10-29T00:00:00,SPY,sell,0.05271285174417444,30.209135622942995,rebalance
2024-10-30T00:00:00,SPY,buy,0.09870020542364967,56.39284791790851,rebalance
2024-10-31T00:00:00,SPY,buy,0.6522213622329485,365.3448374190484,rebalance
2024-11-01T00:00:00,SPY,sell,0.140123001487623,78.82181393257997,rebalance
2024-11-04T00:00:00,SPY,buy,0.07118199251677708,39.95495550481428,rebalance
2024-11-05T00:00:00,SPY,sell,0.3949038718444157,224.34263837278922,rebalance
2024-11-06T00:00:00,SPY,sell,0.7927181776905903,461.5365961092393,rebalance
2024-11-07T00:00:00,SPY,sell,0.24636571565818763,144.5482117671745,rebalance
2024-11-08T00:00:00,SPY,sell,0.13794380352390764,81.28528059632299,rebalance
2024-11-11T00:00:00,SPY,sell,0.030292958484233988,17.867548305621312,rebalance
2024-11-12T00:00:00,SPY,buy,0.09922874440034334,58.34579310369736,rebalance
2024-11-13T00:00:00,SPY,sell,0.015560110454800677,9.153679441082204,rebalance
2024-11-14T00:00:00,SPY,buy,0.20650933061853582,120.70384665214442,rebalance
2024-11-15T00:00:00,SPY,buy,0.41628128885632765,240.19814024692096,rebalance
2024-11-18T00:00:00,SPY,sell,0.13236181676166478,76.68692561818534,rebalance
2024-11-19T00:00:00,SPY,sell,0.11780546432466546,68.50286367602894,rebalance
2024-11-20T00:00:00,SPY,sell,0.010943131667090017,6.365492920336692,rebalance
2024-11-21T00:00:00,SPY,sell,0.1718209036990792,100.48275006662516,rebalance
2024-11-22T00:00:00,SPY,sell,0.09910827277560462,58.13925743703294,rebalance
2024-11-25T00:00:00,SPY,sell,0.10797655450854962,63.55646040881038,rebalance
2024-11-26T00:00:00,SPY,sell,0.16567157790931442,98.02572085989232,rebalance
2024-11-27T00:00:00,SPY,buy,0.09649404034965833,56.921265473778476,rebalance
2024-11-29T00:00:00,SPY,sell,0.19667461796818442,116.73790966751403,rebalance
2024-12-02T00:00:00,SPY,sell,0.05674726380889638,33.74319280850614,rebalance
2024-12-03T00:00:00,SPY,sell,0.014703540367108,8.74710960037919,rebalance
2024-12-04T00:00:00,SPY,sell,0.19528089291993664,116.89363594029783,rebalance
2024-12-05T00:00:00,SPY,buy,0.051847798909109497,30.984616777812334,rebalance
2024-12-06T00:00:00,SPY,sell,0.059706423767013135,35.7486272273818,rebalance
2024-12-09T00:00:00,SPY,buy,0.1629864987762568,97.08400624494607,rebalance
2024-12-10T00:00:00,SPY,buy,0.09848487102904728,58.4807960979997,rebalance
2024-12-11T00:00:00,SPY,sell,0.24324784492720475,145.5583879961705,rebalance
2024-12-12T00:00:00,SPY,buy,0.16299983222167808,97.0357580297059,rebalance
2024-12-13T00:00:00,SPY,buy,0.006077848045900168,3.6174977639093413,rebalance
2024-12-16T00:00:00,SPY,sell,0.1345006285485708,80.39577228159033,rebalance
2024-12-17T00:00:00,SPY,buy,0.13025371258747628,77.53646393830422,rebalance
2024-12-18T00:00:00,SPY,buy,0.9715834216991265,561.1199066146655,rebalance
2024-12-19T00:00:00,SPY,buy,0.007467521547033172,4.311403008654452,rebalance
2024-12-20T00:00:00,SPY,sell,0.3841040396728885,224.42762513598427,rebalance
2024-12-23T00:00:00,SPY,sell,0.19111967760568246,112.33776449966172,rebalance
2024-12-24T00:00:00,SPY,sell,0.350982157617834,208.5959755531112,rebalance
2024-12-26T00:00:00,SPY,sell,0.0025052157901755395,1.48900093778866,rebalance
2024-12-27T00:00:00,SPY,buy,0.33688593997011507,198.12388790860132,rebalance
2024-12-30T00:00:00,SPY,buy,0.3693490607372002,214.73680265004805,rebalance
