timestamp,symbol,qty,market_value
2015-01-05T00:00:00,SPY,-146.55055206909628,-24548.512222087054
2015-01-06T00:00:00,SPY,-149.6314783054903,-24828.512206153013
2015-01-07T00:00:00,SPY,-151.41019263941166,-25436.727536525847
2015-01-08T00:00:00,SPY,-149.0836238423629,-25490.308268270972
2015-01-09T00:00:00,SPY,-145.8287277261224,-24733.97499591768
2015-01-12T00:00:00,SPY,-147.29807187346003,-24787.478933963408
2015-01-13T00:00:00,SPY,-148.75155440576717,-24961.664325685877
2015-01-14T00:00:00,SPY,-149.27811449896947,-24898.801834060527
2015-01-15T00:00:00,SPY,-150.40962937914117,-24857.711240453893
2015-01-16T00:00:00,SPY,-152.14855179876943,-25474.853102811052
2015-01-20T00:00:00,SPY,-149.68553257529823,-25115.905807338047
2015-01-21T00:00:00,SPY,-149.2840942991971,-25174.99394626568
2015-01-22T00:00:00,SPY,-148.3469634955797,-25388.995625719228
2015-01-23T00:00:00,SPY,-145.62832630251012,-24787.058414556865
2015-01-26T00:00:00,SPY,-146.63189889842081,-25016.315716528447
2015-01-27T00:00:00,SPY,-146.20301405811372,-24614.13050555942
2015-01-28T00:00:00,SPY,-148.64701660606843,-24704.657389864937
2015-01-29T00:00:00,SPY,-151.06425864839858,-25338.461554038295
2015-01-30T00:00:00,SPY,-149.33463766628336,-24733.37846354799
2015-02-02T00:00:00,SPY,-151.7141969243857,-25438.664542441787
2015-02-03T00:00:00,SPY,-149.395299469094,-25412.08892092812
2015-02-04T00:00:00,SPY,-146.7293663911348,-24863.58622363884
2015-02-05T00:00:00,SPY,-147.43236099909146,-25234.903637559197
2015-02-06T00:00:00,SPY,-145.59101077303453,-24850.82112871245
2015-02-09T00:00:00,SPY,-146.09398795507994,-24825.063704239994
2015-02-10T00:00:00,SPY,-146.91434339256804,-25230.415554651212
2015-02-11T00:00:00,SPY,-144.9795030639901,-24912.584853337048
2015-02-12T00:00:00,SPY,-144.87412388331234,-25133.887589589736
2015-02-13T00:00:00,SPY,-143.14898159060772,-24936.82300696205
2015-02-17T00:00:00,SPY,-142.4144888952941,-24847.90354973952
2015-02-18T00:00:00,SPY,-142.1349179816896,-24801.478303699474
2015-02-19T00:00:00,SPY,-142.11810560104846,-24780.84496254278
2015-02-20T00:00:00,SPY,-142.24499845632076,-24951.803436339425
2015-02-23T00:00:00,SPY,-141.18429802487702,-24762.22346375138
2015-02-24T00:00:00,SPY,-141.20934748137864,-24836.96944761249
2015-02-25T00:00:00,SPY,-140.70935288404195,-24727.994066989246
2015-02-26T00:00:00,SPY,-140.85885459993884,-24725.029802724668
2015-02-27T00:00:00,SPY,-141.06698636495705,-24677.214971063924
2015-03-02T00:00:00,SPY,-141.66959826838448,-24939.09791865784
2015-03-03T00:00:00,SPY,-140.5584239547938,-24641.944675259994
2015-03-04T00:00:00,SPY,-141.28271042462364,-24664.506350128813
2015-03-05T00:00:00,SPY,-142.0294611230408,-24821.9975734367
2015-03-06T00:00:00,SPY,-141.83550336493454,-24439.4631432071
2015-03-09T00:00:00,SPY,-144.36483631533616,-24978.392294607613
2015-03-10T00:00:00,SPY,-143.6197386222589,-24446.36257997112
2015-03-11T00:00:00,SPY,-146.58124596714904,-24892.045796188882
2015-03-12T00:00:00,SPY,-147.011206064758,-25282.46616550535
2015-03-13T00:00:00,SPY,-144.70439702050106,-24733.12919537749
2015-03-16T00:00:00,SPY,-145.82059926505377,-25256.915013899026
2015-03-17T00:00:00,SPY,-143.41812434372113,-24766.955024987765
2015-03-18T00:00:00,SPY,-143.95425624353615,-25158.38735786959
2015-03-19T00:00:00,SPY,-141.81621826504718,-24671.681106935353
2015-03-20T00:00:00,SPY,-142.62895768976156,-25032.089386736523
2015-03-23T00:00:00,SPY,-141.06985154790266,-24710.213309434777
2015-03-24T00:00:00,SPY,-141.4135307389313,-24631.224335428353
2015-03-25T00:00:00,SPY,-142.41223300106796,-24441.695062248386
2015-03-26T00:00:00,SPY,-145.0594880759139,-24836.747070316647
2015-03-27T00:00:00,SPY,-145.48873999381297,-24967.27169955165
2015-03-30T00:00:00,SPY,-145.07310729374225,-25199.678654062638
2015-03-31T00:00:00,SPY,-142.88661233413274,-24602.954978951828
2015-04-01T00:00:00,SPY,-144.46317825736554,-24786.454532626663
2015-04-02T00:00:00,SPY,-145.1033393953522,-24985.85582213021
2015-04-06T00:00:00,SPY,-144.45286155376243,-25041.332042109338
2015-04-07T00:00:00,SPY,-143.24577393657896,-24766.367223167315
2015-04-08T00:00:00,SPY,-143.72036581880306,-24932.33213036431
2015-04-09T00:00:00,SPY,-143.11572104906077,-24937.26362856433
2015-04-10T00:00:00,SPY,-142.32778426985942,-24935.306149816344
2015-04-13T00:00:00,SPY,-141.36159805208032,-24654.022659249702
2015-04-14T00:00:00,SPY,-142.16424287520772,-24841.43566952842
2015-04-15T00:00:00,SPY,-141.8244268910695,-24893.255569244324
2015-04-16T00:00:00,SPY,-141.0321585059634,-24747.13898309535
2015-04-17T00:00:00,SPY,-141.08250372173035,-24471.1925423656
2015-04-20T00:00:00,SPY,-143.13468677267062,-25053.993211145957
2015-04-21T00:00:00,SPY,-141.5166686117395,-24741.262260730393
2015-04-22T00:00:00,SPY,-141.72550902258018,-24899.53444510267
2015-04-23T00:00:00,SPY,-140.85922067724127,-24809.60615392915
2015-04-24T00:00:00,SPY,-140.41746708023192,-24789.197993375907
2015-04-27T00:00:00,SPY,-140.01062785981026,-24614.599451315033
2015-04-28T00:00:00,SPY,-140.74089329301498,-24821.64600920602
2015-04-29T00:00:00,SPY,-140.18306683809834,-24621.535593450244
2015-04-30T00:00:00,SPY,-140.90756578299374,-24500.793218489816
2015-05-01T00:00:00,SPY,-142.6894896930466,-25079.604696462764
2015-05-04T00:00:00,SPY,-140.7779148624818,-24814.075154577327
2015-05-05T00:00:00,SPY,-140.27639302352284,-24442.52363087716
2015-05-06T00:00:00,SPY,-142.30764357515443,-24694.38464280333
2015-05-07T00:00:00,SPY,-143.0437725393797,-24921.147341317763
2015-05-08T00:00:00,SPY,-142.3329140832711,-25123.787822967763
2015-05-11T00:00:00,SPY,-140.0189179979148,-24597.375177569265
2015-05-12T00:00:00,SPY,-140.8575195526166,-24670.671406326295
2015-05-13T00:00:00,SPY,-141.38449522174253,-24767.68737557772
2015-05-14T00:00:00,SPY,-141.3509371948273,-25020.01097380023
2015-05-15T00:00:00,SPY,-139.52747921466158,-24724.028311731723
2015-05-18T00:00:00,SPY,-139.33737606884804,-24767.040002188824
2015-05-19T00:00:00,SPY,-138.79798103819817,-24663.053829432876
2015-05-20T00:00:00,SPY,-138.85473623931784,-24655.769123151993
2015-05-21T00:00:00,SPY,-138.97699878562784,-24749.348653187568
2015-05-22T00:00:00,SPY,-138.47245725889297,-24600.59679223497
2015-05-26T00:00:00,SPY,-138.88697530747413,-24408.94722614721
2015-05-27T00:00:00,SPY,-140.7734150279908,-24975.323074184358
2015-05-28T00:00:00,SPY,-139.11933062003845,-24654.016806812266
2015-05-29T00:00:00,SPY,-139.31584506212084,-24535.44500669496
2015-06-01T00:00:00,SPY,-140.40451593878225,-24777.53859558634
2015-06-02T00:00:00,SPY,-140.04839491202142,-24690.15848082277
2015-06-03T00:00:00,SPY,-140.22244983516197,-24786.344233035194
2015-06-04T00:00:00,SPY,-139.75932638380115,-24495.816060306606
2015-06-05T00:00:00,SPY,-141.2477714134411,-24714.2800713377
2015-06-08T00:00:00,SPY,-141.54992356629847,-24614.841842371396
2015-06-09T00:00:00,SPY,-142.6445751887952,-24801.62247448652
2015-06-10T00:00:00,SPY,-142.66981644809218,-25103.517884638895
2015-06-11T00:00:00,SPY,-140.55632461782992,-24811.36547962392
2015-06-12T00:00:00,SPY,-139.9896291851565,-24522.16892631857
2015-06-15T00:00:00,SPY,-141.33991853335675,-24652.594598827083
2015-06-16T00:00:00,SPY,-142.09761747773217,-24919.873138753435
2015-06-17T00:00:00,SPY,-141.1340713841717,-24790.92236498408
2015-06-18T00:00:00,SPY,-140.8484725719862,-24998.035614853914
2015-06-19T00:00:00,SPY,-139.03610612320173,-24566.828797096445
2015-06-22T00:00:00,SPY,-139.81100373154678,-24830.309248611095
2015-06-23T00:00:00,SPY,-138.92094140152147,-24689.703960838127
2015-06-24T00:00:00,SPY,-138.79747766356715,-24488.60132406153
2015-06-25T00:00:00,SPY,-140.06679115674766,-24637.42071038006
2015-06-26T00:00:00,SPY,-140.6011256568864,-24726.68686641536
2015-06-29T00:00:00,SPY,-140.63476067731807,-24213.959876176163
2015-06-30T00:00:00,SPY,-144.40001986658208,-24914.29371701989
2015-07-01T00:00:00,SPY,-144.02993210861626,-25049.619596933277
2015-07-02T00:00:00,SPY,-142.5974046999596,-24777.76559876471
2015-07-06T00:00:00,SPY,-142.75924483750654,-24735.30245629665
2015-07-07T00:00:00,SPY,-143.2681041845218,-24979.570903722793
2015-07-08T00:00:00,SPY,-142.14893462821874,-24368.62552651539
2015-07-09T00:00:00,SPY,-145.18263087104293,-24933.712344838863
2015-07-10T00:00:00,SPY,-144.86308829848258,-25192.103522334462
2015-07-13T00:00:00,SPY,-142.6102912308359,-25074.055801405233
2015-07-14T00:00:00,SPY,-140.659387441427,-24838.332436837063
2015-07-15T00:00:00,SPY,-139.89929834236062,-24695.906369681627
2015-07-16T00:00:00,SPY,-139.95707233894143,-24904.352603989675
2015-07-17T00:00:00,SPY,-138.56450061391683,-24677.45461659786
2015-07-20T00:00:00,SPY,-138.41729821834824,-24664.00210952311
2015-07-21T00:00:00,SPY,-138.32765965409564,-24550.643619206414
2015-07-22T00:00:00,SPY,-139.01353116403664,-24628.087379871045
2015-07-23T00:00:00,SPY,-139.32507367768477,-24544.3239730701
2015-07-24T00:00:00,SPY,-140.31099828546965,-24461.63052137307
2015-07-27T00:00:00,SPY,-142.14899503040903,-24637.904721152358
2015-07-28T00:00:00,SPY,-143.1856103398641,-25122.413040459043
2015-07-29T00:00:00,SPY,-141.01467724343775,-24911.705039354038
2015-07-30T00:00:00,SPY,-139.8092588813777,-24704.61774899397
2015-07-31T00:00:00,SPY,-139.7682064188891,-24659.870931283804
2015-08-03T00:00:00,SPY,-140.0337903497592,-24623.402293788142
2015-08-04T00:00:00,SPY,-140.62602817774834,-24679.21777297593
2015-08-05T00:00:00,SPY,-140.96993120749178,-24821.09736956525
2015-08-06T00:00:00,SPY,-140.39146044368053,-24516.83990926365
2015-08-07T00:00:00,SPY,-141.83987710183683,-24722.23650771039
2015-08-10T00:00:00,SPY,-142.17996334809106,-25093.739529737202
2015-08-11T00:00:00,SPY,-139.96904294963116,-24480.618929716875
2015-08-12T00:00:00,SPY,-141.56555855045124,-24789.516962627324
2015-08-13T00:00:00,SPY,-141.35020514192877,-24721.006895119128
2015-08-14T00:00:00,SPY,-141.5703060625926,-24849.675796185173
2015-08-17T00:00:00,SPY,-140.92799654704584,-24875.13968544243
2015-08-18T00:00:00,SPY,-139.949542522076,-24630.869635001174
2015-08-19T00:00:00,SPY,-140.45782628040976,-24524.908202849638
2015-08-20T00:00:00,SPY,-141.8560798137897,-24251.83540772832
2015-08-21T00:00:00,SPY,-145.63413875005406,-24148.262850775413
2015-08-24T00:00:00,SPY,-151.27191401502122,-24026.90847022534
2015-08-25T00:00:00,SPY,-159.5049402791261,-25036.444113860198
2015-08-26T00:00:00,SPY,-161.94110203614972,-26394.76381326527
2015-08-27T00:00:00,SPY,-154.47065737986014,-25799.913773895936
2015-08-28T00:00:00,SPY,-149.7831015103415,-25018.246121835382
2015-08-31T00:00:00,SPY,-149.7764696619163,-24815.02381718715
2015-09-01T00:00:00,SPY,-151.3013601382123,-24319.461152971202
2015-09-02T00:00:00,SPY,-157.1103657384696,-25732.50162637536
2015-09-03T00:00:00,SPY,-153.47116303601067,-25154.45895344831
2015-09-04T00:00:00,SPY,-153.32848705848,-24750.67013538881
2015-09-08T00:00:00,SPY,-156.2746480308294,-25860.218398617377
2015-09-09T00:00:00,SPY,-151.4971368410135,-24734.401873515602
2015-09-10T00:00:00,SPY,-154.05033921940725,-25288.133246512065
2015-09-11T00:00:00,SPY,-153.00633131282464,-25230.883181088335
2015-09-14T00:00:00,SPY,-152.1414306914636,-24995.17069421528
2015-09-15T00:00:00,SPY,-152.84914769294662,-25425.320824995055
2015-09-16T00:00:00,SPY,-150.49073224089946,-25249.961763304185
2015-09-17T00:00:00,SPY,-148.87253056714775,-24922.305650983635
2015-09-18T00:00:00,SPY,-149.29148719177113,-24584.02938715152
2015-09-21T00:00:00,SPY,-152.38993834132845,-25223.93668879725
2015-09-22T00:00:00,SPY,-151.41333732785395,-24736.9783967408
2015-09-23T00:00:00,SPY,-153.90521048836277,-25103.88994794307
2015-09-24T00:00:00,SPY,-154.21294315809578,-25063.13527044887
2015-09-25T00:00:00,SPY,-154.9117646409085,-25170.178681531408
2015-09-28T00:00:00,SPY,-154.96332029154354,-24546.652440672333
2015-09-29T00:00:00,SPY,-159.94974183731358,-25351.34826155087
2015-09-30T00:00:00,SPY,-159.83259892274796,-25805.43599017061
2015-10-01T00:00:00,SPY,-156.17282842863062,-25280.35506846402
2015-10-02T00:00:00,SPY,-155.66119122320694,-25573.927590761854
2015-10-05T00:00:00,SPY,-152.79880298112383,-25550.363194108468
2015-10-06T00:00:00,SPY,-149.45318903905294,-24905.30349854044
2015-10-07T00:00:00,SPY,-150.09483985701897,-25217.096550853566
2015-10-08T00:00:00,SPY,-148.57125744831382,-25186.439496331892
2015-10-09T00:00:00,SPY,-146.91017083314694,-24919.696011026554
2015-10-12T00:00:00,SPY,-146.79975243443053,-24924.470424229614
2015-10-13T00:00:00,SPY,-146.626655468367,-24738.18276073889
2015-10-14T00:00:00,SPY,-147.78922595191432,-24814.788842019603
2015-10-15T00:00:00,SPY,-148.67859404575643,-25347.43389815212
2015-10-16T00:00:00,SPY,-145.86865736813525,-24981.447653353785
2015-10-19T00:00:00,SPY,-145.0406913747172,-24851.873504514893
2015-10-20T00:00:00,SPY,-144.95199279252432,-24804.927460955783
2015-10-21T00:00:00,SPY,-145.183923058783,-24690.489342351717
2015-10-22T00:00:00,SPY,-146.31684372065283,-25303.52404077985
2015-10-23T00:00:00,SPY,-143.27953682711743,-25049.878695310872
2015-10-26T00:00:00,SPY,-141.3291298031201,-24648.155199437304
2015-10-27T00:00:00,SPY,-141.76415408938217,-24676.251374749212
2015-10-28T00:00:00,SPY,-142.1066382301651,-25017.225749905683
2015-10-29T00:00:00,SPY,-140.1088969436896,-24651.364693800984
2015-10-30T00:00:00,SPY,-140.21023329175762,-24562.88341646936
2015-11-02T00:00:00,SPY,-140.96877946964202,-24987.93148326578
2015-11-03T00:00:00,SPY,-138.9085718334963,-24694.1398559201
2015-11-04T00:00:00,SPY,-138.4067895461139,-24530.30356616161
2015-11-05T00:00:00,SPY,-138.9327670526575,-24598.945687675572
2015-11-06T00:00:00,SPY,-139.10613508862605,-24616.744756651846
2015-11-09T00:00:00,SPY,-139.1970835778096,-24402.98446677687
2015-11-10T00:00:00,SPY,-140.83586367739437,-24747.233297470106
2015-11-11T00:00:00,SPY,-140.42899936011622,-24578.724036364918
2015-11-12T00:00:00,SPY,-141.1215596450683,-24355.133703822456
2015-11-13T00:00:00,SPY,-143.6176485566525,-24507.6079543739
2015-11-16T00:00:00,SPY,-145.6538300102599,-25233.050308568196
2015-11-17T00:00:00,SPY,-142.92525011152912,-24742.28300981241
2015-11-18T00:00:00,SPY,-143.05345232110497,-25157.391126614686
2015-11-19T00:00:00,SPY,-140.2606853722837,-24644.98338680155
2015-11-20T00:00:00,SPY,-140.41142214214443,-24761.377323583867
2015-11-23T00:00:00,SPY,-139.77423756544218,-24620.742686134305
2015-11-24T00:00:00,SPY,-139.9745433518928,-24689.054510443315
2015-11-25T00:00:00,SPY,-139.74011161540506,-24644.16530398473
2015-11-27T00:00:00,SPY,-139.76506937466507,-24676.830736447653
2015-11-30T00:00:00,SPY,-139.56496093787334,-24539.19836469777
2015-12-01T00:00:00,SPY,-140.29212942224947,-24902.270406611227
2015-12-02T00:00:00,SPY,-138.63607636812716,-24357.18836828511
2015-12-03T00:00:00,SPY,-140.42227133213586,-24325.54444623466
2015-12-04T00:00:00,SPY,-142.91502456227846,-25240.207310200913
2015-12-07T00:00:00,SPY,-139.4966809962237,-24487.235802762767
2015-12-08T00:00:00,SPY,-140.55982874010465,-24508.06115468944
2015-12-09T00:00:00,SPY,-141.7456662645705,-24522.556120646765
2015-12-10T00:00:00,SPY,-143.13330820742794,-24826.53739299892
2015-12-11T00:00:00,SPY,-142.67231452862205,-24266.959295151508
2015-12-14T00:00:00,SPY,-146.1983444848507,-24992.338846359315
2015-12-15T00:00:00,SPY,-145.27912820314612,-25095.911991329438
2015-12-16T00:00:00,SPY,-143.3902054926683,-25132.047876507906
2015-12-17T00:00:00,SPY,-140.80163697206652,-24302.286056114455
2015-12-18T00:00:00,SPY,-143.52299232131048,-24330.686217559894
2015-12-21T00:00:00,SPY,-146.77294494423762,-25086.883875756015
2015-12-22T00:00:00,SPY,-145.27627055274166,-25056.397079361952
2015-12-23T00:00:00,SPY,-143.64071013304144,-25081.084757952027
2015-12-24T00:00:00,SPY,-141.44155628296284,-24656.33269037777
2015-12-28T00:00:00,SPY,-141.73378852306524,-24650.822519383197
2015-12-29T00:00:00,SPY,-142.13911571253576,-24985.131169350072
2015-12-30T00:00:00,SPY,-140.26357748343142,-24480.70496626346
2015-12-31T00:00:00,SPY,-141.51504015410322,-24452.05029849969
2016-01-04T00:00:00,SPY,-143.30076923094384,-24414.46841061559
2016-01-05T00:00:00,SPY,-145.83213131103,-24887.754342806467
2016-01-06T00:00:00,SPY,-145.5246492700901,-24522.004784853776
2016-01-07T00:00:00,SPY,-147.84959254863264,-24316.053368994795
2016-01-08T00:00:00,SPY,-152.38118623046137,-24786.261531169217
2016-01-11T00:00:00,SPY,-154.500087596225,-25155.79733589542
2016-01-12T00:00:00,SPY,-154.3113101630105,-25327.777734176725
2016-01-13T00:00:00,SPY,-152.76698558588257,-24448.93224427179
2016-01-14T00:00:00,SPY,-157.64922242800603,-25644.486003989376
2016-01-15T00:00:00,SPY,-154.4691299809866,-24587.810440063728
2016-01-19T00:00:00,SPY,-158.72546078482975,-25298.94350890841
2016-01-20T00:00:00,SPY,-158.47228098696516,-24934.9010424802
2016-01-21T00:00:00,SPY,-161.0446989461065,-25481.61055676708
2016-01-22T00:00:00,SPY,-159.92423787598995,-25823.452494848247
2016-01-25T00:00:00,SPY,-155.90057618822556,-24793.194343904117
2016-01-26T00:00:00,SPY,-158.8933547121639,-25613.89681259856
2016-01-27T00:00:00,SPY,-156.2219862709767,-24909.19953027189
2016-01-28T00:00:00,SPY,-158.37174421281364,-25383.506399608857
2016-01-29T00:00:00,SPY,-157.35030678964262,-25834.588547803134
2016-02-01T00:00:00,SPY,-152.66806897147615,-25056.77494408588
2016-02-02T00:00:00,SPY,-152.74249674531507,-24617.183958252685
2016-02-03T00:00:00,SPY,-156.24646381297256,-25332.88127238253
2016-02-04T00:00:00,SPY,-155.08693012188664,-25184.31327888904
2016-02-05T00:00:00,SPY,-154.78385638016567,-24656.270500518636
2016-02-08T00:00:00,SPY,-158.54138308798088,-24914.87173144775
2016-02-09T00:00:00,SPY,-161.2329557448705,-25339.2095408189
2016-02-10T00:00:00,SPY,-161.213692303335,-25314.32567761123
2016-02-11T00:00:00,SPY,-161.38764984104313,-25011.997649908488
2016-02-12T00:00:00,SPY,-164.04563084711836,-25948.10839833399
2016-02-16T00:00:00,SPY,-159.90978054812408,-25720.818169034737
2016-02-17T00:00:00,SPY,-156.5789242471761,-25596.456281620594
2016-02-18T00:00:00,SPY,-153.42599931048431,-24978.315018756282
2016-02-19T00:00:00,SPY,-154.21218544177884,-25094.54119329606
2016-02-22T00:00:00,SPY,-154.3013438181008,-25472.614707262448
2016-02-23T00:00:00,SPY,-151.54863820821805,-24702.21990755626
2016-02-24T00:00:00,SPY,-153.97346925627377,-25212.283945251358
2016-02-25T00:00:00,SPY,-153.090743183949,-25371.363801021853
2016-02-26T00:00:00,SPY,-150.7997530290126,-24934.17863448008
2016-02-29T00:00:00,SPY,-151.23058633735496,-24809.306614698085
2016-03-01T00:00:00,SPY,-152.72471370089968,-25643.373369592722
2016-03-02T00:00:00,SPY,-148.34232322714905,-25019.441677503182
2016-03-03T00:00:00,SPY,-147.51339721768443,-24977.145065632056
2016-03-04T00:00:00,SPY,-146.79344310364704,-24936.11280798725
2016-03-07T00:00:00,SPY,-146.19787669301473,-24854.77005471136
2016-03-08T00:00:00,SPY,-146.05267991826554,-24558.99569563427
2016-03-09T00:00:00,SPY,-148.06807571901948,-25020.877184635916
2016-03-10T00:00:00,SPY,-147.15995913511645,-24887.372711822372
2016-03-11T00:00:00,SPY,-147.0114914330165,-25263.461354061947
2016-03-14T00:00:00,SPY,-144.09284553262134,-24730.161078816684
2016-03-15T00:00:00,SPY,-144.3250746291084,-24729.63995115533
2016-03-16T00:00:00,SPY,-144.61922227304754,-24923.455565504897
2016-03-17T00:00:00,SPY,-143.57869790691944,-24901.11323600601
2016-03-18T00:00:00,SPY,-142.44701014184665,-24801.918513617828
2016-03-21T00:00:00,SPY,-141.7488359562251,-24715.381196733724
2016-03-22T00:00:00,SPY,-141.49774806786402,-24658.34463903921
2016-03-23T00:00:00,SPY,-141.5930229483208,-24512.103801989597
2016-03-24T00:00:00,SPY,-142.76876074092883,-24704.6945076878
2016-03-28T00:00:00,SPY,-142.84566149669556,-24732.600715954395
2016-03-29T00:00:00,SPY,-142.74027916021288,-24942.970785284924
2016-03-30T00:00:00,SPY,-141.1049341689154,-24765.388660496148
2016-03-31T00:00:00,SPY,-140.3314765402375,-24569.8647084088
2016-04-01T00:00:00,SPY,-140.75803932464146,-24812.42536224184
2016-04-04T00:00:00,SPY,-139.56685019745441,-24522.78533539972
2016-04-05T00:00:00,SPY,-140.13324573723062,-24376.376526856813
2016-04-06T00:00:00,SPY,-141.89915447959467,-24953.13823285247
2016-04-07T00:00:00,SPY,-139.98224745389584,-24321.498982995054
2016-04-08T00:00:00,SPY,-142.10361789020254,-24756.659330191338
2016-04-11T00:00:00,SPY,-141.6287135557822,-24616.00875808824
2016-04-12T00:00:00,SPY,-142.04461498802226,-24918.20952919183
2016-04-13T00:00:00,SPY,-140.4062960938608,-24879.60317464603
2016-04-14T00:00:00,SPY,-138.64847340526686,-24569.302417220297
2016-04-15T00:00:00,SPY,-138.6393328303771,-24540.517926179753
2016-04-18T00:00:00,SPY,-138.8311601019351,-24747.15634787672
2016-04-19T00:00:00,SPY,-137.6201514647383,-24608.659015747562
2016-04-20T00:00:00,SPY,-137.0781278527148,-24535.094037436807
2016-04-21T00:00:00,SPY,-136.9147684168312,-24374.05443130929
2016-04-22T00:00:00,SPY,-137.84014569571943,-24538.79338844246
2016-04-25T00:00:00,SPY,-137.83933204709913,-24496.37719436775
2016-04-26T00:00:00,SPY,-138.1366546660662,-24585.693998561746
2016-04-27T00:00:00,SPY,-137.88050564727132,-24590.616635296046
2016-04-28T00:00:00,SPY,-137.5265169609514,-24304.87398949023
2016-04-29T00:00:00,SPY,-139.10127913652727,-24450.458570669798
2016-05-02T00:00:00,SPY,-140.04311932570644,-24811.669978457885
2016-05-03T00:00:00,SPY,-138.66299315016525,-24353.33773161229
2016-05-04T00:00:00,SPY,-140.186657426656,-24483.601003012653
2016-05-05T00:00:00,SPY,-141.16685463705045,-24649.984648087222
2016-05-06T00:00:00,SPY,-141.20155799748824,-24746.260345227434
2016-05-09T00:00:00,SPY,-140.55804427411363,-24653.845791852535
2016-05-10T00:00:00,SPY,-140.4127909116581,-24934.5829407746
2016-05-11T00:00:00,SPY,-138.25713001277484,-24322.109673235653
2016-05-12T00:00:00,SPY,-139.88964145752465,-24616.444414440266
2016-05-13T00:00:00,SPY,-139.83983278126902,-24393.248950973797
2016-05-16T00:00:00,SPY,-141.37642534612638,-24904.569594082168
2016-05-17T00:00:00,SPY,-139.6499142529897,-24370.825705983883
2016-05-18T00:00:00,SPY,-141.2945381518835,-24665.05983760538
2016-05-19T00:00:00,SPY,-141.2413610231013,-24570.345956682304
2016-05-20T00:00:00,SPY,-141.8552661682869,-24833.028866783516
2016-05-23T00:00:00,SPY,-140.7424622435896,-24604.658411920136
2016-05-24T00:00:00,SPY,-140.98200466771954,-24965.999306081958
2016-05-25T00:00:00,SPY,-138.72719130678524,-24733.341901303647
2016-05-26T00:00:00,SPY,-137.5558516683727,-24531.54636580647
2016-05-27T00:00:00,SPY,-137.50584181570608,-24628.054548783293
2016-05-31T00:00:00,SPY,-136.7700242877087,-24449.651569415437
2016-06-01T00:00:00,SPY,-137.0954104913997,-24558.050076342068
2016-06-02T00:00:00,SPY,136.7444920885462,24569.736044304787
2016-06-03T00:00:00,SPY,-136.47143811922783,-24447.441281660733
2016-06-06T00:00:00,SPY,-136.65342218281762,-24604.601298148755
2016-06-07T00:00:00,SPY,-135.78869365410168,-24487.082026993645
2016-06-08T00:00:00,SPY,-135.52356045358383,-24518.9285128876
2016-06-09T00:00:00,SPY,-134.97303970856265,-24385.98456345598
2016-06-10T00:00:00,SPY,-135.20408181162264,-24196.214162975084
2016-06-13T00:00:00,SPY,-136.8206186924448,-24296.682963457904
2016-06-14T00:00:00,SPY,-138.14779719455422,-24484.114791816104
2016-06-15T00:00:00,SPY,-138.48687671116178,-24509.998528432745
2016-06-16T00:00:00,SPY,-138.72837887610004,-24626.014581397085
2016-06-17T00:00:00,SPY,-138.2123105998891,-24443.02512518082
2016-06-20T00:00:00,SPY,-138.85807983951824,-24715.386413110613
2016-06-21T00:00:00,SPY,-137.74891369558966,-24587.56314146716
2016-06-22T00:00:00,SPY,-137.2605065684866,-24460.425047203993
2016-06-23T00:00:00,SPY,-137.54049220409806,-24829.500713066976
2016-06-24T00:00:00,SPY,-135.3308667790028,-23553.325933159053
2016-06-27T00:00:00,SPY,-141.65031771447948,-24211.64582999943
2016-06-28T00:00:00,SPY,-144.86381712918936,-25207.50666333598
2016-06-29T00:00:00,SPY,-141.66191950598943,-25070.087318228627
2016-06-30T00:00:00,SPY,-138.68963522289377,-24878.989705362
2016-07-01T00:00:00,SPY,-136.35283827759997,-24511.180769820356
2016-07-05T00:00:00,SPY,-135.99468017698837,-24270.94998605486
2016-07-06T00:00:00,SPY,137.22659311032322,24637.699296115796
2016-07-07T00:00:00,SPY,136.6904537171299,24526.216936696226
2016-07-08T00:00:00,SPY,136.75401995043902,24903.005942590204
2016-07-11T00:00:00,SPY,135.24901472199696,24715.806058062943
2016-07-12T00:00:00,SPY,134.89290366919477,24829.772757513987
2016-07-13T00:00:00,SPY,134.16371968569166,24692.11036449455
2016-07-14T00:00:00,SPY,134.177883484869,24832.59465635187
2016-07-15T00:00:00,SPY,133.6191090217164,24695.994424499033
2016-07-18T00:00:00,SPY,133.75399334742755,24787.362459127755
2016-07-19T00:00:00,SPY,133.48504275979602,24712.373809539047
2016-07-20T00:00:00,SPY,133.58666213729094,24834.136774553444
2016-07-21T00:00:00,SPY,133.1712863401069,24663.409201181683
2016-07-22T00:00:00,SPY,133.5497429908108,24844.435814796063
2016-07-25T00:00:00,SPY,133.10229203943044,24693.942055829473
2016-07-26T00:00:00,SPY,133.37387700219531,24755.745185158834
2016-07-27T00:00:00,SPY,133.32767970227735,24720.92438940719
2016-07-28T00:00:00,SPY,133.4338505985472,24769.167527100344
2016-07-29T00:00:00,SPY,133.3184575551985,24787.70251179698
2016-08-01T00:00:00,SPY,133.15720125683023,24737.194946237087
2016-08-02T00:00:00,SPY,133.240017860458,24593.991672611446
2016-08-03T00:00:00,SPY,133.88438922924024,24785.163693834238
2016-08-04T00:00:00,SPY,133.59156502840835,24757.261155111377
2016-08-05T00:00:00,SPY,133.4850367228567,24939.846788377265
2016-08-08T00:00:00,SPY,132.67281189955233,24773.321489582235
2016-08-09T00:00:00,SPY,132.73204371544026,24799.160381130914
2016-08-10T00:00:00,SPY,132.67269068904267,24726.718870900608
2016-08-11T00:00:00,SPY,132.9195689062515,24887.68841586407
2016-08-12T00:00:00,SPY,132.45882780672162,24779.87628900209
2016-08-15T00:00:00,SPY,132.54483391300272,24867.470529256694
2016-08-16T00:00:00,SPY,132.25891732624285,24685.845594280825
2016-08-17T00:00:00,SPY,132.77291595479076,24828.405622495135
2016-08-18T00:00:00,SPY,132.58570607528384,24849.02666490442
2016-08-19T00:00:00,SPY,132.3630162803431,24771.014636620926
2016-08-22T00:00:00,SPY,132.50817130457114,24797.041267874363
2016-08-23T00:00:00,SPY,132.51272547765936,24847.83247140738
2016-08-24T00:00:00,SPY,132.3129778443152,24683.475003112402
2016-08-25T00:00:00,SPY,132.82304715309095,24761.561291485064
2016-08-26T00:00:00,SPY,132.8917883677219,24727.721504439818
2016-08-29T00:00:00,SPY,133.07979464743892,24884.64838997617
2016-08-30T00:00:00,SPY,132.59058752310978,24752.29517491641
2016-08-31T00:00:00,SPY,132.75456763459982,24712.424008826747
2016-09-01T00:00:00,SPY,133.03855550822993,24766.429560512246
2016-09-02T00:00:00,SPY,133.03385551602722,24877.20106562256
2016-09-06T00:00:00,SPY,132.58607689645606,24868.392519910398
2016-09-07T00:00:00,SPY,132.28647694500168,24809.93352257764
2016-09-08T00:00:00,SPY,132.29535611452377,24754.95297148937
2016-09-09T00:00:00,SPY,132.52240154818037,24203.917625582235
2016-09-12T00:00:00,SPY,134.95997471098894,25002.764487306184
2016-09-13T00:00:00,SPY,133.52988268519374,24382.208980080504
2016-09-14T00:00:00,SPY,134.98747815491322,24639.10974192753
2016-09-15T00:00:00,SPY,135.02484165137818,24892.213601255113
2016-09-16T00:00:00,SPY,134.02288262690072,24611.9968492602
2016-09-19T00:00:00,SPY,134.4117014901831,24688.02250932593
2016-09-20T00:00:00,SPY,134.39233187226736,24685.621376127376
2016-09-21T00:00:00,SPY,134.3876248299032,24962.353669500284
2016-09-22T00:00:00,SPY,133.2667720699328,24910.133284262713
2016-09-23T00:00:00,SPY,132.6420261791508,24657.512286804795
2016-09-26T00:00:00,SPY,133.1895239567398,24558.694302439737
2016-09-27T00:00:00,SPY,134.00585462155405,24862.607012287415
2016-09-28T00:00:00,SPY,133.38566536054097,24870.373596442823
2016-09-29T00:00:00,SPY,132.89153337207756,24554.05894105964
2016-09-30T00:00:00,SPY,133.80119417798375,24908.69417026964
2016-10-03T00:00:00,SPY,133.04823132652987,24708.97870799303
2016-10-04T00:00:00,SPY,133.28798817432596,24627.310971003626
2016-10-05T00:00:00,SPY,133.80010196897982,24831.34590454508
2016-10-06T00:00:00,SPY,133.3573092735239,24766.37894800556
2016-10-07T00:00:00,SPY,133.28751198851742,24668.521452508623
2016-10-10T00:00:00,SPY,133.63153690918236,24861.008017776974
2016-10-11T00:00:00,SPY,133.11166106789867,24451.529143518423
2016-10-12T00:00:00,SPY,134.38813575698052,24718.390237133503
2016-10-13T00:00:00,SPY,134.25537033528025,24613.088503755265
2016-10-14T00:00:00,SPY,134.58596457544738,24686.441231069424
2016-10-17T00:00:00,SPY,134.53328582571183,24591.10233911477
2016-10-18T00:00:00,SPY,134.8848032335421,24809.743692069005
2016-10-19T00:00:00,SPY,134.25437658258832,24759.652809356754
2016-10-20T00:00:00,SPY,133.98651096706377,24664.12678267069
2016-10-21T00:00:00,SPY,134.1742117692191,24710.225567026322
2016-10-24T00:00:00,SPY,134.12711695182998,24806.601115944195
2016-10-25T00:00:00,SPY,133.70116299502976,24644.966289906963
2016-10-26T00:00:00,SPY,134.03802081968598,24657.45522720893
2016-10-27T00:00:00,SPY,134.2405066985949,24628.85193275967
2016-10-28T00:00:00,SPY,134.50942851042822,24605.260767820077
2016-10-31T00:00:00,SPY,134.8083499023675,24661.101392890225
2016-11-01T00:00:00,SPY,134.80334360533456,24481.50778442357
2016-11-02T00:00:00,SPY,135.54123854835603,24467.365162904956
2016-11-03T00:00:00,SPY,136.15680687567937,24465.983718496977
2016-11-04T00:00:00,SPY,136.6259542511842,24523.24970288765
2016-11-07T00:00:00,SPY,136.73866868987903,25084.833541855143
2016-11-08T00:00:00,SPY,134.5254227454503,24789.960885341774
2016-11-09T00:00:00,SPY,134.07102781235324,24968.157407804083
2016-11-10T00:00:00,SPY,133.01508145178346,24833.328732536927
2016-11-11T00:00:00,SPY,132.767451889649,24729.96378498988
2016-11-14T00:00:00,SPY,132.99716792958347,24792.209557128426
2016-11-15T00:00:00,SPY,132.91863453433274,24970.901979354763
2016-11-16T00:00:00,SPY,132.14682474901468,24779.27785969467
2016-11-17T00:00:00,SPY,132.33239225251188,24941.637187669512
2016-11-18T00:00:00,SPY,131.82467824350098,24790.349246117556
2016-11-21T00:00:00,SPY,132.04625781316852,25019.534010540316
2016-11-22T00:00:00,SPY,131.30376453435667,24927.443479765705
2016-11-23T00:00:00,SPY,131.11181402404512,24904.548631219903
2016-11-25T00:00:00,SPY,131.0581257396181,24986.842807561323
2016-11-28T00:00:00,SPY,130.69428269611174,24800.486539394286
2016-11-29T00:00:00,SPY,131.15637624464955,24936.722430057627
2016-11-30T00:00:00,SPY,130.96467052270404,24840.528441562696
2016-12-01T00:00:00,SPY,131.2009962051652,24793.893239744408
2016-12-02T00:00:00,SPY,131.56379413908502,24874.90001675489
2016-12-05T00:00:00,SPY,131.5142438533546,25014.947937671877
2016-12-06T00:00:00,SPY,130.9251201965803,24981.76992333949
2016-12-07T00:00:00,SPY,130.61500721029984,25248.59878201996
2016-12-08T00:00:00,SPY,129.34998721872014,25065.29233603289
2016-12-09T00:00:00,SPY,129.11248830359784,25170.398426657157
2016-12-12T00:00:00,SPY,128.53105363481447,25028.29061388819
2016-12-13T00:00:00,SPY,128.64152511312338,25216.983618842896
2016-12-14T00:00:00,SPY,128.00174800815034,24884.45310650648
2016-12-15T00:00:00,SPY,128.80029444168244,25142.795819538096
2016-12-16T00:00:00,SPY,128.40363222855714,25016.343058404564
2016-12-19T00:00:00,SPY,128.59242725165487,25107.66749655617
2016-12-20T00:00:00,SPY,128.38280291061352,25163.438794397003
2016-12-21T00:00:00,SPY,128.01284646879512,25021.11055202484
2016-12-22T00:00:00,SPY,128.28053800650594,25030.117523516325
2016-12-23T00:00:00,SPY,128.44698286839537,25099.292287546534
2016-12-27T00:00:00,SPY,128.30605806680336,25133.959779377627
2016-12-28T00:00:00,SPY,128.06789113492005,24879.964715648995
2016-12-29T00:00:00,SPY,128.86833290609206,25029.89517954506
2016-12-30T00:00:00,SPY,128.88947786497758,24942.497604067565
2017-01-03T00:00:00,SPY,129.24409571790142,25202.462589511582
2017-01-04T00:00:00,SPY,128.50744138278102,25207.892715838465
2017-01-05T00:00:00,SPY,127.93748839036273,25076.155728281137
2017-01-06T00:00:00,SPY,128.0133613854459,25180.794259226215
2017-01-09T00:00:00,SPY,127.6710553452718,25030.567301683554
2017-01-10T00:00:00,SPY,127.9879194423183,25092.690138258848
2017-01-11T00:00:00,SPY,127.98779312691941,25163.578531986805
2017-01-12T00:00:00,SPY,127.71728249482959,25047.367152165934
2017-01-13T00:00:00,SPY,127.9580320642355,25152.191939150438
2017-01-17T00:00:00,SPY,127.73807677795341,25020.487232146163
2017-01-18T00:00:00,SPY,128.0765622688043,25142.230824456416
2017-01-19T00:00:00,SPY,127.86450212794078,25007.60493734436
2017-01-20T00:00:00,SPY,128.22106563298294,25169.480578844978
2017-01-23T00:00:00,SPY,127.86858118779452,25034.975014887506
2017-01-24T00:00:00,SPY,128.11864523542874,25244.76482316473
2017-01-25T00:00:00,SPY,127.50631453512307,25341.574555918363
2017-01-26T00:00:00,SPY,126.68618668549576,25152.2533901283
2017-01-27T00:00:00,SPY,126.78516105169224,25132.391717616883
2017-01-30T00:00:00,SPY,126.93460852800277,25005.960993674827
2017-01-31T00:00:00,SPY,127.52880689888144,25120.82037753137
2017-02-01T00:00:00,SPY,127.53732020980225,25132.430058700687
2017-02-02T00:00:00,SPY,127.49951350964287,25141.53599681184
2017-02-03T00:00:00,SPY,127.43652896423879,25302.33654015206
2017-02-06T00:00:00,SPY,126.78225223447599,25127.421759459477
2017-02-07T00:00:00,SPY,126.95199203781578,25162.161444582816
2017-02-08T00:00:00,SPY,126.947688458013,25194.2870483912
2017-02-09T00:00:00,SPY,126.82305874550714,25318.864417730216
2017-02-10T00:00:00,SPY,126.2620818564816,25306.347866312928
2017-02-13T00:00:00,SPY,125.8898712739214,25369.073834617404
2017-02-14T00:00:00,SPY,125.37886199510844,25367.034903074167
2017-02-15T00:00:00,SPY,125.00438165132161,25423.298287259662
2017-02-16T00:00:00,SPY,124.51725810005605,25302.668358947845
2017-02-17T00:00:00,SPY,124.59666088118105,25358.719061198837
2017-02-21T00:00:00,SPY,124.44960634693633,25479.623192064635
2017-02-22T00:00:00,SPY,123.89708290410327,25343.980514697752
2017-02-23T00:00:00,SPY,123.97916827107913,25377.945133878744
2017-02-24T00:00:00,SPY,123.91616183931818,25397.22772262185
2017-02-27T00:00:00,SPY,123.79831656503988,25412.73456851918
2017-02-28T00:00:00,SPY,123.65335761604865,25314.462692540576
2017-03-01T00:00:00,SPY,123.90424304010413,25720.886217544252
2017-03-02T00:00:00,SPY,122.62082708060962,25294.1641870538
2017-03-03T00:00:00,SPY,123.20287489983214,25430.228782262875
2017-03-06T00:00:00,SPY,123.14457950868956,25342.5084499117
2017-03-07T00:00:00,SPY,123.42033776379316,25323.389648152228
2017-03-08T00:00:00,SPY,123.69765937595433,25333.163994148246
2017-03-09T00:00:00,SPY,123.87003822934334,25400.6385283493
2017-03-10T00:00:00,SPY,123.75228105696678,25465.415678906065
2017-03-13T00:00:00,SPY,123.42827041159961,25411.569234390463
2017-03-14T00:00:00,SPY,123.38139527461708,25304.722914692542
2017-03-15T00:00:00,SPY,123.7367780479364,25597.20198985905
2017-03-16T00:00:00,SPY,122.94026806461305,25382.409899111764
2017-03-17T00:00:00,SPY,123.12180321226569,25375.250340974624
2017-03-20T00:00:00,SPY,123.28412142988863,25380.82879975216
2017-03-21T00:00:00,SPY,123.38561019575975,25075.58360703908
2017-03-22T00:00:00,SPY,124.58908220113024,25379.742401259875
2017-03-23T00:00:00,SPY,124.36922613881731,25307.921078301522
2017-03-24T00:00:00,SPY,124.4687856055901,25309.7824896076
2017-03-27T00:00:00,SPY,124.5365691744178,25297.579472411908
2017-03-28T00:00:00,SPY,124.63262913932216,25501.31053342623
2017-03-29T00:00:00,SPY,123.95738205371347,25386.865642313893
2017-03-30T00:00:00,SPY,123.87003249297598,25449.75555479112
2017-03-31T00:00:00,SPY,123.57511392382177,25330.064287668567
2017-04-03T00:00:00,SPY,123.79111970565151,25330.208199117173
2017-04-04T00:00:00,SPY,123.9527836103415,25379.449709118908
2017-04-05T00:00:00,SPY,123.89357929587815,25291.924443138807
2017-04-06T00:00:00,SPY,124.17063018352614,25419.741678770424
2017-04-07T00:00:00,SPY,123.90941244300957,25340.405072728423
2017-04-10T00:00:00,SPY,124.00407523144439,25374.85991249777
2017-04-11T00:00:00,SPY,123.94869573065218,25333.351844002966
2017-04-12T00:00:00,SPY,124.05938007417002,25244.87043471415
2017-04-13T00:00:00,SPY,124.46886900934032,25163.686793019973
2017-04-17T00:00:00,SPY,125.07918340003258,25511.12436623941
2017-04-18T00:00:00,SPY,124.25468422858229,25267.327306545816
2017-04-19T00:00:00,SPY,124.53257152668957,25277.2768972874
2017-04-20T00:00:00,SPY,124.70430865008203,25518.148146137
2017-04-21T00:00:00,SPY,123.9490449083217,25282.770084113825
2017-04-24T00:00:00,SPY,124.24588546047698,25622.047318263165
2017-04-25T00:00:00,SPY,123.23125986517903,25560.672824227462
2017-04-26T00:00:00,SPY,122.69701788797299,25433.858397602697
2017-04-27T00:00:00,SPY,122.75469025815129,25467.172121799424
2017-04-28T00:00:00,SPY,122.67743223479177,25395.667970669958
2017-05-01T00:00:00,SPY,122.87841566737208,25501.377448036463
2017-05-02T00:00:00,SPY,122.64655147739028,25462.856485242915
2017-05-03T00:00:00,SPY,122.6118279410595,25424.730718545827
2017-05-04T00:00:00,SPY,122.72363789494857,25477.79313578717
2017-05-05T00:00:00,SPY,122.61561726732634,25555.58414565705
2017-05-08T00:00:00,SPY,122.25499664374172,25476.16836432515
2017-05-09T00:00:00,SPY,122.27019413534674,25455.946947396915
2017-05-10T00:00:00,SPY,122.3544379943888,25519.236390031434
2017-05-11T00:00:00,SPY,122.1898949041015,25432.85821865803
2017-05-12T00:00:00,SPY,122.37733088243661,25429.30388014243
2017-05-15T00:00:00,SPY,122.53095831015362,25601.869264793575
2017-05-16T00:00:00,SPY,122.02598447361943,25473.01549533716
2017-05-17T00:00:00,SPY,122.10984092718792,25038.218929887324
2017-05-18T00:00:00,SPY,123.76419420708248,25479.66265465624
2017-05-19T00:00:00,SPY,123.39132263425047,25568.127665318385
2017-05-22T00:00:00,SPY,122.79335741466178,25573.412360138173
2017-05-23T00:00:00,SPY,122.32826102895538,25532.924098535143
2017-05-24T00:00:00,SPY,122.12572638024749,25550.11970247077
2017-05-25T00:00:00,SPY,121.9125153474616,25627.416693429917
2017-05-26T00:00:00,SPY,121.47763484543577,25530.71147122267
2017-05-30T00:00:00,SPY,121.49624379550762,25512.44444412177
2017-05-31T00:00:00,SPY,121.5754566859956,25522.7298667208
2017-06-01T00:00:00,SPY,121.59807809299858,25730.484334871744
2017-06-02T00:00:00,SPY,120.87852919550392,25663.36241314788
2017-06-05T00:00:00,SPY,120.5775474093823,25580.58114297436
2017-06-06T00:00:00,SPY,120.64411996767981,25512.88648842946
2017-06-07T00:00:00,SPY,120.93431239299682,25621.573454893783
2017-06-08T00:00:00,SPY,120.76657595726584,25598.640638849443
2017-06-09T00:00:00,SPY,120.72193391808386,25550.332375161972
2017-06-12T00:00:00,SPY,120.85958648686433,25574.217500715542
2017-06-13T00:00:00,SPY,120.87817705758303,25703.225627372467
2017-06-14T00:00:00,SPY,120.43700488551868,25576.948858266886
2017-06-15T00:00:00,SPY,120.55163903560349,25552.030566808586
2017-06-16T00:00:00,SPY,120.72609218763326,25594.59839627721
2017-06-19T00:00:00,SPY,120.70621508957248,25803.423370330736
2017-06-20T00:00:00,SPY,119.9587931416703,25470.702502922384
2017-06-21T00:00:00,SPY,120.56907747215763,25593.963921199746
2017-06-22T00:00:00,SPY,120.59089168254722,25587.003955104465
2017-06-23T00:00:00,SPY,120.63185293849564,25626.265403230118
2017-06-26T00:00:00,SPY,120.52390581725734,25620.1776502127
2017-06-27T00:00:00,SPY,120.46452218674621,25401.261348529762
2017-06-28T00:00:00,SPY,121.1982366279859,25784.704771343033
2017-06-29T00:00:00,SPY,120.39073271928045,25387.80725394049
2017-06-30T00:00:00,SPY,121.19115584732258,25604.2464843675
2017-07-03T00:00:00,SPY,121.0209387366915,25611.637849539882
2017-07-05T00:00:00,SPY,120.8674230916683,25638.286538600907
2017-07-06T00:00:00,SPY,120.65833751270256,25359.894850686935
2017-07-07T00:00:00,SPY,121.49321323551949,25700.968272603306
2017-07-10T00:00:00,SPY,120.9052146672854,25604.053549841825
2017-07-11T00:00:00,SPY,120.80769894806602,25564.39928515231
2017-07-12T00:00:00,SPY,120.87501440983644,25770.860719155942
2017-07-13T00:00:00,SPY,120.19873642118706,25669.73539510016
2017-07-14T00:00:00,SPY,120.04727078422573,25756.962948750952
2017-07-17T00:00:00,SPY,119.62923155810113,25664.13374141327
2017-07-18T00:00:00,SPY,119.63999922495401,25680.038692283408
2017-07-19T00:00:00,SPY,119.59249747663583,25808.816802816025
2017-07-20T00:00:00,SPY,119.1095150173706,25716.034359977923
2017-07-21T00:00:00,SPY,119.06970561631026,25684.546983367214
2017-07-24T00:00:00,SPY,119.14925848305798,25695.46771822399
2017-07-25T00:00:00,SPY,119.17093558053607,25762.613828720685
2017-07-26T00:00:00,SPY,118.95417708528919,25716.792774222256
2017-07-27T00:00:00,SPY,118.95056582738665,25692.104325806733
2017-07-28T00:00:00,SPY,119.03358328289697,25679.880895171947
2017-07-31T00:00:00,SPY,119.13842885129476,25687.922098821397
2017-08-01T00:00:00,SPY,119.18904844589167,25756.123014478977
2017-08-02T00:00:00,SPY,118.99016941345526,25725.6125320994
2017-08-03T00:00:00,SPY,118.94687907621683,25666.37194174994
2017-08-04T00:00:00,SPY,119.12023233851782,25750.60937942838
2017-08-07T00:00:00,SPY,118.95759079106698,25763.270720074925
2017-08-08T00:00:00,SPY,118.79194184096313,25664.074960461054
2017-08-09T00:00:00,SPY,119.01163829262562,25710.501748979514
2017-08-10T00:00:00,SPY,119.0153311574744,25348.373233455713
2017-08-11T00:00:00,SPY,120.29333829216382,25658.404227063962
2017-08-14T00:00:00,SPY,120.15947612261124,25883.927223181236
2017-08-15T00:00:00,SPY,119.27501497802925,25690.27594488235
2017-08-16T00:00:00,SPY,119.28596231761517,25737.451641797274
2017-08-17T00:00:00,SPY,119.1301630432589,25303.091391802926
2017-08-18T00:00:00,SPY,120.54505877222246,25563.59419245274
2017-08-21T00:00:00,SPY,120.68633236933209,25613.58022886388
2017-08-22T00:00:00,SPY,120.61551828946652,25866.238627611157
2017-08-23T00:00:00,SPY,119.67936056232779,25573.459251634566
2017-08-24T00:00:00,SPY,120.00091780155202,25582.402692827643
2017-08-25T00:00:00,SPY,120.21091891800052,25687.044299923513
2017-08-28T00:00:00,SPY,120.00049968702355,25643.126798567486
2017-08-29T00:00:00,SPY,119.99688194053365,25671.70475965524
2017-08-30T00:00:00,SPY,119.89397864180866,25771.219490354037
2017-08-31T00:00:00,SPY,119.46989949026617,25834.554544902
2017-09-01T00:00:00,SPY,118.93422086861273,25755.0824861877
2017-09-05T00:00:00,SPY,118.80830447654014,25543.04218540481
2017-09-06T00:00:00,SPY,-119.4527592586575,-25769.26254802664
2017-09-07T00:00:00,SPY,-119.03289004842593,-25675.570201068713
2017-09-08T00:00:00,SPY,-119.05063399863334,-25649.229844059348
2017-09-11T00:00:00,SPY,-119.2256505434578,-25960.914222923344
2017-09-12T00:00:00,SPY,-117.65303781506698,-25704.829813439166
2017-09-13T00:00:00,SPY,-117.15776841737214,-25608.913719236232
2017-09-14T00:00:00,SPY,-117.08746170057151,-25585.361262197228
2017-09-15T00:00:00,SPY,-117.13428004159914,-25630.040715639134
2017-09-18T00:00:00,SPY,-116.93745674279758,-25641.40123085581
2017-09-19T00:00:00,SPY,-116.6270310778189,-25598.926825436567
2017-09-20T00:00:00,SPY,-116.48107133919244,-25576.09804965841
2017-09-21T00:00:00,SPY,-116.42857904232638,-25496.07692146364
2017-09-22T00:00:00,SPY,-116.81955062547684,-25586.823821131995
2017-09-25T00:00:00,SPY,-116.78999264649453,-25528.051256434344
2017-09-26T00:00:00,SPY,-117.08907015915418,-25608.840755891615
2017-09-27T00:00:00,SPY,-117.00099276179215,-25689.233996716415
2017-09-28T00:00:00,SPY,-116.43353324853004,-25595.310225473084
2017-09-29T00:00:00,SPY,-116.25910275562363,-25646.80312680796
2017-10-02T00:00:00,SPY,-115.74998769036078,-25645.279098726267
2017-10-03T00:00:00,SPY,-115.12461885563093,-25561.31046017073
2017-10-04T00:00:00,SPY,-114.81707056094893,-25523.263994048728
2017-10-05T00:00:00,SPY,-114.6469679295514,-25636.456979795785
2017-10-06T00:00:00,SPY,-113.80271206198903,-25418.694260481458
2017-10-09T00:00:00,SPY,-113.96498265038346,-25412.90951189163
2017-10-10T00:00:00,SPY,-114.20056401821451,-25532.625997772662
2017-10-11T00:00:00,SPY,-113.82500298708395,-25488.64103373032
2017-10-12T00:00:00,SPY,-113.60171766811904,-25400.736331910164
2017-10-13T00:00:00,SPY,-113.81361826494825,-25479.099887012722
2017-10-16T00:00:00,SPY,-113.64063930833335,-25474.294764029444
2017-10-17T00:00:00,SPY,-113.45138891815992,-25449.8058974972
2017-10-18T00:00:00,SPY,-113.35139214669903,-25452.258104565233
2017-10-19T00:00:00,SPY,-113.2127876152981,-25428.088579035
2017-10-20T00:00:00,SPY,-113.17415959494974,-25550.5948356162
2017-10-23T00:00:00,SPY,-112.44778516226302,-25287.859012313176
2017-10-24T00:00:00,SPY,-112.9961210030714,-25455.828072260316
2017-10-25T00:00:00,SPY,-112.74839390312808,-25274.284252011996
2017-10-26T00:00:00,SPY,-113.44952512786061,-25464.3289502276
2017-10-27T00:00:00,SPY,-113.26665567159732,-25631.15050264463
2017-10-30T00:00:00,SPY,-112.11820167437642,-25276.755680584378
2017-10-31T00:00:00,SPY,-112.64317202125086,-25434.668737906813
2017-11-01T00:00:00,SPY,-112.42419360551114,-25418.790069919465
2017-11-02T00:00:00,SPY,-112.23834694318421,-25386.63194194598
2017-11-03T00:00:00,SPY,112.18379363011744,25459.0075181935
2017-11-06T00:00:00,SPY,111.76980667093977,25404.306983885872
2017-11-07T00:00:00,SPY,111.64007735946545,25357.177566637092
2017-11-08T00:00:00,SPY,111.69830142648725,25413.555408260505
2017-11-09T00:00:00,SPY,111.55603975034369,25289.11383997112
2017-11-10T00:00:00,SPY,111.86041656618164,25350.257665622863
2017-11-13T00:00:00,SPY,111.88643293674056,25379.73074312105
2017-11-14T00:00:00,SPY,111.8084880452571,25303.14492603977
2017-11-15T00:00:00,SPY,112.00360514254128,25220.42922017346
2017-11-16T00:00:00,SPY,112.42632133399604,25530.82084945974
2017-11-17T00:00:00,SPY,111.71496661669184,25294.7326625351
2017-11-20T00:00:00,SPY,111.96135149556065,25393.776186321822
2017-11-21T00:00:00,SPY,111.818153153401,25527.22648272837
2017-11-22T00:00:00,SPY,111.27310084058173,25380.32700633892
2017-11-24T00:00:00,SPY,111.34677955004604,25455.790975948083
2017-11-27T00:00:00,SPY,111.1542773850217,25399.09838273055
2017-11-28T00:00:00,SPY,111.19584359223573,25666.359472782373
2017-11-29T00:00:00,SPY,110.35826579563728,25457.524774257483
2017-11-30T00:00:00,SPY,110.40847569128447,25692.087335114433
2017-12-01T00:00:00,SPY,109.68973571142925,25471.859331344822
2017-12-04T00:00:00,SPY,109.8603956854096,25480.63153339561
2017-12-05T00:00:00,SPY,109.9598159232793,25411.95406408132
2017-12-06T00:00:00,SPY,110.25758283290195,25485.608905183464
2017-12-07T00:00:00,SPY,110.24173438196895,25562.298795508308
2017-12-08T00:00:00,SPY,109.98183832704719,25641.095236473982
2017-12-11T00:00:00,SPY,109.53465741661077,25613.78779585274
2017-12-12T00:00:00,SPY,109.28802962471298,25601.21455007438
2017-12-13T00:00:00,SPY,109.1437547105154,25564.54801295404
2017-12-14T00:00:00,SPY,109.1529263702322,25462.22018863921
2017-12-15T00:00:00,SPY,109.48882559680449,25753.26001043802
2017-12-18T00:00:00,SPY,108.81017696250704,25755.938041820686
2017-12-19T00:00:00,SPY,108.29666258881419,25535.933640051197
2017-12-20T00:00:00,SPY,108.6097529735243,25596.335388449657
2017-12-21T00:00:00,SPY,108.65203163155807,25659.038713817645
2017-12-22T00:00:00,SPY,108.48449573523395,25612.78454642649
2017-12-26T00:00:00,SPY,108.50568536062018,25587.132693661177
2017-12-27T00:00:00,SPY,108.60318289644927,25622.58905863211
2017-12-28T00:00:00,SPY,108.56350323442894,25665.922273407275
2017-12-29T00:00:00,SPY,108.39634040906418,25529.779465749343
2018-01-02T00:00:00,SPY,108.70406824628182,25785.500350201266
2018-01-03T00:00:00,SPY,108.12429509313624,25810.196122108442
2018-01-04T00:00:00,SPY,107.61449079800764,25796.780994479323
2018-01-05T00:00:00,SPY,107.27586531375998,25886.977784330298
2018-01-08T00:00:00,SPY,106.74339679612247,25805.5826498321
2018-01-09T00:00:00,SPY,106.59703534050524,25828.536809229896
2018-01-10T00:00:00,SPY,106.41647051370528,25745.33106060378
2018-01-11T00:00:00,SPY,106.53857362332043,25962.928233344624
2018-01-12T00:00:00,SPY,105.95969170440392,25990.192405607326
2018-01-16T00:00:00,SPY,105.44491615152513,25775.509044348924
2018-01-17T00:00:00,SPY,105.7166641720482,26088.261417979462
2018-01-18T00:00:00,SPY,104.96767384034199,25859.885843441236
2018-01-19T00:00:00,SPY,105.09986313849438,26010.25480578404
2018-01-22T00:00:00,SPY,104.74273082740679,26132.643274093545
2018-01-23T00:00:00,SPY,104.10892219865615,26029.640419582483
2018-01-24T00:00:00,SPY,103.94334176673901,25978.15261777853
2018-01-25T00:00:00,SPY,103.97366155283873,25996.737544693016
2018-01-26T00:00:00,SPY,103.94060646973664,26289.363771471028
2018-01-29T00:00:00,SPY,103.04839383912685,25890.897945324687
2018-01-30T00:00:00,SPY,103.563371397275,25753.387821025153
2018-01-31T00:00:00,SPY,104.36909531175424,25966.649021031255
2018-02-01T00:00:00,SPY,104.32921116335385,25927.271964588108
2018-02-02T00:00:00,SPY,104.41805726258916,25384.42549454397
2018-02-05T00:00:00,SPY,106.16099855185124,24728.782026763118
2018-02-06T00:00:00,SPY,109.63889507539928,26042.094990575613
2018-02-07T00:00:00,SPY,108.06168539239852,25528.211190431593
2018-02-08T00:00:00,SPY,108.50226376094605,24670.856194668573
2018-02-09T00:00:00,SPY,111.67323806765444,25773.28397566778
2018-02-12T00:00:00,SPY,110.42292842190979,25858.951773812532
2018-02-13T00:00:00,SPY,109.22667876073618,25642.436172579284
2018-02-14T00:00:00,SPY,109.02143292116725,25939.67667831753
2018-02-15T00:00:00,SPY,107.93220073805578,26008.21173852291
2018-02-16T00:00:00,SPY,106.91382435368769,25770.359049237737
2018-02-20T00:00:00,SPY,106.88930779855698,25603.127264449413
2018-02-21T00:00:00,SPY,107.3943970739757,25596.15406355504
2018-02-22T00:00:00,SPY,107.79662574781906,25725.318659124103
2018-02-23T00:00:00,SPY,107.69143641395787,26109.860732516034
2018-02-26T00:00:00,SPY,106.42432877074569,26102.279852260323
2018-02-27T00:00:00,SPY,105.50900457597105,25554.658922128838
2018-02-28T00:00:00,SPY,106.50940232832578,25535.62270739809
2018-03-01T00:00:00,SPY,107.32539602235394,25357.11507685797
2018-03-02T00:00:00,SPY,108.51294988191887,25769.850255933863
2018-03-05T00:00:00,SPY,108.09722734866463,25967.828640616273
2018-03-06T00:00:00,SPY,107.17022971849332,25810.410040585117
2018-03-07T00:00:00,SPY,106.96755863486504,25752.15737153718
2018-03-08T00:00:00,SPY,106.996441588028,25883.764267629216
2018-03-09T00:00:00,SPY,106.60994803928041,26239.059500597035
2018-03-12T00:00:00,SPY,105.24276628996948,25870.070994266025
2018-03-13T00:00:00,SPY,105.34179875761319,25727.062867214514
2018-03-14T00:00:00,SPY,105.85557036080831,25719.87827597101
2018-03-15T00:00:00,SPY,106.26435992210277,25791.063544807817
2018-03-16T00:00:00,SPY,106.35094343109098,25840.066136262532
2018-03-19T00:00:00,SPY,106.2644696599575,25469.723501600518
2018-03-20T00:00:00,SPY,107.35747830702671,25775.456573579217
2018-03-21T00:00:00,SPY,107.21991888792707,25693.022976204065
2018-03-22T00:00:00,SPY,107.37449637819292,25086.88387919172
2018-03-23T00:00:00,SPY,109.43946631275772,25024.3402624267
2018-03-26T00:00:00,SPY,111.22526543346876,26128.492665528836
2018-03-27T00:00:00,SPY,108.99624437466923,25169.27783621371
2018-03-28T00:00:00,SPY,110.4123810610818,25420.961412152556
2018-03-29T00:00:00,SPY,110.65702525323529,25802.828734883657
2018-04-02T00:00:00,SPY,109.6095561306106,25006.906101902627
2018-04-03T00:00:00,SPY,111.42210876200856,25746.24118122549
2018-04-04T00:00:00,SPY,110.36148972669668,25774.00849189921
2018-04-05T00:00:00,SPY,-109.480839596572,-25770.12845104747
2018-04-06T00:00:00,SPY,-108.73094120939378,-25023.229242801015
2018-04-09T00:00:00,SPY,-111.8303006222403,-25863.350739244415
2018-04-10T00:00:00,SPY,-111.1484803265385,-26114.394473214536
2018-04-11T00:00:00,SPY,-108.9715659417393,-25468.72145628382
2018-04-12T00:00:00,SPY,-109.6919828306998,-25848.011250460633
2018-04-13T00:00:00,SPY,-108.57389646064716,-25509.494626804248
2018-04-16T00:00:00,SPY,-108.9711904322045,-25813.347199696203
2018-04-17T00:00:00,SPY,-107.86090178999652,-25823.6816605631
2018-04-18T00:00:00,SPY,-106.43130255774885,-25500.27814522123
2018-04-19T00:00:00,SPY,-106.33167302259154,-25335.075445513838
2018-04-20T00:00:00,SPY,-107.07316998884393,-25295.42699988504
2018-04-23T00:00:00,SPY,-108.217415276332,-25561.914195243004
2018-04-24T00:00:00,SPY,-108.23797013317193,-25222.449614114114
2018-04-25T00:00:00,SPY,-110.08497438516974,-25716.25551126116
2018-04-26T00:00:00,SPY,-109.74489074254964,-25897.428041983978
2018-04-27T00:00:00,SPY,-108.36387862218898,-25595.546146359156
2018-04-30T00:00:00,SPY,-108.23541292600272,-25368.58985843144
2018-05-01T00:00:00,SPY,-109.2838423460667,-25659.839846207888
2018-05-02T00:00:00,SPY,-109.04050503779261,-25430.721215233698
2018-05-03T00:00:00,SPY,-109.96223855037121,-25589.1689727369
2018-05-04T00:00:00,SPY,-110.26467229008763,-25991.753572346686
2018-05-07T00:00:00,SPY,-108.50260504765608,-25662.920716159337
2018-05-08T00:00:00,SPY,-108.04322233817955,-25554.26800642492
2018-05-09T00:00:00,SPY,-108.0432301879244,-25801.279279783623
2018-05-10T00:00:00,SPY,-106.75028580865914,-25730.886193480364
2018-05-11T00:00:00,SPY,-105.51264502133469,-25510.170986477286
2018-05-14T00:00:00,SPY,-105.110800091721,-25425.119853222655
2018-05-15T00:00:00,SPY,-105.04791689288018,-25234.91046728899
2018-05-16T00:00:00,SPY,-105.95857956743069,-25560.706205871564
2018-05-17T00:00:00,SPY,-105.4036523428037,-25405.36982057502
2018-05-18T00:00:00,SPY,-105.5149394908447,-25368.606752414886
2018-05-21T00:00:00,SPY,-105.84544972629033,-25639.40636104186
2018-05-22T00:00:00,SPY,-104.85848299017673,-25329.70449585944
2018-05-23T00:00:00,SPY,-105.22303382449908,-25487.70459995636
2018-05-24T00:00:00,SPY,-104.86149923754671,-25348.09135976012
2018-05-25T00:00:00,SPY,-105.13061652476264,-25352.59403311489
2018-05-29T00:00:00,SPY,-105.44421527236015,-25135.770026175003
2018-05-30T00:00:00,SPY,-106.97708684026624,-25841.47624704513
2018-05-31T00:00:00,SPY,-105.21764470538221,-25260.769534578198
2018-06-01T00:00:00,SPY,-106.02835594677838,-25705.320730877076
2018-06-04T00:00:00,SPY,-104.74059120168108,-25513.76821831893
2018-06-05T00:00:00,SPY,-104.11988699565138,-25381.022501454157
2018-06-06T00:00:00,SPY,-104.02495095377277,-25569.888815070648
2018-06-07T00:00:00,SPY,-102.9467237717134,-25302.119975556914
2018-06-08T00:00:00,SPY,-102.95968962637666,-25380.1164990473
2018-06-11T00:00:00,SPY,-102.58032699194158,-25320.24039359058
2018-06-12T00:00:00,SPY,-102.40974700457926,-25310.790243241576
2018-06-13T00:00:00,SPY,-102.24445627318903,-25189.309379490227
2018-06-14T00:00:00,SPY,-102.6534487787545,-25353.75089719555
2018-06-15T00:00:00,SPY,-102.33136243627588,-25241.94426130457
2018-06-18T00:00:00,SPY,-102.49495882539743,-25230.308014958468
2018-06-19T00:00:00,SPY,-102.75866036509564,-25198.268711821707
2018-06-20T00:00:00,SPY,-103.25216475734024,-25362.47884074338
2018-06-21T00:00:00,SPY,-103.03251606666008,-25149.871489449284
2018-06-22T00:00:00,SPY,-103.8448886302417,-25394.378900427342
2018-06-25T00:00:00,SPY,-103.60942229290532,-24991.895047217295
2018-06-26T00:00:00,SPY,-105.39695252428227,-25479.3562457149
2018-06-27T00:00:00,SPY,-105.10628778086117,-25198.597392770407
2018-06-28T00:00:00,SPY,-106.20348052832051,-25607.222000785507
2018-06-29T00:00:00,SPY,-105.44828752870028,-25461.732469187406
2018-07-02T00:00:00,SPY,-105.25768181360226,-25470.046208031585
2018-07-03T00:00:00,SPY,-104.97722535171425,-25312.482891350326
2018-07-05T00:00:00,SPY,-105.44186301524563,-25631.92966867256
2018-07-06T00:00:00,SPY,-104.37569390554293,-25587.36786072559
2018-07-09T00:00:00,SPY,-103.28095190117509,-25546.969587542553
2018-07-10T00:00:00,SPY,-102.12736328819771,-25352.52576713539
2018-07-11T00:00:00,SPY,-101.66868041514446,-25054.058587306474
2018-07-12T00:00:00,SPY,-102.60561848074144,-25514.17649427232
2018-07-13T00:00:00,SPY,-101.45414345300036,-25247.717202629417
2018-07-16T00:00:00,SPY,-101.35411155926364,-25200.270216702276
2018-07-17T00:00:00,SPY,-101.4674541450748,-25330.50085578696
2018-07-18T00:00:00,SPY,-100.95634343255249,-25255.917050282045
2018-07-19T00:00:00,SPY,-100.69123319522942,-25094.6057371862
2018-07-20T00:00:00,SPY,-101.16773860587939,-25184.553531701116
2018-07-23T00:00:00,SPY,-101.31211745966834,-25267.377515301414
2018-07-24T00:00:00,SPY,-101.07705838722141,-25335.60258562602
2018-07-25T00:00:00,SPY,-100.44405313996141,-25391.50747220426
2018-07-26T00:00:00,SPY,-99.3829658266067,-25063.996979930922
2018-07-27T00:00:00,SPY,-99.67711984439272,-24967.848525978414
2018-07-30T00:00:00,SPY,-100.52711289798552,-25049.227143642638
2018-07-31T00:00:00,SPY,-101.18669456121974,-25337.864110237555
2018-08-01T00:00:00,SPY,-100.56654425482893,-25140.502050703624
2018-08-02T00:00:00,SPY,-100.77655225013957,-25330.246994561818
2018-08-03T00:00:00,SPY,-100.0936615241228,-25266.397876135616
2018-08-06T00:00:00,SPY,-99.55952424278522,-25223.731174337576
2018-08-07T00:00:00,SPY,-99.1045825048002,-25191.394068849713
2018-08-08T00:00:00,SPY,-98.69632740185804,-25077.071774202883
2018-08-09T00:00:00,SPY,-98.74813354526303,-25055.96018621032
2018-08-10T00:00:00,SPY,-98.91696718479847,-24930.642332031886
2018-08-13T00:00:00,SPY,-99.75065504971221,-25046.638187155517
2018-08-14T00:00:00,SPY,-100.2191374901061,-25324.84050996763
2018-08-15T00:00:00,SPY,-99.42501146295415,-24936.55779938979
2018-08-16T00:00:00,SPY,-100.3608173259152,-25374.937722089184
2018-08-17T00:00:00,SPY,-99.3548626204346,-25209.023853633582
2018-08-20T00:00:00,SPY,-98.9190376476884,-25152.16072853748
2018-08-21T00:00:00,SPY,-98.65460193659868,-25143.74716737467
2018-08-22T00:00:00,SPY,-98.3658617197728,-25055.279619996538
2018-08-23T00:00:00,SPY,-98.43887881979242,-25040.585067336066
2018-08-24T00:00:00,SPY,-98.60243984988203,-25233.134087324608
2018-08-27T00:00:00,SPY,-97.86517975063995,-25242.203819450067
2018-08-28T00:00:00,SPY,-96.90573288808866,-25006.81300701084
2018-08-29T00:00:00,SPY,-96.84643512290495,-25125.975318585854
2018-08-30T00:00:00,SPY,-96.1985459954519,-24856.855267295636
2018-08-31T00:00:00,SPY,-96.68735118948133,-24984.019809220597
2018-09-04T00:00:00,SPY,-96.68280549410987,-24939.81179300208
2018-09-05T00:00:00,SPY,-96.89133720868374,-24926.331408067406
2018-09-06T00:00:00,SPY,-97.21805421091645,-24935.11065259385
2018-09-07T00:00:00,SPY,-97.58480769257721,-24980.537416814695
2018-09-10T00:00:00,SPY,-97.82180727570025,-25084.74086641944
2018-09-11T00:00:00,SPY,-97.60974088355388,-25112.891032349355
2018-09-12T00:00:00,SPY,-97.20881467032785,-25015.802042023148
2018-09-13T00:00:00,SPY,-97.17922090306668,-25156.093438518372
2018-09-14T00:00:00,SPY,-96.46496390243503,-24975.48803993942
2018-09-17T00:00:00,SPY,-96.44384441518882,-24837.833588909285
2018-09-18T00:00:00,SPY,-97.085427834597,-25138.732060586797
2018-09-19T00:00:00,SPY,-96.43038811814502,-24995.717137292333
2018-09-20T00:00:00,SPY,-96.30184626775932,-25164.6939910986
2018-09-21T00:00:00,SPY,-95.3339428114154,-24889.00770968573
2018-09-24T00:00:00,SPY,-95.44187262064084,-24834.416231828087
2018-09-25T00:00:00,SPY,-95.83938626881437,-24914.713138026495
2018-09-26T00:00:00,SPY,-95.95066636341538,-24869.002508966827
2018-09-27T00:00:00,SPY,-96.31061074156477,-25032.05298137445
2018-09-28T00:00:00,SPY,-95.97514680799266,-24947.425495170002
2018-10-01T00:00:00,SPY,-95.96289846215714,-25030.909369447923
2018-10-02T00:00:00,SPY,-95.54754875992491,-24908.04870147314
2018-10-03T00:00:00,SPY,-95.61708148470136,-24939.857521767215
2018-10-04T00:00:00,SPY,95.55155374652163,24727.968202667293
2018-10-05T00:00:00,SPY,96.1249421333576,24737.129609127795
2018-10-08T00:00:00,SPY,96.53036157807706,24841.461670375462
2018-10-09T00:00:00,SPY,96.53048034253207,24805.243223608155
2018-10-10T00:00:00,SPY,96.63627856978128,24046.149879618853
2018-10-11T00:00:00,SPY,99.00620908382102,24093.22352414306
2018-10-12T00:00:00,SPY,100.68035116759405,24840.89641115292
2018-10-15T00:00:00,SPY,99.63840353265671,24445.726462616054
2018-10-16T00:00:00,SPY,100.05975937843522,25085.895918481994
2018-10-17T00:00:00,SPY,98.45295488558837,24687.46001487056
2018-10-18T00:00:00,SPY,98.43923044551399,24327.545855574066
2018-10-19T00:00:00,SPY,99.52103829715523,24581.55675090852
2018-10-22T00:00:00,SPY,99.56041749077754,24480.898842669158
2018-10-23T00:00:00,SPY,99.89706462226484,24438.630338305386
2018-10-24T00:00:00,SPY,100.28155003438566,23789.38159930326
2018-10-25T00:00:00,SPY,102.6315045743298,24783.65417224496
2018-10-26T00:00:00,SPY,101.26951220219479,24024.660427096685
2018-10-29T00:00:00,SPY,102.62337785078768,24210.957223720026
2018-10-30T00:00:00,SPY,103.04721808732681,24671.20311935691
2018-10-31T00:00:00,SPY,101.91860081299242,24661.617200195655
2018-11-01T00:00:00,SPY,101.11337182873736,24727.14887414705
2018-11-02T00:00:00,SPY,100.31524464945804,24386.664138963755
2018-11-05T00:00:00,SPY,100.76413398035373,24630.92507218241
2018-11-06T00:00:00,SPY,100.34911345161483,24684.702880512075
2018-11-07T00:00:00,SPY,99.87565928631271,25094.213542208094
2018-11-08T00:00:00,SPY,98.30646526918082,24655.114785831604
2018-11-09T00:00:00,SPY,98.43868104237767,24447.122367125743
2018-11-12T00:00:00,SPY,99.16707208319644,24167.839841383087
2018-11-13T00:00:00,SPY,100.58334668476083,24467.120089398188
2018-11-14T00:00:00,SPY,100.72358399374298,24333.72883143173
2018-11-15T00:00:00,SPY,101.24326564668559,24714.55388794215
2018-11-16T00:00:00,SPY,100.45944559428922,24586.992508134368
2018-11-19T00:00:00,SPY,100.2628316782047,24123.81315214598
2018-11-20T00:00:00,SPY,101.55642636875375,23982.85319423519
2018-11-21T00:00:00,SPY,102.99668036735613,24405.853615847904
2018-11-23T00:00:00,SPY,102.73144480234882,24180.431063484764
2018-11-26T00:00:00,SPY,103.2489044327262,24694.561759147702
2018-11-27T00:00:00,SPY,102.01721612169483,24482.06773913203
2018-11-28T00:00:00,SPY,101.75885483721311,24982.342313451238
2018-11-29T00:00:00,SPY,100.0413314042214,24507.01669403317
2018-11-30T00:00:00,SPY,100.20361854870349,24696.395500318515
2018-12-03T00:00:00,SPY,99.74826904987808,24909.69797880779
2018-12-04T00:00:00,SPY,98.77232435296976,23866.73852364864
2018-12-06T00:00:00,SPY,-101.25184522623026,-24428.765848692237
2018-12-07T00:00:00,SPY,-100.56109658650436,-23698.35267952677
2018-12-10T00:00:00,SPY,-103.55137843926123,-24449.34063887759
2018-12-11T00:00:00,SPY,-103.30459092506821,-24396.612761653007
2018-12-12T00:00:00,SPY,-103.2743314600994,-24512.2719354366
2018-12-13T00:00:00,SPY,-102.62747552073603,-24350.48889202996
2018-12-14T00:00:00,SPY,-102.67005351912603,-23910.772303059606
2018-12-17T00:00:00,SPY,-105.08427699238109,-23992.905427454523
2018-12-18T00:00:00,SPY,-107.70932797441088,-24565.290229205388
2018-12-19T00:00:00,SPY,-107.86086721667644,-24231.45007637193
2018-12-20T00:00:00,SPY,-109.91064513305682,-24290.009394419834
2018-12-21T00:00:00,SPY,-112.18035817044343,-24283.644611893513
2018-12-24T00:00:00,SPY,-115.11508975231064,-24260.491113164488
2018-12-26T00:00:00,SPY,-119.01406345106703,-26349.475024287898
2018-12-27T00:00:00,SPY,-111.86413798227746,-24956.640657562984
2018-12-28T00:00:00,SPY,-110.82212428466781,-24692.27555029359
2018-12-31T00:00:00,SPY,-110.999072240847,-24948.315157125315
2019-01-02T00:00:00,SPY,-109.79463889850949,-24703.28110019468
2019-01-03T00:00:00,SPY,-109.65628601456595,-24083.405713052885
2019-01-04T00:00:00,SPY,-113.00735236998237,-25650.737709991394
2019-01-07T00:00:00,SPY,-108.43906621987713,-24807.878659481168
2019-01-08T00:00:00,SPY,-107.37564478933623,-24795.390139354447
2019-01-09T00:00:00,SPY,-106.12341476933761,-24620.75367509637
2019-01-10T00:00:00,SPY,-105.50490278875446,-24563.6039437071
2019-01-11T00:00:00,SPY,-105.04210622368505,-24465.301246697214
2019-01-14T00:00:00,SPY,-104.99177661220922,-24304.388342007478
2019-01-15T00:00:00,SPY,-105.79746655215013,-24771.58664543423
2019-01-16T00:00:00,SPY,-104.29898326260188,-24479.81931024405
2019-01-17T00:00:00,SPY,-103.98302986005478,-24590.82195704582
2019-01-18T00:00:00,SPY,-103.00451316580259,-24683.6431190803
2019-01-22T00:00:00,SPY,-101.31103536301482,-23949.81529195178
2019-01-23T00:00:00,SPY,-103.04743476576094,-24411.271550710306
2019-01-24T00:00:00,SPY,-102.77970426364145,-24360.78164364365
2019-01-25T00:00:00,SPY,-102.71144423654609,-24550.597629982738
2019-01-28T00:00:00,SPY,-101.63401942306535,-24108.42963712735
2019-01-29T00:00:00,SPY,-102.60902053733616,-24307.414052402855
2019-01-30T00:00:00,SPY,-102.77920294270838,-24733.16999522926
2019-01-31T00:00:00,SPY,-100.77727400008835,-24464.401387712092
2019-02-01T00:00:00,SPY,-99.67996475006196,-24209.683220929055
2019-02-04T00:00:00,SPY,-99.6193084466362,-24365.16881509927
2019-02-05T00:00:00,SPY,-98.7493453034612,-24253.632383644446
2019-02-06T00:00:00,SPY,-98.23337546257937,-24095.110905341233
2019-02-07T00:00:00,SPY,-98.39535952157011,-23904.75742885527
2019-02-08T00:00:00,SPY,-99.57885978866193,-24221.843500768213
2019-02-11T00:00:00,SPY,-99.42499189739922,-24197.83048192574
2019-02-12T00:00:00,SPY,-99.35593393343527,-24491.971483390986
2019-02-13T00:00:00,SPY,-97.77902572059348,-24181.511289781003
2019-02-14T00:00:00,SPY,-97.38153923048948,-24029.7863597427
2019-02-15T00:00:00,SPY,-97.65245344831223,-24359.22987786178
2019-02-19T00:00:00,SPY,-96.33696622980254,-24072.672771985723
2019-02-20T00:00:00,SPY,-96.1294804297917,-24069.24154832872
2019-02-21T00:00:00,SPY,-95.88770425440201,-23923.323802859493
2019-02-22T00:00:00,SPY,-96.31553999229592,-24179.059861308768
2019-02-25T00:00:00,SPY,-95.57376030685897,-24025.504416709075
2019-02-26T00:00:00,SPY,-95.41001697132648,-23967.177952194375
2019-02-27T00:00:00,SPY,-95.49542380069428,-23978.324469978976
2019-02-28T00:00:00,SPY,-95.54664525184185,-23946.50917959236
2019-03-01T00:00:00,SPY,-95.7694401166105,-24152.204936246515
2019-03-04T00:00:00,SPY,-95.02692851488963,-23877.780682895384
2019-03-05T00:00:00,SPY,-95.4594994787822,-23953.858341728614
2019-03-06T00:00:00,SPY,-95.62186514610738,-23849.261301979524
2019-03-07T00:00:00,SPY,-96.35023431403194,-23829.89932763915
2019-03-08T00:00:00,SPY,-97.36562513683546,-24032.871828285144
2019-03-11T00:00:00,SPY,-97.60721966183128,-24441.873382110687
2019-03-12T00:00:00,SPY,-95.86332448965064,-24095.703576150117
2019-03-13T00:00:00,SPY,-95.41153790279552,-24140.889420676947
2019-03-14T00:00:00,SPY,-94.62671712988632,-23927.001315058602
2019-03-15T00:00:00,SPY,-94.70210399558306,-24064.364433552313
2019-03-18T00:00:00,SPY,-94.1201692925247,-24003.21245949346
2019-03-19T00:00:00,SPY,-93.6947688820231,-23900.648289399793
2019-03-20T00:00:00,SPY,-93.66513194064427,-23821.17144170393
2019-03-21T00:00:00,SPY,-94.01859898182411,-24181.140076722495
2019-03-22T00:00:00,SPY,-92.7055935465312,-23384.538966381893
2019-03-25T00:00:00,SPY,-94.98095343770973,-23940.46410332198
2019-03-26T00:00:00,SPY,-95.06869846973981,-24141.21168848341
2019-03-27T00:00:00,SPY,-94.18950109524006,-23792.880806297333
2019-03-28T00:00:00,SPY,-94.8080846683097,-24039.916741051686
2019-03-29T00:00:00,SPY,-94.36072845861003,-24077.348747861288
2019-04-01T00:00:00,SPY,-93.62083020807279,-24171.859525072792
2019-04-02T00:00:00,SPY,-92.24751641250046,-23828.93994867503
2019-04-03T00:00:00,SPY,-92.19034652858261,-23851.65255855199
2019-04-04T00:00:00,SPY,-92.00917284309637,-23867.937006142296
2019-04-05T00:00:00,SPY,-91.70471095307677,-23904.105715783153
2019-04-08T00:00:00,SPY,-91.15221209896285,-23778.195597712547
2019-04-09T00:00:00,SPY,-91.06546697190865,-23633.837016600166
2019-04-10T00:00:00,SPY,-91.65182496234483,-23867.130389851627
2019-04-11T00:00:00,SPY,-91.26246115133571,-23759.14904222624
2019-04-12T00:00:00,SPY,-91.29375771170666,-23928.11116983749
2019-04-15T00:00:00,SPY,-90.52684313698724,-23711.557226832272
2019-04-16T00:00:00,SPY,-90.60068807425402,-23746.457486726154
2019-04-17T00:00:00,SPY,-90.52652307415934,-23668.956206068262
2019-04-18T00:00:00,SPY,-90.80400530466638,-23788.252372470644
2019-04-22T00:00:00,SPY,-90.58100896473007,-23750.300191582166
2019-04-23T00:00:00,SPY,-90.48351508185984,-23938.053440726726
2019-04-24T00:00:00,SPY,-89.47555192516568,-23618.86155090907
2019-04-25T00:00:00,SPY,-89.72398832992867,-23669.84692244813
2019-04-26T00:00:00,SPY,-89.7930240010896,-23798.362951601284
2019-04-29T00:00:00,SPY,-89.27276984809538,-23697.56954587027
2019-04-30T00:00:00,SPY,-89.09786204694585,-23663.21807346179
2019-05-01T00:00:00,SPY,-89.04100690147074,-23470.373029398455
2019-05-02T00:00:00,SPY,-89.88385429930015,-23641.37929307306
2019-05-03T00:00:00,SPY,-90.12657893571358,-23937.245854906232
2019-05-06T00:00:00,SPY,-89.03482522554282,-23549.961247861665
2019-05-07T00:00:00,SPY,-89.4987891153637,-23277.371009611586
2019-05-08T00:00:00,SPY,-91.39743855819152,-23738.147292031026
2019-05-09T00:00:00,SPY,-91.55505164312491,-23707.13677022554
2019-05-10T00:00:00,SPY,-91.90199093609212,-23916.5087173259
2019-05-13T00:00:00,SPY,-91.32738448798158,-23169.706998261227
2019-05-14T00:00:00,SPY,-94.27285768057467,-24133.26753942935
2019-05-15T00:00:00,SPY,-93.21852400417258,-24003.141229481273
2019-05-16T00:00:00,SPY,-92.5412592297214,-24049.439331699574
2019-05-17T00:00:00,SPY,-91.47904242743137,-23619.694451132622
2019-05-20T00:00:00,SPY,-92.22511089308408,-23654.879711045876
2019-05-21T00:00:00,SPY,-92.9909785519001,-24066.35641361161
2019-05-22T00:00:00,SPY,-91.9533250353889,-23724.709918795543
2019-05-23T00:00:00,SPY,-92.30804423244291,-23525.22678436268
2019-05-24T00:00:00,SPY,-93.73442991901388,-23942.93802533407
2019-05-28T00:00:00,SPY,-93.47072598146737,-23653.52768615898
2019-05-29T00:00:00,SPY,-94.5673928291658,-23770.451261355076
2019-05-30T00:00:00,SPY,-95.36439595780091,-24036.2601536511
2019-05-31T00:00:00,SPY,-95.03998173752416,-23631.69522954247
2019-06-03T00:00:00,SPY,-96.66344289849607,-23974.25070051425
2019-06-04T00:00:00,SPY,-96.97091959712256,-24572.569521975223
2019-06-05T00:00:00,SPY,94.39624650955619,24127.332613867395
2019-06-06T00:00:00,SPY,93.40512023880206,24029.251068396723
2019-06-07T00:00:00,SPY,92.95243550227704,24152.088206588352
2019-06-10T00:00:00,SPY,92.26199479954096,24082.70070749082
2019-06-11T00:00:00,SPY,91.9466664184829,23994.580866223067
2019-06-12T00:00:00,SPY,91.96379929294754,23956.69039584731
2019-06-13T00:00:00,SPY,92.0857581904087,24087.440111654036
2019-06-14T00:00:00,SPY,91.80180934805385,23986.63220151673
2019-06-17T00:00:00,SPY,91.87778624011806,24015.6106402182
2019-06-18T00:00:00,SPY,91.85155336494005,24260.156984340916
2019-06-19T00:00:00,SPY,91.13770909255842,24125.941086608265
2019-06-20T00:00:00,SPY,90.98361232110942,24315.270435234597
2019-06-21T00:00:00,SPY,90.3381348665633,24107.66918689271
2019-06-24T00:00:00,SPY,90.43636934134672,24104.331078231255
2019-06-25T00:00:00,SPY,90.51947240611389,23889.853411496802
2019-06-26T00:00:00,SPY,91.19187862732244,24043.30874933498
2019-06-27T00:00:00,SPY,91.25933789689182,24146.41371046794
2019-06-28T00:00:00,SPY,91.01742225654263,24206.331769365235
2019-07-01T00:00:00,SPY,90.66807446470696,24332.33337316393
2019-07-02T00:00:00,SPY,90.05724180499656,24231.34817763965
2019-07-03T00:00:00,SPY,89.88153973210368,24377.424448837864
2019-07-05T00:00:00,SPY,-89.34690657365044,-24204.850814412915
2019-07-08T00:00:00,SPY,-89.19535117105941,-24031.020876276605
2019-07-09T00:00:00,SPY,-89.81148865609327,-24227.178045001627
2019-07-10T00:00:00,SPY,-89.67085020099987,-24304.82585065766
2019-07-11T00:00:00,SPY,-89.13760158644425,-24216.92470825164
2019-07-12T00:00:00,SPY,-88.87651507601102,-24254.08850774509
2019-07-15T00:00:00,SPY,-88.38116768639276,-24126.93135748395
2019-07-16T00:00:00,SPY,-88.34405312157573,-24039.018611969157
2019-07-17T00:00:00,SPY,-88.70135110822368,-23972.00031856753
2019-07-18T00:00:00,SPY,-89.4608658940754,-24265.76845055442
2019-07-19T00:00:00,SPY,-89.0523640333122,-24020.785415332848
2019-07-22T00:00:00,SPY,-89.67359631097995,-24247.775471237535
2019-07-23T00:00:00,SPY,-89.39890483205687,-24346.338125770988
2019-07-24T00:00:00,SPY,-88.60519277693074,-24243.589979675533
2019-07-25T00:00:00,SPY,-88.08735210220377,-23986.765556077342
2019-07-26T00:00:00,SPY,-88.6158943341891,-24292.356676800406
2019-07-29T00:00:00,SPY,-87.8788547557062,-24046.447003189158
2019-07-30T00:00:00,SPY,-88.07903538544215,-24042.0581220995
2019-07-31T00:00:00,SPY,-88.34964235102673,-23852.079295626016
2019-08-01T00:00:00,SPY,-89.5712182588806,-23971.303208270703
2019-08-02T00:00:00,SPY,-90.55444514866693,-24051.957586779714
2019-08-05T00:00:00,SPY,91.41202339795137,23549.57896980029
2019-08-06T00:00:00,SPY,94.18673387613669,24604.65159376737
2019-08-07T00:00:00,SPY,93.2037863799807,24362.26034047742
2019-08-08T00:00:00,SPY,93.15923821140898,24828.372695477236
2019-08-09T00:00:00,SPY,91.81483107617066,24303.395312547727
2019-08-12T00:00:00,SPY,92.28537032855341,24130.576871915593
2019-08-13T00:00:00,SPY,93.13882032760698,24732.478235257087
2019-08-14T00:00:00,SPY,92.06902654389546,23725.523359731968
2019-08-15T00:00:00,SPY,94.16828883010425,24330.58506328451
2019-08-16T00:00:00,SPY,93.97962721559294,24640.128636935027
2019-08-19T00:00:00,SPY,92.95494703787502,24665.09365735718
2019-08-20T00:00:00,SPY,92.12756162324969,24258.23173253968
2019-08-21T00:00:00,SPY,92.66039816391815,24597.023361836673
2019-08-22T00:00:00,SPY,92.09830494691654,24440.292560480255
2019-08-23T00:00:00,SPY,92.11972397675471,23818.022991917423
2019-08-26T00:00:00,SPY,93.94127027648031,24557.586300545547
2019-08-27T00:00:00,SPY,93.16615971613373,24259.409748972634
2019-08-28T00:00:00,SPY,93.44212318550557,24502.584714797093
2019-08-29T00:00:00,SPY,92.95219809006593,24685.449251351496
2019-08-30T00:00:00,SPY,92.07396160663946,24441.351748229947
2019-09-03T00:00:00,SPY,92.10555105814281,24306.778038963625
2019-09-04T00:00:00,SPY,92.511876308182,24691.119958734344
2019-09-05T00:00:00,SPY,91.73218853428482,24797.76253417741
2019-09-06T00:00:00,SPY,90.86048105333147,24581.0792165955
2019-09-09T00:00:00,SPY,90.80783570343112,24579.2019778906
2019-09-10T00:00:00,SPY,90.77360141563909,24564.170924442373
2019-09-11T00:00:00,SPY,90.78954166935121,24743.189537491322
2019-09-12T00:00:00,SPY,90.30875073187725,24697.41214995818
2019-09-13T00:00:00,SPY,90.07516240086802,24617.16968637314
2019-09-16T00:00:00,SPY,90.12006925588983,24553.36798265592
2019-09-17T00:00:00,SPY,90.32951578680208,24672.74585373419
2019-09-18T00:00:00,SPY,90.15837244312198,24640.730568812636
2019-09-19T00:00:00,SPY,90.11782223614757,24628.011640310066
2019-09-20T00:00:00,SPY,90.12231222530315,24512.87287996506
2019-09-23T00:00:00,SPY,90.44317483670645,24594.37471721257
2019-09-24T00:00:00,SPY,90.45916829607033,24405.700302789333
2019-09-25T00:00:00,SPY,90.99572400859124,24695.675215807194
2019-09-26T00:00:00,SPY,90.59418352766536,24535.483272569305
2019-09-27T00:00:00,SPY,90.73586766206247,24441.462079266006
2019-09-30T00:00:00,SPY,91.10433454951591,24654.535018747785
2019-10-01T00:00:00,SPY,90.78857733015005,24276.837317477606
2019-10-02T00:00:00,SPY,91.60841166760312,24063.355834529026
2019-10-03T00:00:00,SPY,-92.84480643975513,-24587.93300582008
2019-10-04T00:00:00,SPY,-91.78615774063346,-24636.49940404247
2019-10-07T00:00:00,SPY,-90.25329674614169,-24120.543353034747
2019-10-08T00:00:00,SPY,-90.7427172020218,-23874.84145238352
2019-10-09T00:00:00,SPY,-92.53040879624429,-24576.382111873052
2019-10-10T00:00:00,SPY,-91.445094964954,-24452.389928663833
2019-10-11T00:00:00,SPY,-90.67686252342976,-24498.332432595776
2019-10-14T00:00:00,SPY,-89.51160943998605,-24156.582284504188
2019-10-15T00:00:00,SPY,-89.63625629041933,-24429.709513175112
2019-10-16T00:00:00,SPY,-88.53792994993815,-24091.61440173467
2019-10-17T00:00:00,SPY,-88.71601388276966,-24211.260252212105
2019-10-18T00:00:00,SPY,-88.39007279720512,-24016.724879733734
2019-10-21T00:00:00,SPY,-88.8758425654903,-24312.42774978112
2019-10-22T00:00:00,SPY,-88.12816605606375,-24029.141726283608
2019-10-23T00:00:00,SPY,-88.48856297340286,-24197.606394211358
2019-10-24T00:00:00,SPY,-88.16745678892397,-24149.184265273852
2019-10-25T00:00:00,SPY,-87.9873156787063,-24198.54179243809
2019-10-28T00:00:00,SPY,-87.53875081483262,-24210.876129901917
2019-10-29T00:00:00,SPY,-86.92477677028836,-24033.93413695523
2019-10-30T00:00:00,SPY,-86.9569457355271,-24116.572668960616
2019-10-31T00:00:00,SPY,-86.62456632453261,-23960.411089091493
2019-11-01T00:00:00,SPY,-86.91357745372265,-24263.05188228158
2019-11-04T00:00:00,SPY,-85.91666624350931,-24081.11902710677
2019-11-05T00:00:00,SPY,-85.48512514933698,-23933.66452105861
2019-11-06T00:00:00,SPY,-85.60319981703367,-23972.1797385085
2019-11-07T00:00:00,SPY,-85.57879575019504,-24049.62646556952
2019-11-08T00:00:00,SPY,-85.2038738148954,-24003.318208804132
2019-11-11T00:00:00,SPY,-84.94182258283253,-23883.798479679488
2019-11-12T00:00:00,SPY,-85.14519052987642,-23991.4399513454
2019-11-13T00:00:00,SPY,-84.92133300572971,-23936.109680162564
2019-11-14T00:00:00,SPY,-84.88709324014863,-23961.291301276273
2019-11-15T00:00:00,SPY,-84.7328385839464,-24090.83272390813
2019-11-18T00:00:00,SPY,-83.97163320319338,-23892.018174172914
2019-11-19T00:00:00,SPY,-83.89414871097287,-23863.0822863302
2019-11-20T00:00:00,SPY,-83.92435536724825,-23782.899142985287
2019-11-21T00:00:00,SPY,-84.3159122001869,-23855.420654610123
2019-11-22T00:00:00,SPY,-84.48563180093846,-23956.598584288833
2019-11-25T00:00:00,SPY,-84.25133937884243,-24075.316458842728
2019-11-26T00:00:00,SPY,-83.44113256892913,-23897.80977911294
2019-11-27T00:00:00,SPY,-83.20505534410313,-23936.42209432923
2019-11-29T00:00:00,SPY,-82.74330591813163,-23715.305159415224
2019-12-02T00:00:00,SPY,-83.12837700299193,-23623.27950276241
2019-12-03T00:00:00,SPY,-84.01856800255423,-23716.13051856889
2019-12-04T00:00:00,SPY,-84.72515785071359,-24063.141965469506
2019-12-05T00:00:00,SPY,84.0761016804593,23921.742054276878
2019-12-06T00:00:00,SPY,83.78785133098313,24057.47430530738
2019-12-09T00:00:00,SPY,83.21944429073753,23819.150715469696
2019-12-10T00:00:00,SPY,83.41587680593858,23848.74886306943
2019-12-11T00:00:00,SPY,83.48565685470939,23936.457314801515
2019-12-12T00:00:00,SPY,83.30835742581594,24091.489003255447
2019-12-13T00:00:00,SPY,82.77437973073289,23951.41142907033
2019-12-16T00:00:00,SPY,82.7368992158698,24105.042601359633
2019-12-17T00:00:00,SPY,82.31353553628135,23986.947499912894
2019-12-18T00:00:00,SPY,82.30000260560986,23984.510833199758
2019-12-19T00:00:00,SPY,82.29612386113773,24081.68725772395
2019-12-20T00:00:00,SPY,82.0441597467976,24113.208700543426
2019-12-23T00:00:00,SPY,81.77570084817019,24071.027427265675
2019-12-24T00:00:00,SPY,81.68221805777198,24044.260683724588
2019-12-26T00:00:00,SPY,81.68028936526325,24171.677345833392
2019-12-27T00:00:00,SPY,81.35592816376396,24069.73033291997
2019-12-30T00:00:00,SPY,81.37111185942072,23941.492864215077
2019-12-31T00:00:00,SPY,81.70944114097377,24099.44510896108
2020-01-02T00:00:00,SPY,81.56093650614511,24280.60716605974
2020-01-03T00:00:00,SPY,80.9943204878615,23929.35030750284
2020-01-06T00:00:00,SPY,81.45595454199092,24157.549642942235
2020-01-07T00:00:00,SPY,81.22428376391713,24021.10528841888
2020-01-08T00:00:00,SPY,81.39586891852692,24200.140930093337
2020-01-09T00:00:00,SPY,81.07215099508569,24267.333291120798
2020-01-10T00:00:00,SPY,80.66294271407241,24075.360298277832
2020-01-13T00:00:00,SPY,80.83759156040674,24293.428075098374
2020-01-14T00:00:00,SPY,80.42330396227396,24132.076548966914
2020-01-15T00:00:00,SPY,80.51509954898394,24214.21836561815
2020-01-16T00:00:00,SPY,80.37891523395574,24374.339408667445
2020-01-17T00:00:00,SPY,79.8817022151148,24298.961661046294
2020-01-21T00:00:00,SPY,79.69590483821604,24194.97674301897
2020-01-22T00:00:00,SPY,79.8129535321693,24233.441843217206
2020-01-23T00:00:00,SPY,79.8055885293077,24258.991937329145
2020-01-24T00:00:00,SPY,79.73702468121726,24022.593987353303
2020-01-27T00:00:00,SPY,80.27364999180462,23796.610070922583
2020-01-28T00:00:00,SPY,81.25659103326551,24340.41829137603
2020-01-29T00:00:00,SPY,80.62304682651121,24130.686066717823
2020-01-30T00:00:00,SPY,80.67353012829359,24224.162522176182
2020-01-31T00:00:00,SPY,80.47786048016971,23726.616039628392
2020-02-03T00:00:00,SPY,81.59392990576659,24234.35087082963
2020-02-04T00:00:00,SPY,81.14088608981852,24467.104626146553
2020-02-05T00:00:00,SPY,80.22847807012185,24471.350709003367
2020-02-06T00:00:00,SPY,79.54339939660666,24344.02094956788
2020-02-07T00:00:00,SPY,79.34362797645362,24153.458986947466
2020-02-10T00:00:00,SPY,79.6622410160557,24431.498630064816
2020-02-11T00:00:00,SPY,79.2196023225227,24337.84632222904
2020-02-12T00:00:00,SPY,79.11714714963404,24462.97457517795
2020-02-13T00:00:00,SPY,78.7373649223372,24319.561461628797
2020-02-14T00:00:00,SPY,78.79987908195884,24377.868512686404
2020-02-18T00:00:00,SPY,78.70529005515758,24285.861346870275
2020-02-19T00:00:00,SPY,78.85768459794059,24449.224917131192
2020-02-20T00:00:00,SPY,78.57607962734012,24261.836927253615
2020-02-21T00:00:00,SPY,78.81893890421844,24086.19265802401
2020-02-24T00:00:00,SPY,79.43423597276099,23469.156277792703
2020-02-25T00:00:00,SPY,81.48256559908843,23344.839590257925
2020-02-26T00:00:00,SPY,83.38896026300978,23803.145600729702
2020-02-27T00:00:00,SPY,83.61678694076623,22796.220475145325
2020-02-28T00:00:00,SPY,86.56681948337345,23501.324896597656
2020-03-02T00:00:00,SPY,86.86158878988915,24602.569528377622
2020-03-03T00:00:00,SPY,84.1568847137369,23153.996781226386
2020-03-04T00:00:00,SPY,86.01723195944042,24660.579694740973
2020-03-05T00:00:00,SPY,83.4055094596534,23116.94111269764
2020-03-06T00:00:00,SPY,85.53842243527843,23316.18733924447
2020-03-09T00:00:00,SPY,86.63267046929491,21770.301246747233
2020-03-10T00:00:00,SPY,92.15833929332089,24357.220141850124
2020-03-11T00:00:00,SPY,88.70584199554261,22301.843315376944
2020-03-12T00:00:00,SPY,92.08961378114344,20937.394877992414
2020-03-13T00:00:00,SPY,99.45819676010679,24545.78396968551
2020-03-16T00:00:00,SPY,93.47846377660439,20545.6123830718
2020-03-17T00:00:00,SPY,101.91494669858307,23609.279469005178
2020-03-18T00:00:00,SPY,97.95300626013768,21542.533418751675
2020-03-19T00:00:00,SPY,101.8013533111355,22436.463096988722
2020-03-20T00:00:00,SPY,101.64101565656799,21435.770092326155
2020-03-23T00:00:00,SPY,105.07458859058227,21593.307345348614
2020-03-24T00:00:00,SPY,107.1434203592564,24013.40628137764
2020-03-25T00:00:00,SPY,100.44246255144024,22848.566657395935
2020-03-26T00:00:00,SPY,99.34051184503708,23917.380246788536
2020-03-27T00:00:00,SPY,95.232649497893,22245.4291226983
2020-03-30T00:00:00,SPY,97.3916965667689,23488.57349168954
2020-03-31T00:00:00,SPY,95.08867170140826,22591.313341669487
2020-04-01T00:00:00,SPY,96.16443543720769,21818.675330012156
2020-04-02T00:00:00,SPY,99.57356173027054,23113.488706687454
2020-04-03T00:00:00,SPY,-97.89116315772799,-22394.52297761375
2020-04-06T00:00:00,SPY,-99.39380707365608,-24265.527776748444
2020-04-07T00:00:00,SPY,-91.58727204771426,-22382.475318157434
2020-04-08T00:00:00,SPY,-91.39877451046836,-23086.198555886043
2020-04-09T00:00:00,SPY,-87.68767919645506,-22485.87670683645
2020-04-13T00:00:00,SPY,-86.03143249678371,-21859.73818267059
2020-04-14T00:00:00,SPY,-87.02330882532065,-22763.909167504728
2020-04-15T00:00:00,SPY,-83.91126107033848,-21483.44924412828
2020-04-16T00:00:00,SPY,-86.20461121047474,-22177.083306039272
2020-04-17T00:00:00,SPY,-85.68924018920715,-22640.0344840531
2020-04-20T00:00:00,SPY,-82.86870262547838,-21509.079074235477
2020-04-21T00:00:00,SPY,-84.7354071010874,-21325.79159851633
2020-04-22T00:00:00,SPY,-88.04317236013118,-22650.07336082446
2020-04-23T00:00:00,SPY,-85.66806179993443,-22037.46314573624
2020-04-24T00:00:00,SPY,-85.67191320180537,-22345.64448558964
2020-04-27T00:00:00,SPY,-84.1997285817556,-22278.313372513472
2020-04-28T00:00:00,SPY,-82.7004383749104,-21781.00081345401
2020-04-29T00:00:00,SPY,-83.1721955389254,-22478.689476722866
2020-04-30T00:00:00,SPY,-80.522154320705,-21559.848594168063
2020-05-01T00:00:00,SPY,-81.47051600565194,-21236.288985317122
2020-05-04T00:00:00,SPY,-84.23513181429325,-22017.474279056318
2020-05-05T00:00:00,SPY,-83.93951035560183,-22142.921603334904
2020-05-06T00:00:00,SPY,-82.97802930044445,-21740.89953943583
2020-05-07T00:00:00,SPY,-83.6840294123005,-22190.459449271966
2020-05-08T00:00:00,SPY,-82.43867903138019,-22221.926083036236
2020-05-11T00:00:00,SPY,-80.75731176271798,-21773.17233826606
2020-05-12T00:00:00,SPY,-80.73897111720864,-21334.35406144105
2020-05-13T00:00:00,SPY,-82.79141316450526,-21489.783679293312
2020-05-14T00:00:00,SPY,-84.65274651564792,-22235.872400593707
2020-05-15T00:00:00,SPY,-83.39639997078503,-22006.576260039797
2020-05-18T00:00:00,SPY,-82.92171736810842,-22547.80879033809
2020-05-19T00:00:00,SPY,-79.85495925790627,-21490.875742025586
2020-05-20T00:00:00,SPY,-80.89140058328559,-22139.64406478813
2020-05-21T00:00:00,SPY,-79.20528218414833,-21528.478161467556
2020-05-22T00:00:00,SPY,-79.89320918880345,-21756.71192508329
2020-05-26T00:00:00,SPY,-79.7034219249671,-21972.44904878801
2020-05-27T00:00:00,SPY,-78.48976056835161,-21959.819604970115
2020-05-28T00:00:00,SPY,-77.04785612282386,-21516.627238619025
2020-05-29T00:00:00,SPY,-77.2240206289657,-21661.919888875298
2020-06-01T00:00:00,SPY,-76.79565542722104,-21628.8302950077
2020-06-02T00:00:00,SPY,-76.40929996959161,-21698.19617927682
2020-06-03T00:00:00,SPY,-75.62452681030045,-21761.15375924339
2020-06-04T00:00:00,SPY,-74.38130420809057,-21347.191424434935
2020-06-05T00:00:00,SPY,-74.62677407398458,-21966.557656436828
2020-06-08T00:00:00,SPY,-72.29677154006541,-21537.946918516187
2020-06-09T00:00:00,SPY,-71.2149974529646,-21057.475838361905
2020-06-10T00:00:00,SPY,-71.88580980752198,-21137.222960172166
2020-06-11T00:00:00,SPY,-72.39009055182044,-20058.415283986422
2020-06-12T00:00:00,SPY,-77.92236660601203,-21849.901965103687
2020-06-15T00:00:00,SPY,-76.80230589133045,-21736.890122416768
2020-06-16T00:00:00,SPY,-75.91954140525408,-21900.616778353524
2020-06-17T00:00:00,SPY,-74.12118517252769,-21293.034084091705
2020-06-18T00:00:00,SPY,-74.50532613320878,-21411.625203220952
2020-06-19T00:00:00,SPY,-74.4688435206055,-21278.828887736767
2020-06-22T00:00:00,SPY,-75.00378201427276,-21569.181483255117
2020-06-23T00:00:00,SPY,-74.40563768333699,-21495.670197227315
2020-06-24T00:00:00,SPY,-73.97784882655843,-20826.909188218226
2020-06-25T00:00:00,SPY,-76.39905405544447,-21739.133068059706
2020-06-26T00:00:00,SPY,-75.3839830147165,-20940.82296380811
2020-06-29T00:00:00,SPY,-77.67714331523388,-21894.981644451396
2020-06-30T00:00:00,SPY,-76.27242204072725,-21774.41481761256
2020-07-01T00:00:00,SPY,-75.06664861610778,-21580.29842000432
2020-07-02T00:00:00,SPY,-74.41232501144287,-21510.003452871333
2020-07-06T00:00:00,SPY,73.9006785284723,21691.878890864053
2020-07-07T00:00:00,SPY,72.5139870791136,21065.3198853363
2020-07-08T00:00:00,SPY,73.0783801690305,21391.64626349688
2020-07-09T00:00:00,SPY,72.66178018328671,21148.61824828681
2020-07-10T00:00:00,SPY,72.97384312382948,21456.314164868618
2020-07-13T00:00:00,SPY,72.420560406172,21109.254037732448
2020-07-14T00:00:00,SPY,72.8958849555753,21523.150719622474
2020-07-15T00:00:00,SPY,72.19685817500974,21512.59926910853
2020-07-16T00:00:00,SPY,71.70554986048329,21295.8283645357
2020-07-17T00:00:00,SPY,71.88229731101667,21410.210696703383
2020-07-20T00:00:00,SPY,71.7262394320932,21536.3856398427
2020-07-21T00:00:00,SPY,71.29487511566828,21452.40773671615
2020-07-22T00:00:00,SPY,71.18190112507283,21540.327989163914
2020-07-23T00:00:00,SPY,70.87966917169166,21192.951863908882
2020-07-24T00:00:00,SPY,71.52139933982735,21247.096170329325
2020-07-27T00:00:00,SPY,71.8698854083795,21506.324068095546
2020-07-28T00:00:00,SPY,71.47930860014463,21253.78387717426
2020-07-29T00:00:00,SPY,71.82111296104922,21618.06294540593
2020-07-30T00:00:00,SPY,71.16629844556269,21344.538161617726
2020-07-31T00:00:00,SPY,71.35553975448228,21570.41296023316
2020-08-03T00:00:00,SPY,70.935605600784,21592.546797107323
2020-08-04T00:00:00,SPY,70.56871072604527,21563.836511620604
2020-08-05T00:00:00,SPY,-70.36466939264788,-21635.031426129703
2020-08-06T00:00:00,SPY,-69.91335462359429,-21639.960533358433
2020-08-07T00:00:00,SPY,-69.3330951440768,-21475.761182382266
2020-08-10T00:00:00,SPY,-69.27116183658093,-21520.718000544166
2020-08-11T00:00:00,SPY,-69.01304560547231,-21263.53686279442
2020-08-12T00:00:00,SPY,-69.73075368156303,-21784.212610617193
2020-08-13T00:00:00,SPY,-68.53334835124708,-21371.432824460837
2020-08-14T00:00:00,SPY,-68.68877969329843,-21420.539768787738
2020-08-17T00:00:00,SPY,-68.68611850837195,-21487.754581953064
2020-08-18T00:00:00,SPY,-68.41423221090542,-21448.9349461705
2020-08-19T00:00:00,SPY,-68.22969379784846,-21302.012939658973
2020-08-20T00:00:00,SPY,-68.58616372200267,-21479.975419554674
2020-08-21T00:00:00,SPY,-68.31944322954811,-21472.347740233065
2020-08-24T00:00:00,SPY,-68.01752846084274,-21594.07906346668
2020-08-25T00:00:00,SPY,-67.16393605100474,-21397.700749469284
2020-08-26T00:00:00,SPY,-66.8704656075011,-21517.788536192536
2020-08-27T00:00:00,SPY,-66.04053049040046,-21297.19640083503
2020-08-28T00:00:00,SPY,-65.85954445437817,-21376.014737063095
2020-08-31T00:00:00,SPY,-65.33100330105376,-21127.659282476525
2020-09-01T00:00:00,SPY,-65.62776855389163,-21423.524921355318
2020-09-02T00:00:00,SPY,-64.8624169005808,-21479.939169967234
2020-09-03T00:00:00,SPY,63.70503257705377,20370.630954564243
2020-09-04T00:00:00,SPY,-65.5234467840117,-20781.030695908274
2020-09-08T00:00:00,SPY,-66.21372344127627,-20426.1718843395
2020-09-09T00:00:00,SPY,-68.53540201712858,-21559.893036221445
2020-09-10T00:00:00,SPY,-66.88294420778213,-20674.726797287807
2020-09-11T00:00:00,SPY,-68.35712123600716,-21141.18163054796
2020-09-14T00:00:00,SPY,-68.3152004172226,-21406.501753636687
2020-09-15T00:00:00,SPY,-67.20495378294139,-21165.003269772726
2020-09-16T00:00:00,SPY,-66.78006425032221,-20947.729026263853
2020-09-17T00:00:00,SPY,-67.11207574488581,-20866.718926838683
2020-09-18T00:00:00,SPY,-67.85503188127849,-20854.82409630416
2020-09-21T00:00:00,SPY,-68.84312484416097,-20923.02612514132
2020-09-22T00:00:00,SPY,-69.80752367477268,-21432.200764229034
2020-09-23T00:00:00,SPY,-68.92861263107629,-20671.583227102543
2020-09-24T00:00:00,SPY,-70.97345451499214,-21341.56269150142
2020-09-25T00:00:00,SPY,-70.73459594310863,-21613.60468017333
2020-09-28T00:00:00,SPY,-69.32796599993137,-21535.64473382237
2020-09-29T00:00:00,SPY,-67.9068630840017,-20979.326741670673
2020-09-30T00:00:00,SPY,-68.37134770685819,-21282.97730784065
2020-10-01T00:00:00,SPY,-67.72831713884901,-21218.16273766234
2020-10-02T00:00:00,SPY,-67.18668775039077,-20848.633249419014
2020-10-05T00:00:00,SPY,67.9936788490609,21473.2059764637
2020-10-06T00:00:00,SPY,66.82983759695882,20805.608294096866
2020-10-07T00:00:00,SPY,67.55234865313031,21396.616837132846
2020-10-08T00:00:00,SPY,66.68357195497373,21308.628783105334
2020-10-09T00:00:00,SPY,66.245219992354,21357.589928045167
2020-10-12T00:00:00,SPY,65.80586592325409,21557.25702267739
2020-10-13T00:00:00,SPY,65.02512816507335,21162.478365322615
2020-10-14T00:00:00,SPY,65.34511388495662,21132.992313086717
2020-10-15T00:00:00,SPY,65.65473673315708,21206.880689521244
2020-10-16T00:00:00,SPY,65.71650173915907,21214.009947756967
2020-10-19T00:00:00,SPY,65.74620155580742,20900.921727622135
2020-10-20T00:00:00,SPY,66.50742008692556,21227.612565591895
2020-10-21T00:00:00,SPY,66.30730801632691,21123.6774364098
2020-10-22T00:00:00,SPY,66.40154614732835,21269.733616179805
2020-10-23T00:00:00,SPY,66.12981083740435,21254.613221204567
2020-10-26T00:00:00,SPY,65.96213919120879,20808.93119482983
2020-10-27T00:00:00,SPY,66.89307746828901,21029.86643525423
2020-10-28T00:00:00,SPY,67.06601517918713,20363.592220566396
2020-10-29T00:00:00,SPY,68.8467967461133,21116.76942143431
2020-10-30T00:00:00,SPY,68.32625663680706,20738.62654136649
2020-11-02T00:00:00,SPY,68.86524652785775,21136.50277873226
2020-11-03T00:00:00,SPY,68.29106528740618,21330.34369346712
2020-11-04T00:00:00,SPY,67.40372679803619,21523.718509565788
2020-11-05T00:00:00,SPY,66.3013782150684,21584.61115760649
2020-11-06T00:00:00,SPY,65.35421893534026,21271.406135620706
2020-11-09T00:00:00,SPY,65.3648380152328,21542.19239937566
2020-11-10T00:00:00,SPY,64.75636692767961,21310.362290509755
2020-11-11T00:00:00,SPY,64.82700579946079,21492.087261744637
2020-11-12T00:00:00,SPY,64.46834546800017,21165.84236817358
2020-11-13T00:00:00,SPY,64.94157644009618,21616.390744909182
2020-11-16T00:00:00,SPY,64.27561721348975,21661.779422975666
2020-11-17T00:00:00,SPY,63.68236868417477,21346.41238443783
2020-11-18T00:00:00,SPY,63.939355166593444,21174.623445671703
2020-11-19T00:00:00,SPY,64.52334574253136,21457.986095613247
2020-11-20T00:00:00,SPY,64.32051544846539,21244.05653359898
2020-11-23T00:00:00,SPY,64.65301216322548,21481.870895772532
2020-11-24T00:00:00,SPY,64.36351596350926,21730.288163770154
2020-11-25T00:00:00,SPY,63.598431631989115,21438.88030344929
2020-11-27T00:00:00,SPY,63.67174180560685,21523.364914262165
2020-11-30T00:00:00,SPY,63.53903904189665,21383.417107750494
2020-12-01T00:00:00,SPY,63.75082481994165,21689.354336080803
2020-12-02T00:00:00,SPY,63.232934649645856,21558.414976484866
2020-12-03T00:00:00,SPY,-63.13275802239659,-21518.394432242985
2020-12-04T00:00:00,SPY,-63.093134940270765,-21690.211765339187
2020-12-07T00:00:00,SPY,-62.41926338134274,-21414.451448813124
2020-12-08T00:00:00,SPY,-62.58005338670676,-21532.43889044797
2020-12-09T00:00:00,SPY,-62.35160974420728,-21261.41750928392
2020-12-10T00:00:00,SPY,-63.056776021795336,-21494.836453685955
2020-12-11T00:00:00,SPY,-63.08160479294615,-21478.087096067196
2020-12-14T00:00:00,SPY,-63.1741284220746,-21413.28803085306
2020-12-15T00:00:00,SPY,-63.52938155088394,-21824.826117958328
2020-12-16T00:00:00,SPY,-62.47062897117225,-21494.78832268543
2020-12-17T00:00:00,SPY,-62.347689815226914,-21572.44528130612
2020-12-18T00:00:00,SPY,-61.91412734432556,-21336.893499816855
2020-12-21T00:00:00,SPY,-62.22413397560594,-21367.05512873591
2020-12-22T00:00:00,SPY,-62.50223584304188,-21426.383687092377
2020-12-23T00:00:00,SPY,-62.63407937615071,-21490.87503176644
2020-12-24T00:00:00,SPY,-62.56383341001298,-21550.286927794965
2020-12-28T00:00:00,SPY,-62.26071316476629,-21630.108591347685
2020-12-29T00:00:00,SPY,-61.59716699335197,-21358.757501461405
2020-12-30T00:00:00,SPY,-61.74336130803902,-21440.005362646065
2020-12-31T00:00:00,SPY,-61.63340114181682,-21510.557318461833
2021-01-04T00:00:00,SPY,-61.243932689916335,-21083.63875016682
2021-01-05T00:00:00,SPY,-62.2999968238504,-21594.90560987395
2021-01-06T00:00:00,SPY,61.766443570343746,21537.969051775108
2021-01-07T00:00:00,SPY,61.57539163332797,21790.356265817936
2021-01-08T00:00:00,SPY,60.899551743079876,21673.980969539407
2021-01-11T00:00:00,SPY,60.64119258852477,21436.554243948223
2021-01-12T00:00:00,SPY,60.94916628163088,21549.96829052807
2021-01-13T00:00:00,SPY,60.93936683023305,21604.524934100216
2021-01-14T00:00:00,SPY,60.816617831553984,21485.50439856747
2021-01-15T00:00:00,SPY,60.976924615635795,21385.04178930886
2021-01-19T00:00:00,SPY,61.31300601426164,21671.745102246252
2021-01-20T00:00:00,SPY,60.954042172684524,21843.017177006765
2021-01-21T00:00:00,SPY,60.33047734245873,21639.268890277483
2021-01-22T00:00:00,SPY,60.28927652191446,21547.953744829243
2021-01-25T00:00:00,SPY,60.449815963243786,21690.54252887343
2021-01-26T00:00:00,SPY,60.27156705872642,21592.822308043105
2021-01-27T00:00:00,SPY,60.3422956344865,21089.80910832227
2021-01-28T00:00:00,SPY,61.476231032471574,21670.908005171674
2021-01-29T00:00:00,SPY,61.081189654574274,21100.59464239149
2021-02-01T00:00:00,SPY,62.01636201838794,21780.256868065542
2021-02-02T00:00:00,SPY,61.2522033223494,21816.065361707588
2021-02-03T00:00:00,SPY,60.613096901560546,21605.413346452657
2021-02-04T00:00:00,SPY,60.57750625558556,21838.144788169102
2021-02-05T00:00:00,SPY,60.06693985023183,21739.31219201445
2021-02-08T00:00:00,SPY,59.890795157626535,21832.10297674395
2021-02-09T00:00:00,SPY,59.56883287189534,21700.276099018447
2021-02-10T00:00:00,SPY,59.598299238366394,21701.55627460997
2021-02-11T00:00:00,SPY,59.61772542173935,21743.687738551253
2021-02-12T00:00:00,SPY,59.54561152870366,21824.6696036278
2021-02-16T00:00:00,SPY,59.326014663878084,21725.353858845105
2021-02-17T00:00:00,SPY,59.364679121658206,21744.49859778427
2021-02-18T00:00:00,SPY,59.354502373618104,21648.237885210016
2021-02-19T00:00:00,SPY,59.544758740963545,21679.28029092533
2021-02-22T00:00:00,SPY,59.623520522608764,21540.985573824495
2021-02-23T00:00:00,SPY,59.970261782699254,21692.56578510285
2021-02-24T00:00:00,SPY,59.91611410501836,21911.802725212696
2021-02-25T00:00:00,SPY,59.426270763379115,21208.999911778945
2021-02-26T00:00:00,SPY,60.526099764578085,21490.217664974414
2021-03-01T00:00:00,SPY,60.75933689367242,22095.965038825318
2021-03-02T00:00:00,SPY,59.67999506151781,21534.08776396617
2021-03-03T00:00:00,SPY,60.03177640563547,21374.10623765655
2021-03-04T00:00:00,SPY,60.63618854674461,21322.145387725497
2021-03-05T00:00:00,SPY,61.2058521738568,21918.4006754485
2021-03-08T00:00:00,SPY,60.37501717031558,21513.22454017619
2021-03-09T00:00:00,SPY,60.60183646314853,21902.354061685863
2021-03-10T00:00:00,SPY,59.961351708041654,21805.766796634918
2021-03-11T00:00:00,SPY,59.68395017486948,21924.955924718208
2021-03-12T00:00:00,SPY,59.23500846573068,21789.34153098303
2021-03-15T00:00:00,SPY,59.174674911701935,21896.955675010573
2021-03-16T00:00:00,SPY,58.91156711471406,21772.10110632599
2021-03-17T00:00:00,SPY,58.96737370546393,21867.035957210875
2021-03-18T00:00:00,SPY,58.81711071481504,21493.96533215482
2021-03-19T00:00:00,SPY,59.46809203416355,21691.650794366076
2021-03-22T00:00:00,SPY,59.55065292538899,21895.21107639589
2021-03-23T00:00:00,SPY,59.196790509455916,21593.799750149585
2021-03-24T00:00:00,SPY,59.54871184166263,21611.750046589274
2021-03-25T00:00:00,SPY,59.77643221455931,21816.438533210436
2021-03-26T00:00:00,SPY,59.52577665921173,22075.049258005813
2021-03-29T00:00:00,SPY,58.81785647915087,21801.502287057756
2021-03-30T00:00:00,SPY,58.839173410059985,21751.54488813222
2021-03-31T00:00:00,SPY,58.95656721773298,21883.289479516392
2021-04-01T00:00:00,SPY,58.777964505450086,22052.59253186516
2021-04-05T00:00:00,SPY,58.307168019300015,22189.948683798128
2021-04-06T00:00:00,SPY,57.68902468406464,21941.73920599901
2021-04-07T00:00:00,SPY,57.71412475359068,21976.687296013955
2021-04-08T00:00:00,SPY,57.66408716627391,22061.8612769182
2021-04-09T00:00:00,SPY,57.459791214570316,22143.519693906015
2021-04-12T00:00:00,SPY,57.148662318373454,22031.64995041868
2021-04-13T00:00:00,SPY,57.13279997578339,22090.81172794116
2021-04-14T00:00:00,SPY,57.00617514127041,21966.57839237233
2021-04-15T00:00:00,SPY,57.15263246280221,22259.591643678927
2021-04-16T00:00:00,SPY,56.69680681604557,22155.865632164277
2021-04-19T00:00:00,SPY,56.55535749293694,21992.0119303034
2021-04-20T00:00:00,SPY,56.76463678301855,21911.77863012847
2021-04-21T00:00:00,SPY,57.07872910997798,22241.499854953254
2021-04-22T00:00:00,SPY,56.67747107377615,21883.44002468527
2021-04-23T00:00:00,SPY,57.06908076551509,22273.554717588428
2021-04-26T00:00:00,SPY,56.609689499031234,22140.378150807406
2021-04-27T00:00:00,SPY,56.52126779589542,22101.03175720012
2021-04-28T00:00:00,SPY,56.530389365842105,22098.24813441631
2021-04-29T00:00:00,SPY,56.54256816841639,22243.864953311215
2021-04-30T00:00:00,SPY,56.274006788210556,21992.753577864598
2021-05-03T00:00:00,SPY,56.552660219950674,22149.32709048636
2021-05-04T00:00:00,SPY,56.46091249926577,21976.963920309376
2021-05-05T00:00:00,SPY,56.723635506821516,22086.135466724594
2021-05-06T00:00:00,SPY,56.70995048478933,22257.1343236271
2021-05-07T00:00:00,SPY,56.37299184571703,22285.915185366743
2021-05-10T00:00:00,SPY,56.06753464533107,21945.66599706812
2021-05-11T00:00:00,SPY,56.4880637064784,21912.940073226473
2021-05-12T00:00:00,SPY,56.87064271310696,21592.65041544227
2021-05-13T00:00:00,SPY,57.7970454293304,22207.997905246368
2021-05-14T00:00:00,SPY,57.281219320240666,22347.760423790227
2021-05-17T00:00:00,SPY,56.6322376099344,22038.34504975597
2021-05-18T00:00:00,SPY,56.73988193461122,21890.00507038211
2021-05-19T00:00:00,SPY,57.10963557033739,21974.880789488812
2021-05-20T00:00:00,SPY,57.22323633320631,22255.47140083926
2021-05-21T00:00:00,SPY,56.766332788968924,22059.693503707796
2021-05-24T00:00:00,SPY,56.801486270718726,22298.38133661169
2021-05-25T00:00:00,SPY,56.37150813451091,22080.484740315904
2021-05-26T00:00:00,SPY,56.46566042456243,22161.257028056978
2021-05-27T00:00:00,SPY,56.381711524002284,22139.925331827784
2021-05-28T00:00:00,SPY,56.35954892706325,22170.81078983894
2021-06-01T00:00:00,SPY,56.284085947450116,22121.619361782516
2021-06-02T00:00:00,SPY,56.32139238083827,22171.094521377665
2021-06-03T00:00:00,SPY,56.255037148001676,22062.786763675536
2021-06-04T00:00:00,SPY,56.41208214263448,22326.723876305874
2021-06-07T00:00:00,SPY,56.02839577844992,22153.358902230484
2021-06-08T00:00:00,SPY,56.06904960468021,22174.155842911474
2021-06-09T00:00:00,SPY,56.06005604823658,22137.52384855471
2021-06-10T00:00:00,SPY,56.12287610908324,22265.350079657157
2021-06-11T00:00:00,SPY,55.92804832761592,22224.720546497287
2021-06-14T00:00:00,SPY,55.85884548034626,22246.92223189407
2021-06-15T00:00:00,SPY,55.76522927549975,22168.899511773252
2021-06-16T00:00:00,SPY,55.84205957030786,22075.493623320057
2021-06-17T00:00:00,SPY,56.077179257545694,22161.094401524784
2021-06-18T00:00:00,SPY,56.09109495528173,21867.551922348797
2021-06-21T00:00:00,SPY,56.66640922517661,22408.113122702445
2021-06-22T00:00:00,SPY,56.06570497189734,22289.09655910373
2021-06-23T00:00:00,SPY,55.84187294708365,22173.35444073024
2021-06-24T00:00:00,SPY,55.89233820905029,22324.68563644853
2021-06-25T00:00:00,SPY,55.645721762747556,22305.12940161336
2021-06-28T00:00:00,SPY,55.49802791927744,22290.770719386885
2021-06-29T00:00:00,SPY,55.41428515855869,22269.113588492135
2021-06-30T00:00:00,SPY,55.39191901962065,22278.86209439093
2021-07-01T00:00:00,SPY,55.35696546323916,22388.071196387875
2021-07-02T00:00:00,SPY,55.128374370284384,22466.044061324206
2021-07-06T00:00:00,SPY,54.81480883115069,22297.56619660766
2021-07-07T00:00:00,SPY,54.88972876837952,22406.951136705076
2021-07-08T00:00:00,SPY,54.744693165133405,22165.65813930126
2021-07-09T00:00:00,SPY,55.081449341750094,22540.081128762897
2021-07-12T00:00:00,SPY,54.6446752939757,22441.438161791142
2021-07-13T00:00:00,SPY,54.49822324035888,22304.999478212223
2021-07-14T00:00:00,SPY,54.63790511494819,22395.53339534259
2021-07-15T00:00:00,SPY,54.57665763232298,22294.025005442094
2021-07-16T00:00:00,SPY,54.7168636381725,22175.977714413028
2021-07-19T00:00:00,SPY,55.04114562334977,21977.974128021044
2021-07-20T00:00:00,SPY,55.66076935492404,22543.888959915956
2021-07-21T00:00:00,SPY,55.07050453688704,22485.403973453333
2021-07-22T00:00:00,SPY,54.739004018971286,22396.857398694003
2021-07-23T00:00:00,SPY,54.65311877985563,22591.774308396733
2021-07-26T00:00:00,SPY,54.23577781876895,22474.296358871015
2021-07-27T00:00:00,SPY,54.13585934797588,22330.6487823546
2021-07-28T00:00:00,SPY,54.32165858458772,22398.10393955063
2021-07-29T00:00:00,SPY,54.33822598506176,22497.856289062136
2021-07-30T00:00:00,SPY,54.16988862910722,22319.240578083605
2021-08-02T00:00:00,SPY,54.36782508945914,22353.797181688507
2021-08-03T00:00:00,SPY,54.453272470074886,22571.074205557667
2021-08-04T00:00:00,SPY,54.12362813601401,22324.08060852772
2021-08-05T00:00:00,SPY,54.32390892109329,22548.585023765583
2021-08-06T00:00:00,SPY,54.067302624196124,22479.157567293594
2021-08-09T00:00:00,SPY,54.000359321062696,22433.059060723972
2021-08-10T00:00:00,SPY,54.03331012100202,22474.672857448542
2021-08-11T00:00:00,SPY,53.98293570466961,22509.515175798806
2021-08-12T00:00:00,SPY,53.882592112407096,22535.006305929342
2021-08-13T00:00:00,SPY,53.76179950233597,22525.406465118875
2021-08-16T00:00:00,SPY,53.688540805775865,22547.67976972648
2021-08-17T00:00:00,SPY,53.59386509205145,22360.37521470413
2021-08-18T00:00:00,SPY,53.85891055703581,22225.013891399998
2021-08-19T00:00:00,SPY,54.305977190322245,22444.192354939183
2021-08-20T00:00:00,SPY,54.24358778835545,22596.79472788755
2021-08-23T00:00:00,SPY,53.92241346168222,22660.596407026696
2021-08-24T00:00:00,SPY,53.56997054239628,22548.21987329293
2021-08-25T00:00:00,SPY,53.50630185014065,22568.681510052003
2021-08-26T00:00:00,SPY,53.422250372676984,22400.208149650578
2021-08-27T00:00:00,SPY,53.66013557439602,22701.129309621872
2021-08-30T00:00:00,SPY,53.30328563767498,22649.323778338297
2021-08-31T00:00:00,SPY,53.1282677750866,22541.51107405352
2021-09-01T00:00:00,SPY,53.18731244275775,22578.55788651818
2021-09-02T00:00:00,SPY,53.16606536163364,22638.97477424568
2021-09-03T00:00:00,SPY,53.043775102258245,22581.420447212313
2021-09-07T00:00:00,SPY,53.053303982438024,22504.72162229378
2021-09-08T00:00:00,SPY,53.196083731813,22537.798176409095
2021-09-09T00:00:00,SPY,53.24473748312143,22461.85504778568
2021-09-10T00:00:00,SPY,53.41638662260439,22356.59333779459
2021-09-13T00:00:00,SPY,53.73450829284931,22547.2935402718
2021-09-14T00:00:00,SPY,53.63094395467231,22382.396874355352
2021-09-15T00:00:00,SPY,53.849234095155765,22661.211413066758
2021-09-16T00:00:00,SPY,53.51455446370429,22484.667233773165
2021-09-17T00:00:00,SPY,53.57805275317169,22292.0638344781
2021-09-20T00:00:00,SPY,53.97333616811981,22082.08658297199
2021-09-21T00:00:00,SPY,54.66108289923639,22342.33897094489
2021-09-22T00:00:00,SPY,54.69859663337133,22575.764074308954
2021-09-23T00:00:00,SPY,54.3022217332118,22684.476381276116
2021-09-24T00:00:00,SPY,53.81362882227589,22517.400540124287
2021-09-27T00:00:00,SPY,53.746591810276556,22425.009293347397
2021-09-28T00:00:00,SPY,53.86218029261749,22020.356096266514
2021-09-29T00:00:00,SPY,54.693148743070445,22397.715681760856
2021-09-30T00:00:00,SPY,54.623202769089175,22095.667291878995
2021-10-01T00:00:00,SPY,55.13015697533901,22565.766898404378
2021-10-04T00:00:00,SPY,-54.64380931341592,-22078.255165178696
2021-10-05T00:00:00,SPY,-55.41220989657088,-22621.67280633592
2021-10-06T00:00:00,SPY,-54.69935172250561,-22423.460725125988
2021-10-07T00:00:00,SPY,-54.41766449729486,-22500.850672233
2021-10-08T00:00:00,SPY,-53.833950614004834,-22218.898528528218
2021-10-11T00:00:00,SPY,-53.95640486201638,-22108.215357798224
2021-10-12T00:00:00,SPY,-54.44815434550963,-22254.78913404451
2021-10-13T00:00:00,SPY,-54.61619385774358,-22403.783398671112
2021-10-14T00:00:00,SPY,-54.371507526873415,-22678.571828590982
2021-10-15T00:00:00,SPY,-53.24657776677201,-22378.500888039423
2021-10-18T00:00:00,SPY,-52.741672713167304,-22231.922001671403
2021-10-19T00:00:00,SPY,-52.54742035758253,-22320.924775248473
2021-10-20T00:00:00,SPY,-52.04429421395153,-22194.038956847246
2021-10-21T00:00:00,SPY,-51.78945053486067,-22142.96616369191
2021-10-22T00:00:00,SPY,-51.62103457660111,-22048.08774744316
2021-10-25T00:00:00,SPY,-51.687948365617835,-22195.057095278476
2021-10-26T00:00:00,SPY,-51.343333378769344,-22066.92376779868
2021-10-27T00:00:00,SPY,-51.285171479844415,-21944.278177224707
2021-10-28T00:00:00,SPY,-51.570396089746446,-22279.240505263242
2021-10-29T00:00:00,SPY,-50.95446568883806,-22057.81312903674
2021-11-01T00:00:00,SPY,-50.82608547770517,-22040.084853061715
2021-11-02T00:00:00,SPY,-50.71686762630449,-22081.64405059107
2021-11-03T00:00:00,SPY,-50.46152764420126,-22104.605350121594
2021-11-04T00:00:00,SPY,-50.078754877802965,-22040.311375643476
2021-11-05T00:00:00,SPY,-49.78486456756057,-21986.98983620142
2021-11-08T00:00:00,SPY,-49.56920843779465,-21910.43725953225
2021-11-09T00:00:00,SPY,-49.51613883501254,-21814.633559621518
2021-11-10T00:00:00,SPY,-49.72137683011113,-21728.8304166473
2021-11-11T00:00:00,SPY,-50.22515380793441,-21956.08661934431
2021-11-12T00:00:00,SPY,-50.20509392316505,-22112.95067379178
2021-11-15T00:00:00,SPY,-49.7350060368864,-21913.40029597956
2021-11-16T00:00:00,SPY,-49.713203447808,-21990.487170159315
2021-11-17T00:00:00,SPY,-49.46821791063407,-21828.962255618007
2021-11-18T00:00:00,SPY,-49.61873882062394,-21969.74901222945
2021-11-19T00:00:00,SPY,-49.40882551528378,-21837.68459515053
2021-11-22T00:00:00,SPY,-49.51940081248831,-21824.941458983285
2021-11-23T00:00:00,SPY,-49.69422821052163,-21931.035926173918
2021-11-24T00:00:00,SPY,-49.61187121146049,-21953.14097254375
2021-11-26T00:00:00,SPY,-49.44681779152787,-21392.113644708992
2021-11-29T00:00:00,SPY,-50.8573541300114,-22272.247849671916
2021-11-30T00:00:00,SPY,-50.090327949425145,-21509.504974439416
2021-12-01T00:00:00,SPY,-51.33361963306459,-21798.556512225987
2021-12-02T00:00:00,SPY,-52.058039985163596,-22444.760074454134
2021-12-03T00:00:00,SPY,51.076233478275235,21829.84159180515
2021-12-06T00:00:00,SPY,51.26964278739673,22172.017649106634
2021-12-07T00:00:00,SPY,50.81921883370342,22431.82620966606
2021-12-08T00:00:00,SPY,50.04798361201312,22149.898372115513
2021-12-09T00:00:00,SPY,49.94873145391733,21956.723359562442
2021-12-10T00:00:00,SPY,50.20326229501627,22276.35094335374
2021-12-13T00:00:00,SPY,49.85164710610987,21924.381057600378
2021-12-14T00:00:00,SPY,50.18557342517996,21919.390010091953
2021-12-15T00:00:00,SPY,50.446824901825345,22377.769993570637
2021-12-16T00:00:00,SPY,49.86463992177586,21924.455602374033
2021-12-17T00:00:00,SPY,50.19776713163276,21836.02563843169
2021-12-20T00:00:00,SPY,50.60323149072093,21778.337955633753
2021-12-21T00:00:00,SPY,51.01217690549308,22344.22395595576
2021-12-22T00:00:00,SPY,50.3436359514381,22271.87367379041
2021-12-23T00:00:00,SPY,49.9695041509205,22243.909218310142
2021-12-27T00:00:00,SPY,49.73782607049969,22454.117900630397
2021-12-28T00:00:00,SPY,49.21736032411695,22200.99327002853
2021-12-29T00:00:00,SPY,49.247484503506264,22242.99879808685
2021-12-30T00:00:00,SPY,49.200283456833766,22160.250303344008
2021-12-31T00:00:00,SPY,49.302566821162586,22150.35172845638
2022-01-03T00:00:00,SPY,49.39598696495792,22320.819147019818
2022-01-04T00:00:00,SPY,49.18261481883132,22216.95844278612
2022-01-05T00:00:00,SPY,-49.19506079741539,-21795.85757394224
2022-01-06T00:00:00,SPY,-50.33811343773144,-22281.336059425226
2022-01-07T00:00:00,SPY,-50.396546997536134,-22219.00829209561
2022-01-10T00:00:00,SPY,-50.6465698134849,-22301.45379482859
2022-01-11T00:00:00,SPY,-50.7248969724322,-22539.388463157564
2022-01-12T00:00:00,SPY,-50.15254135197775,-22345.312664284258
2022-01-13T00:00:00,SPY,-49.982738254624394,-21962.813000914746
2022-01-14T00:00:00,SPY,-50.85545799459113,-22355.431090727307
2022-01-18T00:00:00,SPY,-50.82757800126106,-21947.487162603124
2022-01-19T00:00:00,SPY,-51.97309776291915,-22209.09693392081
2022-01-20T00:00:00,SPY,-52.655357512305635,-22251.596806929814
2022-01-21T00:00:00,SPY,-53.392516580017436,-22120.18982645731
2022-01-24T00:00:00,SPY,-54.728111240776265,-22769.805381445294
2022-01-25T00:00:00,SPY,-54.43381190112527,-22370.858102461534
2022-01-26T00:00:00,SPY,-55.2758499140983,-22659.92206019692
2022-01-27T00:00:00,SPY,-55.45234150414376,-22620.02173924212
2022-01-28T00:00:00,SPY,-55.79675078984701,-23325.77820035012
2022-01-31T00:00:00,SPY,-54.106715097433394,-23026.659129163472
2022-02-01T00:00:00,SPY,-52.91015297036334,-22669.578513210374
2022-02-02T00:00:00,SPY,-52.4653010958169,-22697.341366881297
2022-02-03T00:00:00,SPY,-51.83358114810215,-21896.973605591647
2022-02-04T00:00:00,SPY,-53.39519216269867,-22662.737740965254
2022-02-07T00:00:00,SPY,-53.08201524687089,-22457.509015219894
2022-02-08T00:00:00,SPY,-53.29538828817346,-22733.300109682445
2022-02-09T00:00:00,SPY,-52.7515885229777,-22830.674368508895
2022-02-10T00:00:00,SPY,-51.79893269110473,-22015.610257296816
2022-02-11T00:00:00,SPY,-52.98638474595141,-22076.227095511174
2022-02-14T00:00:00,SPY,-54.318298693422406,-22557.168744401097
2022-02-15T00:00:00,SPY,-54.540087301095795,-23014.535363021045
2022-02-16T00:00:00,SPY,-53.458585276369476,-22583.4527513018
2022-02-17T00:00:00,SPY,-53.38467991983792,-22070.48244397581
2022-02-18T00:00:00,SPY,-54.84137954622732,-22525.91087611746
2022-02-22T00:00:00,SPY,-55.287816068430715,-22465.57842701552
2022-02-23T00:00:00,SPY,-56.036736210306024,-22365.987259978672
2022-02-24T00:00:00,SPY,-57.30277411186721,-23215.491105050154
2022-02-25T00:00:00,SPY,-56.232286173931904,-23284.453226827587
2022-02-28T00:00:00,SPY,-54.713685029492424,-22597.671937946096
2022-03-01T00:00:00,SPY,-54.89352158432053,-22326.643286206243
2022-03-02T00:00:00,SPY,-55.95451686973229,-23176.843112649534
2022-03-03T00:00:00,SPY,-54.692120667668064,-22541.168594334802
2022-03-04T00:00:00,SPY,-55.03181806328955,-22496.895709602377
2022-03-07T00:00:00,SPY,-55.59438730782556,-22056.90859359217
2022-03-08T00:00:00,SPY,-57.70476569055858,-22720.615766157494
2022-03-09T00:00:00,SPY,-58.2552624068261,-23552.33520852773
2022-03-10T00:00:00,SPY,-56.35656327033589,-22681.817488877605
2022-03-11T00:00:00,SPY,-56.680840251153924,-22522.26714118211
2022-03-14T00:00:00,SPY,-57.59370906517825,-22717.746089920423
2022-03-15T00:00:00,SPY,-58.12382788665146,-23431.020891534317
2022-03-16T00:00:00,SPY,-56.56116409741951,-23306.67426705188
2022-03-17T00:00:00,SPY,-55.02349874476624,-22956.71950322735
2022-03-18T00:00:00,SPY,-54.17484528085625,-22850.21171300846
2022-03-21T00:00:00,SPY,-53.441664490953826,-22534.372274161593
2022-03-22T00:00:00,SPY,-53.46100932372508,-22806.307016749415
2022-03-23T00:00:00,SPY,-52.68810540637023,-22187.130339109342
2022-03-24T00:00:00,SPY,-53.54820446525419,-22889.234579667445
2022-03-25T00:00:00,SPY,-52.55489092487355,-22574.349708396127
2022-03-28T00:00:00,SPY,-52.2348884471288,-22596.489462339705
2022-03-29T00:00:00,SPY,-51.77372773426047,-22674.06769190574
2022-03-30T00:00:00,SPY,-50.981694535077445,-22189.332909254987
2022-03-31T00:00:00,SPY,-51.37786830384797,-22017.59128448723
2022-04-01T00:00:00,SPY,-52.38144482036966,-22511.28079072714
2022-04-04T00:00:00,SPY,-52.196960122244846,-22624.16291195533
2022-04-05T00:00:00,SPY,-51.642680313992436,-22101.177538961012
2022-04-06T00:00:00,SPY,-52.46878263527422,-22230.186404903176
2022-04-07T00:00:00,SPY,-53.128997208537136,-22623.3348539447
2022-04-08T00:00:00,SPY,-52.795443475263085,-22421.1878826582
2022-04-11T00:00:00,SPY,-52.972404197510905,-22111.82573407752
2022-04-12T00:00:00,SPY,-54.12344447237148,-22508.5841665146
2022-04-13T00:00:00,SPY,-54.37668950537178,-22872.915222270654
2022-04-14T00:00:00,SPY,-53.60685645849417,-22268.320564696794
2022-04-18T00:00:00,SPY,-54.45134413402169,-22628.420258130638
2022-04-19T00:00:00,SPY,-54.42258322771132,-22981.555092200637
2022-04-20T00:00:00,SPY,-53.341871839118745,-22508.49554354022
2022-04-21T00:00:00,SPY,-53.38978104575876,-22191.823876357004
2022-04-22T00:00:00,SPY,-54.40298616544092,-21992.488509501138
2022-04-25T00:00:00,SPY,-56.3205204772041,-22899.64896724297
2022-04-26T00:00:00,SPY,-55.911359488694345,-22074.916537716203
2022-04-27T00:00:00,SPY,-57.99625902784895,-22962.454872308215
2022-04-28T00:00:00,SPY,-57.793642357947654,-23460.225730728285
2022-04-29T00:00:00,SPY,-56.01313517658088,-21897.18717416465
2022-05-02T00:00:00,SPY,-58.7037893610926,-23087.182068551192
2022-05-03T00:00:00,SPY,-58.263831938007364,-23019.193992504435
2022-05-04T00:00:00,SPY,-57.931195063712714,-23584.774595333976
2022-05-05T00:00:00,SPY,-55.790887664846295,-21906.119738201272
2022-05-06T00:00:00,SPY,-58.36594303595611,-22780.419222679233
2022-05-09T00:00:00,SPY,-58.79880961753857,-22214.58970633752
2022-05-10T00:00:00,SPY,-61.22801439093592,-23185.810961397256
2022-05-11T00:00:00,SPY,-61.060260418776544,-22754.960978146682
2022-05-12T00:00:00,SPY,-62.29239701232312,-23189.89981654688
2022-05-13T00:00:00,SPY,-62.37065343412975,-23774.148288604203
2022-05-16T00:00:00,SPY,-60.55042918734764,-22986.67472683633
2022-05-17T00:00:00,SPY,-60.860078157164054,-23579.489532131578
2022-05-18T00:00:00,SPY,-59.327829540220186,-22059.245045507905
2022-05-19T00:00:00,SPY,-62.44701030386922,-23076.80593396578
2022-05-20T00:00:00,SPY,-62.92038281885896,-23261.889036816243
2022-05-23T00:00:00,SPY,-62.88702936221389,-23684.556832007547
2022-05-24T00:00:00,SPY,-61.44319383400344,-22964.12743161832
2022-05-25T00:00:00,SPY,-62.037458901409536,-23391.081129008362
2022-05-26T00:00:00,SPY,-61.357523186978604,-23596.9746849551
2022-05-27T00:00:00,SPY,-59.85424327197143,-23583.93632424598
2022-05-31T00:00:00,SPY,-58.05862044463439,-22748.059558602094
2022-06-01T00:00:00,SPY,-58.46930845188729,-22723.669915294082
2022-06-02T00:00:00,SPY,-59.065704394078175,-23392.610995808092
2022-06-03T00:00:00,SPY,-57.68566404104392,-22471.113481506974
2022-06-06T00:00:00,SPY,-58.89247380956264,-23011.073113923485
2022-06-07T00:00:00,SPY,-58.67164873206775,-23144.688786447885
2022-06-08T00:00:00,SPY,-57.97525474618166,-22621.332944195183
2022-06-09T00:00:00,SPY,-58.772304167386736,-22386.931691804126
2022-06-10T00:00:00,SPY,-60.56086424313251,-22399.334221016987
2022-06-13T00:00:00,SPY,-62.813199039603276,-22350.30220601166
2022-06-14T00:00:00,SPY,-65.89617704919759,-23376.64065431861
2022-06-15T00:00:00,SPY,-66.14776281180002,-23800.424508868266
2022-06-16T00:00:00,SPY,-64.98604814525065,-22608.57039085089
2022-06-17T00:00:00,SPY,-67.77297000372926,-23628.960779203644
2022-06-21T00:00:00,SPY,-67.59053055507917,-24158.5796244575
2022-06-22T00:00:00,SPY,-65.51507971532355,-23374.3041138489
2022-06-23T00:00:00,SPY,-65.66921881661425,-23658.9653839495
2022-06-24T00:00:00,SPY,-64.87254067520277,-24115.026703341922
2022-06-27T00:00:00,SPY,-62.37180007180065,-23096.870677333092
2022-06-28T00:00:00,SPY,-62.668215614446275,-22732.453430760048
2022-06-29T00:00:00,SPY,-64.30243825741039,-23306.264505320298
2022-06-30T00:00:00,SPY,-64.36793967613521,-23140.462891518877
2022-07-01T00:00:00,SPY,-65.02678063200375,-23624.569936918622
2022-07-05T00:00:00,SPY,-64.17553446148297,-23359.34029360588
2022-07-06T00:00:00,SPY,-64.02699042353191,-23383.980507511285
2022-07-07T00:00:00,SPY,-63.75753183729208,-23634.316601207556
2022-07-08T00:00:00,SPY,-62.58110005178898,-23179.143369944835
2022-07-11T00:00:00,SPY,-62.646354566342914,-22938.24911435641
2022-07-12T00:00:00,SPY,-63.551099894493206,-23063.614991013033
2022-07-13T00:00:00,SPY,-64.25963747379964,-23198.2782216236
2022-07-14T00:00:00,SPY,-64.6807670270318,-23293.6073270914
2022-07-15T00:00:00,SPY,-64.87596668462585,-23810.27171621038
2022-07-18T00:00:00,SPY,-63.356209462550396,-23060.51175839359
2022-07-19T00:00:00,SPY,-64.01173251575007,-23928.631899907865
2022-07-20T00:00:00,SPY,-61.9081646361509,-23289.776720344835
2022-07-21T00:00:00,SPY,-61.4170288954627,-23340.290924583
2022-07-22T00:00:00,SPY,-60.643150375646584,-22832.370048962537
2022-07-25T00:00:00,SPY,-61.352692110732,-23127.579570223836
2022-07-26T00:00:00,SPY,-61.25965866448313,-22819.305110362413
2022-07-27T00:00:00,SPY,-62.176516573962495,-23762.237358548755
2022-07-28T00:00:00,SPY,-60.2111176132327,-23299.729044021355
2022-07-29T00:00:00,SPY,-59.27705121233259,-23272.682612507895
2022-08-01T00:00:00,SPY,-58.211151552249966,-22786.521492549382
2022-08-02T00:00:00,SPY,-58.42871331231562,-22720.795442665196
2022-08-03T00:00:00,SPY,-58.91344561216733,-23268.04045956463
2022-08-04T00:00:00,SPY,-57.77849866203218,-22804.37537049741
2022-08-05T00:00:00,SPY,-57.82694251535314,-22784.9183124466
2022-08-08T00:00:00,SPY,-57.9491759789484,-22806.571285628226
2022-08-09T00:00:00,SPY,-58.03345839067565,-22749.046618561442
2022-08-10T00:00:00,SPY,-58.32259404088472,-23342.584163694133
2022-08-11T00:00:00,SPY,-56.82402032982229,-22742.806606621612
2022-08-12T00:00:00,SPY,-56.820772440076595,-23126.503497492948
2022-08-15T00:00:00,SPY,-55.63836771204528,-22738.5678705096
2022-08-16T00:00:00,SPY,-55.354126012596794,-22666.713886346315
2022-08-17T00:00:00,SPY,-55.21894100509978,-22450.864052789468
2022-08-18T00:00:00,SPY,-55.71261704606556,-22717.416375697514
2022-08-19T00:00:00,SPY,-55.51067616916997,-22330.904197678905
2022-08-22T00:00:00,SPY,-56.45608436123507,-22238.314889463567
2022-08-23T00:00:00,SPY,-57.953523087288104,-22772.940183458097
2022-08-24T00:00:00,SPY,-58.1282131509871,-22914.704670226725
2022-08-25T00:00:00,SPY,-57.89626691979748,-23145.47622078357
2022-08-26T00:00:00,SPY,-56.88849971615427,-21972.781976441416
2022-08-29T00:00:00,SPY,-59.37953337848186,-22783.273507014153
2022-08-30T00:00:00,SPY,-59.867838589894234,-22718.459862612326
2022-08-31T00:00:00,SPY,-60.698679124531964,-22858.485711195375
2022-09-01T00:00:00,SPY,-61.28099614315851,-23150.19230535618
2022-09-02T00:00:00,SPY,-61.04033428059224,-22816.131087696038
2022-09-06T00:00:00,SPY,-61.85276523138887,-23032.570685572857
2022-09-07T00:00:00,SPY,-62.14575766717964,-23557.418332569552
2022-09-08T00:00:00,SPY,-60.77464471219698,-23188.25335930614
2022-09-09T00:00:00,SPY,-60.282858395694774,-23357.9335133067
2022-09-12T00:00:00,SPY,-59.129237550176924,-23157.176967378327
2022-09-13T00:00:00,SPY,-58.34134277467218,-21855.092883799658
2022-09-14T00:00:00,SPY,-61.6608088876005,-23186.729754954973
2022-09-15T00:00:00,SPY,-61.36943637916747,-22815.16298788622
2022-09-16T00:00:00,SPY,-62.250558962651844,-22966.18185055148
2022-09-19T00:00:00,SPY,-62.84591637923916,-23365.633384253484
2022-09-20T00:00:00,SPY,-62.23990876593005,-22874.703095203404
2022-09-21T00:00:00,SPY,-63.14446927166836,-22802.335396726074
2022-09-22T00:00:00,SPY,-64.54660630498279,-23112.875496258963
2022-09-23T00:00:00,SPY,-65.22878767057924,-22965.804434047543
2022-09-26T00:00:00,SPY,-66.61624842159148,-23222.280265733945
2022-09-27T00:00:00,SPY,-67.44623939331251,-23451.59341730189
2022-09-28T00:00:00,SPY,-67.66381051298266,-23990.174282305023
2022-09-29T00:00:00,SPY,-66.03177192686954,-22922.489923099452
2022-09-30T00:00:00,SPY,-67.79629638212681,-23171.09947199335
2022-10-03T00:00:00,SPY,-69.12543785742831,-24249.10782722671
2022-10-04T00:00:00,SPY,-66.90590433765347,-24197.767438916522
2022-10-05T00:00:00,SPY,-64.38298766267731,-23231.096444392046
2022-10-06T00:00:00,SPY,-64.5775032720107,-23060.908629691996
2022-10-07T00:00:00,SPY,-65.4186385512475,-22709.644754567893
2022-10-10T00:00:00,SPY,-67.76229006218934,-23343.625028234695
2022-10-11T00:00:00,SPY,-68.41498937180788,-23419.216271366313
2022-10-12T00:00:00,SPY,-68.95897242208838,-23527.562704773012
2022-10-13T00:00:00,SPY,-69.2442072822006,-24248.367084684396
2022-10-14T00:00:00,SPY,-67.01711623535769,-22933.654762635037
2022-10-17T00:00:00,SPY,-68.96578998570459,-24206.962819617936
2022-10-18T00:00:00,SPY,-66.81376976620726,-23727.15231146349
2022-10-19T00:00:00,SPY,-65.83099936944862,-23212.47485908403
2022-10-20T00:00:00,SPY,-66.41936720744725,-23223.55566219102
2022-10-21T00:00:00,SPY,-67.1210197648384,-24039.22075594166
2022-10-24T00:00:00,SPY,-65.13006276804998,-23611.589650126014
2022-10-25T00:00:00,SPY,-64.14306988618219,-23625.107458086375
2022-10-26T00:00:00,SPY,-62.88252822468698,-22986.329377499183
2022-10-27T00:00:00,SPY,-63.48147686150991,-23081.35973876256
2022-10-28T00:00:00,SPY,-63.907661445390175,-23789.123793827348
2022-10-31T00:00:00,SPY,-62.051133297044075,-22931.198173045486
2022-11-01T00:00:00,SPY,-62.617886573220815,-23039.382648453386
2022-11-02T00:00:00,SPY,-62.96313499513343,-22585.02332400905
2022-11-03T00:00:00,SPY,-64.9888728987334,-23071.62702022509
2022-11-04T00:00:00,SPY,-65.8286302511794,-23706.113593829006
2022-11-07T00:00:00,SPY,-64.66410396031286,-23509.494604259202
2022-11-08T00:00:00,SPY,-63.89677249334897,-23355.859575737446
2022-11-09T00:00:00,SPY,-63.46727601734135,-22720.924556843114
2022-11-10T00:00:00,SPY,-65.13652896415043,-24599.954743797785
2022-11-11T00:00:00,SPY,-60.90930637186069,-23226.110020650965
2022-11-14T00:00:00,SPY,-60.17549519232343,-22751.091649161055
2022-11-15T00:00:00,SPY,-60.82144202369364,-23191.43783595818
2022-11-16T00:00:00,SPY,-60.180690756441734,-22772.060798205363
2022-11-17T00:00:00,SPY,-60.759426667322145,-22920.700099571815
2022-11-18T00:00:00,SPY,-60.990493224572084,-23112.32953914303
2022-11-21T00:00:00,SPY,-60.646337060865314,-22898.34897501771
2022-11-22T00:00:00,SPY,-60.92315551224968,-23312.419852269755
2022-11-23T00:00:00,SPY,-59.91220139751579,-23070.042611271696
2022-11-25T00:00:00,SPY,-59.4430707504815,-22884.27793083389
2022-11-28T00:00:00,SPY,-59.45968810874908,-22525.404992902535
2022-11-29T00:00:00,SPY,-60.664890054756754,-22942.508716303542
2022-11-30T00:00:00,SPY,-60.79499522537914,-23715.962885358145
2022-12-01T00:00:00,SPY,-58.47423194072541,-22793.858054974233
2022-12-02T00:00:00,SPY,-58.5256087428182,-22787.565883991716
2022-12-05T00:00:00,SPY,-58.60992324588967,-22409.867603273542
2022-12-06T00:00:00,SPY,-59.9518312077489,-22592.52412006652
2022-12-07T00:00:00,SPY,-61.04721461600972,-22966.17713025937
2022-12-08T00:00:00,SPY,-61.176218019840036,-23195.00376173263
2022-12-09T00:00:00,SPY,-60.58192628045845,-22798.09110563932
2022-12-12T00:00:00,SPY,-61.15214367628139,-23344.453872925347
2022-12-13T00:00:00,SPY,-60.06583338389683,-23103.339922326228
2022-12-14T00:00:00,SPY,-59.493697393074044,-22736.97220969616
2022-12-15T00:00:00,SPY,-59.97213740286251,-22359.156784209295
2022-12-16T00:00:00,SPY,-61.85016482045041,-22787.09525600215
2022-12-19T00:00:00,SPY,-62.769839055086216,-22929.823356173074
2022-12-20T00:00:00,SPY,-63.44064061107354,-23206.5797529447
2022-12-21T00:00:00,SPY,-63.33167308578454,-23513.120579837465
2022-12-22T00:00:00,SPY,-62.165168861080204,-22750.770945623284
2022-12-23T00:00:00,SPY,-63.291773487390685,-23296.31538165183
2022-12-27T00:00:00,SPY,-62.8380870245587,-23038.113374022796
2022-12-28T00:00:00,SPY,-63.14892816787189,-22864.342520019683
2022-12-29T00:00:00,SPY,-64.14215755368097,-23642.004935677942
2022-12-30T00:00:00,SPY,-62.72598792728105,-23059.12063706222
2023-01-03T00:00:00,SPY,-62.93512987566735,-23038.607756331665
2023-01-04T00:00:00,SPY,-63.26789387407362,-23339.222531074807
2023-01-05T00:00:00,SPY,-62.66241670703928,-22852.02989768582
2023-01-06T00:00:00,SPY,-63.56732647039309,-23713.652629431326
2023-01-09T00:00:00,SPY,-61.78754626162109,-23036.64224915763
2023-01-10T00:00:00,SPY,-61.82805128342368,-23213.402988054706
2023-01-11T00:00:00,SPY,-61.28980434877634,-23302.363786991005
2023-01-12T00:00:00,SPY,-60.332155919805004,-23021.77707704781
2023-01-13T00:00:00,SPY,-60.05753417518534,-23005.895487990423
2023-01-17T00:00:00,SPY,-59.767881101836885,-22852.999356154676
2023-01-18T00:00:00,SPY,-59.90488483818801,-22543.75039363998
2023-01-19T00:00:00,SPY,-61.106141049237664,-22828.40804456672
2023-01-20T00:00:00,SPY,-61.66417183492018,-23466.034499435813
2023-01-23T00:00:00,SPY,-60.25481285515522,-23204.834909374615
2023-01-24T00:00:00,SPY,-59.36053927389746,-22835.907794749673
2023-01-25T00:00:00,SPY,-59.4408915320674,-22875.38666884612
2023-01-26T00:00:00,SPY,-59.41282052902994,-23115.873437859624
2023-01-27T00:00:00,SPY,-58.60542541890304,-22854.128894706402
2023-01-30T00:00:00,SPY,-58.43773186803945,-22502.80865988779
2023-01-31T00:00:00,SPY,-59.36612253266354,-23196.431888441046
2023-02-01T00:00:00,SPY,-58.29078873788073,-23018.32233822435
2023-02-02T00:00:00,SPY,-57.52498496667661,-23046.591379297606
2023-02-03T00:00:00,SPY,-56.49111187367372,-22391.819626400218
2023-02-06T00:00:00,SPY,-57.25260995679981,-22554.97739492319
2023-02-07T00:00:00,SPY,-57.69116771091153,-23024.992576602042
2023-02-08T00:00:00,SPY,-56.75979054368225,-22405.56356113669
2023-02-09T00:00:00,SPY,-57.545003611235465,-22518.597285193882
2023-02-10T00:00:00,SPY,-58.17555053492286,-22818.472008869285
2023-02-13T00:00:00,SPY,-58.0055264074013,-23018.8633218214
2023-02-14T00:00:00,SPY,-57.164118068804015,-22674.518663812556
2023-02-15T00:00:00,SPY,-57.19751484308947,-22761.44277127519
2023-02-16T00:00:00,SPY,-56.96602621779141,-22357.19387099671
2023-02-17T00:00:00,SPY,-57.96080449688764,-22690.781161782077
2023-02-21T00:00:00,SPY,-58.140526707120934,-22304.53216271313
2023-02-22T00:00:00,SPY,-59.627766314924216,-22843.557772347962
2023-02-23T00:00:00,SPY,-59.730468107468106,-23004.63164128206
2023-02-24T00:00:00,SPY,-59.335544771264814,-22608.408880063416
2023-02-27T00:00:00,SPY,-60.13757037176693,-22992.040433643928
2023-02-28T00:00:00,SPY,-59.88387986447268,-22810.432861361984
2023-03-01T00:00:00,SPY,-60.16153917019582,-22828.287592602235
2023-03-02T00:00:00,SPY,-60.45087784126526,-23116.47435159735
2023-03-03T00:00:00,SPY,59.86724725868442,23260.448052757547
2023-03-06T00:00:00,SPY,58.9689705915325,22927.313205578303
2023-03-07T00:00:00,SPY,58.93848369900461,22564.194145445177
2023-03-08T00:00:00,SPY,59.626609996000035,22864.89247109096
2023-03-09T00:00:00,SPY,59.55343654393564,22415.49877837531
2023-03-10T00:00:00,SPY,60.392996102266046,22403.50511616167
2023-03-13T00:00:00,SPY,61.0561218450325,22617.21441278868
2023-03-14T00:00:00,SPY,61.12300428381125,23016.263831389155
2023-03-15T00:00:00,SPY,60.3773060629143,22593.273423951312
2023-03-16T00:00:00,SPY,60.65922329487215,23097.01556327223
2023-03-17T00:00:00,SPY,59.875123831559314,22531.883616683743
2023-03-20T00:00:00,SPY,60.405413483412495,22950.016331876814
2023-03-21T00:00:00,SPY,59.973464602596685,23085.09478458786
2023-03-22T00:00:00,SPY,59.391293791265625,22471.305361179642
2023-03-23T00:00:00,SPY,60.16348035341935,22825.01058274956
2023-03-24T00:00:00,SPY,60.040065549744604,22927.65528189483
2023-03-27T00:00:00,SPY,59.746363444991275,22858.16405367557
2023-03-28T00:00:00,SPY,59.66305239641551,22775.05201350304
2023-03-29T00:00:00,SPY,59.763653720011064,23145.04705485366
2023-03-30T00:00:00,SPY,59.12118167088032,23030.2965553765
2023-03-31T00:00:00,SPY,58.863912756688286,23253.266470955205
2023-04-03T00:00:00,SPY,58.25037416108337,23098.582535656766
2023-04-04T00:00:00,SPY,58.08409872141879,22904.862006061718
2023-04-05T00:00:00,SPY,58.327141345509204,22940.480499911253
2023-04-06T00:00:00,SPY,58.44200248563699,23075.32030528485
2023-04-10T00:00:00,SPY,58.27170112976969,23031.690700688
2023-04-11T00:00:00,SPY,58.226563652185874,23020.032219311895
2023-04-12T00:00:00,SPY,58.21483717039727,22921.58758830497
2023-04-13T00:00:00,SPY,58.393535030567286,23297.34002359729
2023-04-14T00:00:00,SPY,57.81926046803661,23011.875099868335
2023-04-17T00:00:00,SPY,57.9249943653785,23136.679560915847
2023-04-18T00:00:00,SPY,57.76963205974947,23089.67464164368
2023-04-19T00:00:00,SPY,57.74148504856188,23074.523337654937
2023-04-20T00:00:00,SPY,57.748762755873976,22951.49746250198
2023-04-21T00:00:00,SPY,57.986422265533704,23063.85525060234
2023-04-24T00:00:00,SPY,57.95252957753441,23074.421834519977
2023-04-25T00:00:00,SPY,57.90721566621806,22690.38614803204
2023-04-26T00:00:00,SPY,58.60766909503399,22867.58282378386
2023-04-27T00:00:00,SPY,58.794095655040756,23397.02137095446
2023-04-28T00:00:00,SPY,57.933003931601746,23251.121533647703
2023-05-01T00:00:00,SPY,57.56449808096873,23079.892433831254
2023-05-02T00:00:00,SPY,57.607900564704195,22837.69825899031
2023-05-03T00:00:00,SPY,58.09902509785217,22874.303199022128
2023-05-04T00:00:00,SPY,58.39984074276422,22829.885740608326
2023-05-05T00:00:00,SPY,58.7123667195719,23376.959150297575
2023-05-08T00:00:00,SPY,57.91116743579234,23064.099752947124
2023-05-09T00:00:00,SPY,57.89945457267027,22958.310527515223
2023-05-10T00:00:00,SPY,58.09071082671429,23141.773467172723
2023-05-11T00:00:00,SPY,57.88767423416834,23020.670936331302
2023-05-12T00:00:00,SPY,57.963336444546385,23020.55794462512
2023-05-15T00:00:00,SPY,58.0202830827678,23122.672841875556
2023-05-16T00:00:00,SPY,57.870630237379,22908.90878984722
2023-05-17T00:00:00,SPY,58.16246918576454,23303.928910007307
2023-05-18T00:00:00,SPY,57.638820130988,23316.591380293172
2023-05-19T00:00:00,SPY,57.22605584590819,23115.931558922068
2023-05-22T00:00:00,SPY,57.2886738805278,23150.62620139021
2023-05-23T00:00:00,SPY,57.271202396171226,22883.82854422905
2023-05-24T00:00:00,SPY,57.758709924605554,22911.421453032992
2023-05-25T00:00:00,SPY,58.07514916433409,23236.439992179912
2023-05-26T00:00:00,SPY,57.700383038244695,23385.478539288764
2023-05-30T00:00:00,SPY,57.14711533934433,23170.06840504826
2023-05-31T00:00:00,SPY,57.131243591940745,23035.18560712697
2023-06-01T00:00:00,SPY,57.37014889500882,23351.287596399474
2023-06-02T00:00:00,SPY,56.965061691556656,23521.70807390247
2023-06-05T00:00:00,SPY,56.35651576154379,23225.83446568574
2023-06-06T00:00:00,SPY,56.43757167481855,23309.883124527936
2023-06-07T00:00:00,SPY,56.345598424885075,23191.430809506866
2023-06-08T00:00:00,SPY,56.49220918792907,23392.415626359212
2023-06-09T00:00:00,SPY,56.237414678189204,23328.6930952905
2023-06-12T00:00:00,SPY,56.16189786369817,23508.717783063803
2023-06-13T00:00:00,SPY,55.783228875861724,23504.15828043734
2023-06-14T00:00:00,SPY,55.50939053022891,23416.62995793085
2023-06-15T00:00:00,SPY,55.459822998237954,23685.768613891327
2023-06-16T00:00:00,SPY,54.95042275899639,23388.278717659297
2023-06-20T00:00:00,SPY,55.09168080537517,23326.74705610709
2023-06-21T00:00:00,SPY,55.30727735229272,23298.04880574408
2023-06-22T00:00:00,SPY,55.520947673541784,23472.47860989127
2023-06-23T00:00:00,SPY,55.371222837959806,23232.204069615254
2023-06-26T00:00:00,SPY,55.68720774933231,23269.321558747084
2023-06-27T00:00:00,SPY,55.858536316719515,23596.80521264955
2023-06-28T00:00:00,SPY,55.404069697417704,23416.626094941435
2023-06-29T00:00:00,SPY,55.38265898683482,23499.833365214046
2023-06-30T00:00:00,SPY,55.219578214517526,23707.134294840307
2023-07-03T00:00:00,SPY,54.73679931657031,23526.906336205117
2023-07-05T00:00:00,SPY,54.68933539361875,23471.54185989959
2023-07-06T00:00:00,SPY,54.75036686011893,23313.733112586986
2023-07-07T00:00:00,SPY,55.074558116137446,23392.572326950598
2023-07-10T00:00:00,SPY,55.17917322720289,23496.326906427945
2023-07-11T00:00:00,SPY,55.07467502929815,23601.185718734963
2023-07-12T00:00:00,SPY,54.813284511881555,23678.16462551078
2023-07-13T00:00:00,SPY,54.48563314558607,23723.43176434319
2023-07-14T00:00:00,SPY,54.16407542144484,23568.735076148547
2023-07-17T00:00:00,SPY,54.18943513068356,23661.64453111362
2023-07-18T00:00:00,SPY,54.04879716224365,23775.598750718946
2023-07-19T00:00:00,SPY,53.74972976575906,23696.62013501826
2023-07-20T00:00:00,SPY,53.660306109206296,23500.243501025165
2023-07-21T00:00:00,SPY,53.92900961849343,23617.920762965798
2023-07-24T00:00:00,SPY,53.928643606242325,23723.267595237485
2023-07-25T00:00:00,SPY,53.7487615698435,23708.685674846347
2023-07-26T00:00:00,SPY,53.638915687311034,23663.871332441322
2023-07-27T00:00:00,SPY,53.63262978816337,23504.223395945734
2023-07-28T00:00:00,SPY,53.90111072090878,23853.149614376776
2023-07-31T00:00:00,SPY,53.50856723803214,23724.522661398725
2023-08-01T00:00:00,SPY,53.43225640402609,23622.894961131486
2023-08-02T00:00:00,SPY,53.54716941523806,23344.381033332727
2023-08-03T00:00:00,SPY,54.11387251181419,23523.82949724161
2023-08-04T00:00:00,SPY,54.23096727688214,23468.106849532367
2023-08-07T00:00:00,SPY,54.41559423530733,23753.54607736538
2023-08-08T00:00:00,SPY,54.0621806187213,23496.644913512915
2023-08-09T00:00:00,SPY,54.238629565197144,23415.745630324353
2023-08-10T00:00:00,SPY,54.51230447531128,23542.34179125804
2023-08-11T00:00:00,SPY,54.49715895985012,23522.075126000243
2023-08-14T00:00:00,SPY,54.52098719101116,23662.26151495956
2023-08-15T00:00:00,SPY,54.29650798718373,23290.328692100888
2023-08-16T00:00:00,SPY,54.77615836344001,23323.654129784634
2023-08-17T00:00:00,SPY,55.07979160057859,23274.235893660512
2023-08-18T00:00:00,SPY,55.39659824561904,23419.370052809463
2023-08-21T00:00:00,SPY,55.37702309476513,23563.41510885749
2023-08-22T00:00:00,SPY,55.10854785895853,23385.66243042318
2023-08-23T00:00:00,SPY,55.22098162838065,23694.366354147543
2023-08-24T00:00:00,SPY,54.76467822999045,23172.90781007475
2023-08-25T00:00:00,SPY,55.34217416081087,23582.352938087315
2023-08-28T00:00:00,SPY,55.0508067972798,23606.952894688267
2023-08-29T00:00:00,SPY,54.79089731793483,23835.120500527828
2023-08-30T00:00:00,SPY,54.20525582782742,23677.47872225959
2023-08-31T00:00:00,SPY,54.038388882595804,23570.046839470775
2023-09-01T00:00:00,SPY,54.0977811548006,23639.96268068067
2023-09-05T00:00:00,SPY,54.02213045739676,23504.87761827627
2023-09-06T00:00:00,SPY,54.19795151505846,23422.850175304542
2023-09-07T00:00:00,SPY,54.47307805754205,23469.47499322056
2023-09-08T00:00:00,SPY,54.5992733151344,23559.271516576177
2023-09-11T00:00:00,SPY,54.537647041481044,23687.450347835824
2023-09-12T00:00:00,SPY,54.27046180210451,23442.10013865134
2023-09-13T00:00:00,SPY,54.49464708595894,23566.382091139738
2023-09-14T00:00:00,SPY,54.446935857395566,23748.770425169125
2023-09-15T00:00:00,SPY,54.09789774055604,23312.226724999524
2023-09-18T00:00:00,SPY,54.59224797737116,23539.051762573476
2023-09-19T00:00:00,SPY,54.56815339834299,23479.869741855753
2023-09-20T00:00:00,SPY,54.65317897138569,23300.25903511463
2023-09-21T00:00:00,SPY,55.03341618357812,23074.571900982646
2023-09-22T00:00:00,SPY,55.72759194931996,23313.08911535368
2023-09-25T00:00:00,SPY,55.82109295186833,23450.40571576893
2023-09-26T00:00:00,SPY,55.645807530618534,23033.332849564573
2023-09-27T00:00:00,SPY,56.26769278169648,23300.044958901897
2023-09-28T00:00:00,SPY,56.25017805088779,23427.82836844687
2023-09-29T00:00:00,SPY,56.006999545587895,23269.93406834079
2023-10-02T00:00:00,SPY,56.10954721111182,23303.272010840858
2023-10-03T00:00:00,SPY,56.12629841512334,22998.194400819244
2023-10-04T00:00:00,SPY,56.69744680769214,23401.407457846595
2023-10-05T00:00:00,SPY,56.38965068935431,23265.594103720472
2023-10-06T00:00:00,SPY,56.405428064400546,23548.408981072527
2023-10-09T00:00:00,SPY,55.909070495078616,23490.623885831505
2023-10-10T00:00:00,SPY,55.64157182546354,23499.912551810994
2023-10-11T00:00:00,SPY,55.425491532053755,23504.542317711654
2023-10-12T00:00:00,SPY,55.255959477551386,23289.789977354587
2023-10-13T00:00:00,SPY,55.51015923201219,23280.396329236966
2023-10-16T00:00:00,SPY,55.7182374002407,23613.524360920772
2023-10-17T00:00:00,SPY,55.28278230051389,23427.901064200807
2023-10-18T00:00:00,SPY,55.2837179120547,23116.115291293183
2023-10-19T00:00:00,SPY,55.84367195393444,23145.08539158775
2023-10-20T00:00:00,SPY,56.21448042208675,23012.47354107054
2023-10-23T00:00:00,SPY,56.73896099186436,23186.923228291475
2023-10-24T00:00:00,SPY,56.81313787267743,23392.280710265997
2023-10-25T00:00:00,SPY,56.49416476299826,22927.100261977677
2023-10-26T00:00:00,SPY,57.110678521047106,22899.759466038307
2023-10-27T00:00:00,SPY,57.629983977095804,23003.24869838504
2023-10-30T00:00:00,SPY,57.82606707849488,23357.469321391785
2023-10-31T00:00:00,SPY,57.31327109209851,23295.731831766436
2023-11-01T00:00:00,SPY,57.04498016984483,23433.95703707231
2023-11-02T00:00:00,SPY,56.59358389353589,23694.06934351352
2023-11-03T00:00:00,SPY,55.796300148171056,23573.391926858636
2023-11-06T00:00:00,SPY,55.418760120123395,23467.75114790141
2023-11-07T00:00:00,SPY,55.323383794234985,23494.036941896386
2023-11-08T00:00:00,SPY,55.20559578170523,23461.1870952796
2023-11-09T00:00:00,SPY,55.17529013454917,23265.442039198857
2023-11-10T00:00:00,SPY,55.50055657423053,23767.784766855406
2023-11-13T00:00:00,SPY,54.860470265760775,23471.27905363395
2023-11-14T00:00:00,SPY,54.89898204454044,23943.43676086143
2023-11-15T00:00:00,SPY,54.11522612601744,23651.577478000956
2023-11-16T00:00:00,SPY,54.029790585195,23643.120109048792
2023-11-17T00:00:00,SPY,53.98023357752594,23650.81466839153
2023-11-20T00:00:00,SPY,53.92992222358363,23810.65809096532
2023-11-21T00:00:00,SPY,53.62092312857041,23622.634847272402
2023-11-22T00:00:00,SPY,53.70846211321444,23752.54933999501
2023-11-24T00:00:00,SPY,53.5534300161238,23698.562955959595
2023-11-27T00:00:00,SPY,53.52867126432134,23644.94447311839
2023-11-28T00:00:00,SPY,53.601088804238586,23700.378669355905
2023-11-29T00:00:00,SPY,53.56130895129792,23666.131704061918
2023-11-30T00:00:00,SPY,53.58961753061558,23771.870577765592
2023-12-01T00:00:00,SPY,53.43196394087208,23842.15174727321
2023-12-04T00:00:00,SPY,53.19617730710535,23612.337939478108
2023-12-05T00:00:00,SPY,53.40617405460366,23700.878706326606
2023-12-06T00:00:00,SPY,53.41415382386382,23608.896243227802
2023-12-07T00:00:00,SPY,53.57623004613752,23861.225693844146
2023-12-08T00:00:00,SPY,53.27169438748411,23827.59262756141
2023-12-11T00:00:00,SPY,53.100424382122576,23843.369119192834
2023-12-12T00:00:00,SPY,52.94600688887627,23882.615856361717
2023-12-13T00:00:00,SPY,52.76537724665992,24129.356778702997
2023-12-14T00:00:00,SPY,52.22704367666385,23959.82888836728
2023-12-15T00:00:00,SPY,52.10210163977583,23863.155288416776
2023-12-18T00:00:00,SPY,52.16645840036198,24027.02730080156
2023-12-19T00:00:00,SPY,51.947531655099844,24071.68368360572
2023-12-20T00:00:00,SPY,51.71203402024934,23630.50421788205
2023-12-21T00:00:00,SPY,52.25682293526518,24105.877222432624
2023-12-22T00:00:00,SPY,51.88760063986933,23983.65943084554
2023-12-26T00:00:00,SPY,51.809635862056346,24048.743418246602
2023-12-27T00:00:00,SPY,51.64623543822402,24016.240254245848
2023-12-28T00:00:00,SPY,51.576249803903245,23992.752624231864
2023-12-29T00:00:00,SPY,51.561635468610255,23916.51874884961
2024-01-02T00:00:00,SPY,51.67390034888105,23834.457225013528
2024-01-03T00:00:00,SPY,-51.892151842822344,-23739.64911674614
2024-01-04T00:00:00,SPY,-52.26179828847385,-23831.743657544863
2024-01-05T00:00:00,SPY,52.47266474946226,23960.676430370724
2024-01-08T00:00:00,SPY,52.364974926006454,24252.861788152648
2024-01-09T00:00:00,SPY,51.81218467500672,23960.43000911508
2024-01-10T00:00:00,SPY,51.870225588395925,24122.930029730276
2024-01-11T00:00:00,SPY,51.65142002963566,24010.58378178907
2024-01-12T00:00:00,SPY,51.66853814438683,24035.179656366086
2024-01-16T00:00:00,SPY,51.641692625165916,23934.501422375957
2024-01-17T00:00:00,SPY,51.78437359697777,23867.216772404627
2024-01-18T00:00:00,SPY,52.001653718903924,24180.499195320226
2024-01-19T00:00:00,SPY,51.657600111320484,24319.957668131392
2024-01-22T00:00:00,SPY,51.18064957999976,24146.36134982606
2024-01-23T00:00:00,SPY,51.09986735432485,24178.56313114829
2024-01-24T00:00:00,SPY,50.98840757562746,24152.194751143812
2024-01-25T00:00:00,SPY,50.94678154785219,24263.73121436569
2024-01-26T00:00:00,SPY,50.74011637689801,24134.605725924397
2024-01-29T00:00:00,SPY,50.78839905433463,24348.883510205018
2024-01-30T00:00:00,SPY,50.48908533535244,24186.66782679643
2024-01-31T00:00:00,SPY,50.51817144519367,23805.71086066494
2024-02-01T00:00:00,SPY,51.146693474567556,24417.339061064285
2024-02-02T00:00:00,SPY,50.65032063131928,24434.930849070417
2024-02-05T00:00:00,SPY,50.254497915144576,24155.698294157894
2024-02-06T00:00:00,SPY,50.391960956864544,24292.094670696384
2024-02-07T00:00:00,SPY,50.28243332324774,24441.462516363223
2024-02-08T00:00:00,SPY,49.970586700699506,24300.605728661925
2024-02-09T00:00:00,SPY,49.953925874970594,24432.899925100814
2024-02-12T00:00:00,SPY,49.738640040775884,24316.92178549661
2024-02-13T00:00:00,SPY,49.75493962754404,23989.864649028525
2024-02-14T00:00:00,SPY,50.27611908137882,24461.452343142388
2024-02-15T00:00:00,SPY,49.93563157405544,24463.424457654335
2024-02-16T00:00:00,SPY,49.67899117239672,24216.494838991006
2024-02-20T00:00:00,SPY,49.86533396368305,24173.509577428904
2024-02-21T00:00:00,SPY,50.0724651276204,24295.907927346754
2024-02-22T00:00:00,SPY,50.03854285836262,24781.924302735093
2024-02-23T00:00:00,SPY,49.277711246100715,24421.94977949624
2024-02-26T00:00:00,SPY,49.25261319877462,24320.111604497113
2024-02-27T00:00:00,SPY,49.38839708896409,24432.463251010242
2024-02-28T00:00:00,SPY,49.31961474752772,24366.191006413614
2024-02-29T00:00:00,SPY,49.36848583102821,24478.015587708844
2024-03-01T00:00:00,SPY,49.23579591364818,24641.414480317882
2024-03-04T00:00:00,SPY,48.89234834567667,24443.28402150943
2024-03-05T00:00:00,SPY,48.93145017414602,24218.348592709634
2024-03-06T00:00:00,SPY,49.301947045701866,24525.373021220435
2024-03-07T00:00:00,SPY,49.114771398853506,24674.785711163404
2024-03-08T00:00:00,SPY,48.75295467012131,24346.002274925522
2024-03-11T00:00:00,SPY,48.97372358576133,24435.220280702357
2024-03-12T00:00:00,SPY,49.005383805485366,24714.044071185755
2024-03-13T00:00:00,SPY,48.614172232491555,24478.32170459643
2024-03-14T00:00:00,SPY,48.671327769698856,24458.655236919807
2024-03-15T00:00:00,SPY,48.74358138302061,24326.768925331762
2024-03-18T00:00:00,SPY,48.996426110603984,24598.285803419192
2024-03-19T00:00:00,SPY,48.77871151315187,24625.072389631754
2024-03-20T00:00:00,SPY,48.57637637187632,24749.74529530584
2024-03-21T00:00:00,SPY,48.242424277761124,24660.822675793337
2024-03-22T00:00:00,SPY,48.12358963281438,24553.44025873501
2024-03-25T00:00:00,SPY,48.192092843771434,24520.46274735128
2024-03-26T00:00:00,SPY,48.29224336727441,24526.031079380085
2024-03-27T00:00:00,SPY,48.359163871369866,24766.417909912343
2024-03-28T00:00:00,SPY,48.05678179445043,24606.855635895525
2024-04-01T00:00:00,SPY,48.0635606415703,24567.506847432076
2024-04-02T00:00:00,SPY,48.12638472517838,24443.217201494685
2024-04-03T00:00:00,SPY,48.35743528456718,24587.542214488578
2024-04-04T00:00:00,SPY,48.317683057020275,24267.460470375045
2024-04-05T00:00:00,SPY,48.76553848521084,24748.263739026832
2024-04-08T00:00:00,SPY,48.38693581984326,24569.857668798068
2024-04-09T00:00:00,SPY,48.366640689206086,24587.959958816267
2024-04-10T00:00:00,SPY,48.324740105570775,24320.674574793207
2024-04-11T00:00:00,SPY,48.69118053262517,24690.03044110087
2024-04-12T00:00:00,SPY,48.41723427088823,24212.240153584746
2024-04-15T00:00:00,SPY,48.92488660573904,24159.590669989226
2024-04-16T00:00:00,SPY,49.389148251276595,24344.36605723826
2024-04-17T00:00:00,SPY,49.456542026488684,24233.311667275448
2024-04-18T00:00:00,SPY,49.67726182955983,24291.37602287401
2024-04-19T00:00:00,SPY,49.75384284944466,24116.47171373421
2024-04-22T00:00:00,SPY,50.08238760336967,24499.280603497544
2024-04-23T00:00:00,SPY,49.739070872899106,24620.070498682573
2024-04-24T00:00:00,SPY,49.30180366280829,24392.047802743018
2024-04-25T00:00:00,SPY,49.31939297343031,24308.050479105677
2024-04-26T00:00:00,SPY,49.46050180308172,24608.552829691027
2024-04-29T00:00:00,SPY,49.11210613927636,24521.745937389398
2024-04-30T00:00:00,SPY,48.98230520247412,24069.508349880194
2024-05-01T00:00:00,SPY,49.57348078069611,24280.907224868635
2024-05-02T00:00:00,SPY,49.69455635401518,24567.875204904256
2024-05-03T00:00:00,SPY,49.348900977096626,24699.400538673057
2024-05-06T00:00:00,SPY,48.89665064270849,24725.774419477413
2024-05-07T00:00:00,SPY,48.52218175335287,24563.488256643504
2024-05-08T00:00:00,SPY,48.48211004044317,24545.577355686793
2024-05-09T00:00:00,SPY,48.47854079028176,24685.184795331177
2024-05-10T00:00:00,SPY,48.270249836037976,24610.78456773233
2024-05-13T00:00:00,SPY,48.22376141519013,24590.386160524162
2024-05-14T00:00:00,SPY,48.21892284961042,24700.734782660496
2024-05-15T00:00:00,SPY,48.053748423166084,24920.939659158663
2024-05-16T00:00:00,SPY,47.61306115221257,24641.59287683562
2024-05-17T00:00:00,SPY,47.686538798080704,24715.09423699435
2024-05-20T00:00:00,SPY,47.63517328760691,24716.924410965872
2024-05-21T00:00:00,SPY,47.594031754970814,24756.14426095083
2024-05-22T00:00:00,SPY,47.50667007302483,24639.54726232839
2024-05-23T00:00:00,SPY,47.60950244497395,24512.521222609957
2024-05-24T00:00:00,SPY,47.8720394843469,24810.777244914094
2024-05-28T00:00:00,SPY,47.635704523203934,24705.538265678962
2024-05-29T00:00:00,SPY,47.61076699777165,24519.69611224375
2024-05-30T00:00:00,SPY,47.862515908516,24485.83243096081
2024-05-31T00:00:00,SPY,48.10232859554361,24832.653917394022
2024-06-03T00:00:00,SPY,47.776503220026505,24684.559712205537
2024-06-04T00:00:00,SPY,47.747439986145174,24697.118533946945
2024-06-05T00:00:00,SPY,47.70742742624548,24969.704700843093
2024-06-06T00:00:00,SPY,47.28719520391622,24749.29656251814
2024-06-07T00:00:00,SPY,47.28775918673626,24719.50294192014
2024-06-10T00:00:00,SPY,47.33092855099153,24818.51433408864
2024-06-11T00:00:00,SPY,47.22158933299635,24820.81618920829
2024-06-12T00:00:00,SPY,47.13637563382256,24979.508557988007
2024-06-13T00:00:00,SPY,46.84854849297619,24876.965269914803
2024-06-14T00:00:00,SPY,46.77807361777456,24854.6631773309
2024-06-17T00:00:00,SPY,46.75665273434756,25041.001385654014
2024-06-18T00:00:00,SPY,46.47975054290548,24955.94658374885
2024-06-20T00:00:00,SPY,46.391312765729616,24840.800949916833
2024-06-21T00:00:00,SPY,46.4860884967719,24858.174793366685
2024-06-24T00:00:00,SPY,46.532899191274076,24802.319283226374
2024-06-25T00:00:00,SPY,46.64670298154023,24958.727841643264
2024-06-26T00:00:00,SPY,46.51238010120266,24917.917505310703
2024-06-27T00:00:00,SPY,46.468776118372695,24933.802594304918
2024-06-28T00:00:00,SPY,46.41390184368567,24806.355169054696
2024-07-01T00:00:00,SPY,46.551427986039904,24931.0656109105
2024-07-02T00:00:00,SPY,46.47957500868787,25060.099463628885
2024-07-03T00:00:00,SPY,46.2464734209415,25045.694481316383
2024-07-05T00:00:00,SPY,46.09225168808722,25106.118093912188
2024-07-08T00:00:00,SPY,45.894013696172735,25026.982709048945
2024-07-09T00:00:00,SPY,45.85434100226635,25029.66648222177
2024-07-10T00:00:00,SPY,45.820930455814754,25258.92215477508
2024-07-11T00:00:00,SPY,45.48421339014,24857.108737031154
2024-07-12T00:00:00,SPY,45.78080597672187,25177.00950533633
2024-07-15T00:00:00,SPY,45.565321975871655,25127.417303880236
2024-07-16T00:00:00,SPY,45.47171344334487,25224.50328269535
2024-07-17T00:00:00,SPY,45.27068013595198,24760.865367452396
2024-07-18T00:00:00,SPY,45.7528955482591,24832.303075298893
2024-07-19T00:00:00,SPY,46.018114838395974,24810.39529249586
2024-07-22T00:00:00,SPY,46.24876320377396,25191.82326207678
2024-07-23T00:00:00,SPY,45.894293240716046,24959.531825867227
2024-07-24T00:00:00,SPY,45.948215699467156,24422.542337746152
2024-07-25T00:00:00,SPY,46.74741046839738,24717.870185766253
2024-07-26T00:00:00,SPY,46.93069573909267,25092.703544483073
2024-07-29T00:00:00,SPY,46.54045670027041,24898.67847558102
2024-07-30T00:00:00,SPY,46.52008759137726,24761.688031784146
2024-07-31T00:00:00,SPY,46.69776357251195,25260.286461976066
2024-08-01T00:00:00,SPY,46.136954176786446,24603.513590467643
2024-08-02T00:00:00,SPY,46.634238579186764,24405.686062521585
2024-08-05T00:00:00,SPY,47.29928833674692,24032.813439844595
2024-08-06T00:00:00,SPY,48.37001314983694,24803.442464481555
2024-08-07T00:00:00,SPY,48.037252635590015,24468.159010053772
2024-08-08T00:00:00,SPY,48.280574149374814,25160.597289203266
2024-08-09T00:00:00,SPY,47.46171177030869,24842.935587306605
2024-08-12T00:00:00,SPY,47.30479393321908,24773.806998571352
2024-08-13T00:00:00,SPY,47.28619707448618,25171.32816449597
2024-08-14T00:00:00,SPY,46.712416518782746,24944.339185841472
2024-08-15T00:00:00,SPY,46.60223781877993,25312.049274643272
2024-08-16T00:00:00,SPY,46.013495780547096,25048.307496122154
2024-08-19T00:00:00,SPY,45.935636126439505,25245.013300084982
2024-08-20T00:00:00,SPY,45.60933672444078,25024.927756140416
2024-08-21T00:00:00,SPY,45.664862042282785,25141.49717909182
2024-08-22T00:00:00,SPY,45.5475210452496,24880.077610961725
2024-08-23T00:00:00,SPY,45.817808957931376,25293.65096349837
2024-08-26T00:00:00,SPY,45.45602336135474,25034.10860902096
2024-08-27T00:00:00,SPY,45.53751884399262,25113.424676000446
2024-08-28T00:00:00,SPY,45.49070697222843,24941.968229228285
2024-08-29T00:00:00,SPY,45.689902713328635,25053.426793358256
2024-08-30T00:00:00,SPY,45.686581482063644,25290.751919008522
2024-09-03T00:00:00,SPY,45.36257873509831,24594.624463396452
2024-09-04T00:00:00,SPY,-46.076834338114324,-24930.74247127823
2024-09-05T00:00:00,SPY,-46.079565447230266,-24871.58326134291
2024-09-06T00:00:00,SPY,-46.219991840346395,-24527.50868018013
2024-09-09T00:00:00,SPY,-47.20897120483596,-25332.81975372403
2024-09-10T00:00:00,SPY,-46.557154026273736,-25091.867907481213
2024-09-11T00:00:00,SPY,-46.303938920827925,-25211.41514615864
2024-09-12T00:00:00,SPY,-45.716095616155975,-25101.01607155795
2024-09-13T00:00:00,SPY,-45.23838891368475,-24968.44851198339
2024-09-16T00:00:00,SPY,-44.944282652047455,-24842.76295640855
2024-09-17T00:00:00,SPY,-44.86134666239945,-24807.05147883094
2024-09-18T00:00:00,SPY,-44.83833078465333,-24720.786095646123
2024-09-19T00:00:00,SPY,-45.005043990481575,-25236.116940160686
2024-09-20T00:00:00,SPY,-44.06180321928822,-24664.49527387637
2024-09-23T00:00:00,SPY,-44.157396834457344,-24779.7678947988
2024-09-24T00:00:00,SPY,-44.01983192482761,-24773.25392592583
2024-09-25T00:00:00,SPY,-43.8627343764585,-24630.400472415713
2024-09-26T00:00:00,SPY,-43.98387859588694,-24796.349142184383
2024-09-27T00:00:00,SPY,-43.766944151267985,-24638.265157614136
2024-09-30T00:00:00,SPY,-43.846218539344996,-24781.802968845965
2024-10-01T00:00:00,SPY,-43.6273999370756,-24437.231426997496
2024-10-02T00:00:00,SPY,-44.12030334727962,-24723.753414855302
2024-10-03T00:00:00,SPY,44.09665571631722,24665.3233431374
2024-10-04T00:00:00,SPY,44.17956249065403,24936.262043499573
2024-10-07T00:00:00,SPY,43.880971133297756,24543.815776373758
2024-10-08T00:00:00,SPY,44.180880491079115,24945.273697798933
2024-10-09T00:00:00,SPY,43.86997962566813,24941.30173022515
2024-10-10T00:00:00,SPY,43.643530027450915,24769.13640942329
2024-10-11T00:00:00,SPY,43.70069331395058,24950.092526511904
2024-10-14T00:00:00,SPY,43.50557942677723,25041.83700960342
2024-10-15T00:00:00,SPY,43.240953057656604,24696.1371112804
2024-10-16T00:00:00,SPY,43.49482902163492,24949.10274924663
2024-10-17T00:00:00,SPY,43.3535624402303,24870.203465182272
2024-10-18T00:00:00,SPY,43.35093952243392,24964.357158952942
2024-10-21T00:00:00,SPY,43.22635645829029,24851.735691179885
2024-10-22T00:00:00,SPY,43.27959684814118,24869.128894434936
2024-10-23T00:00:00,SPY,43.29688532977814,24651.730692967987
2024-10-24T00:00:00,SPY,43.59634943546304,24875.92159073123
2024-10-25T00:00:00,SPY,43.5254128306565,24826.867318854514
2024-10-28T00:00:00,SPY,43.5367346341654,24910.096496297705
2024-10-29T00:00:00,SPY,43.436080172122765,24892.723376395505
2024-10-30T00:00:00,SPY,43.38336732037859,24787.300340092912
2024-10-31T00:00:00,SPY,43.482067525802236,24356.682885195736
2024-11-01T00:00:00,SPY,44.13428888803519,24826.3644786878
2024-11-04T00:00:00,SPY,43.99416588654756,24694.23625721251
2024-11-05T00:00:00,SPY,44.06534787906434,25033.272927490743
2024-11-06T00:00:00,SPY,43.67044400721993,25425.817957637915
2024-11-07T00:00:00,SPY,42.87772582952934,25157.30963922243
2024-11-08T00:00:00,SPY,42.63136011387115,25121.11439973686
2024-11-11T00:00:00,SPY,42.49341631034724,25063.68498115363
2024-11-12T00:00:00,SPY,42.46312335186301,24968.01329692132
2024-11-13T00:00:00,SPY,42.56235209626335,25038.51939093826
2024-11-14T00:00:00,SPY,42.546791985808554,24868.423329898516
2024-11-15T00:00:00,SPY,42.75330131642709,24669.048887196765
2024-11-18T00:00:00,SPY,43.169582605283416,25011.31105038059
2024-11-19T00:00:00,SPY,43.03722078852175,25025.773512052547
2024-11-20T00:00:00,SPY,42.91941532419708,24965.726695292196
2024-11-21T00:00:00,SPY,42.90847219252999,25093.345420961326
2024-11-22T00:00:00,SPY,42.73665128883091,25070.330676670277
2024-11-25T00:00:00,SPY,42.63754301605531,25097.034508674737
2024-11-26T00:00:00,SPY,42.529566461546764,25164.192089326578
2024-11-27T00:00:00,SPY,42.36389488363745,24990.21181449898
2024-11-29T00:00:00,SPY,42.46038892398711,25202.728739799866
2024-12-02T00:00:00,SPY,42.263714306018926,25130.95019760303
2024-12-03T00:00:00,SPY,42.20696704221003,25108.84844058943
2024-12-04T00:00:00,SPY,42.19226350184292,25255.963425482798
2024-12-05T00:00:00,SPY,41.996982608922984,25097.698250278092
2024-12-06T00:00:00,SPY,42.04883040783209,25176.31887420921
2024-12-09T00:00:00,SPY,41.98912398406508,25011.104635635213
2024-12-10T00:00:00,SPY,42.15211048284134,25030.128511011022
2024-12-11T00:00:00,SPY,42.25059535387039,25282.561304616345
2024-12-12T00:00:00,SPY,42.007347508943184,25007.478552517587
2024-12-13T00:00:00,SPY,42.17034734116486,25099.531290988427
2024-12-16T00:00:00,SPY,42.17642518921076,25210.337763877673
2024-12-17T00:00:00,SPY,42.04192456066219,25026.405027844972
2024-12-18T00:00:00,SPY,42.17217827324966,24355.7559813437
2024-12-19T00:00:00,SPY,43.14376169494879,24909.220924869547
2024-12-20T00:00:00,SPY,43.15122921649583,25212.772828434834
2024-12-23T00:00:00,SPY,42.76712517682294,25137.983156050712
2024-12-24T00:00:00,SPY,42.57600549921725,25303.80308372855
2024-12-26T00:00:00,SPY,42.22502334159942,25096.8797180478
2024-12-27T00:00:00,SPY,42.222518125809245,24831.22165656067
2024-12-30T00:00:00,SPY,42.55940406577936,24743.721653267068
2024-12-30T00:00:00,SPY,42.55940406577936,24743.721653267068
